{"timestamp":"2025-12-29 21:59:03.000000","request_id":"3c9433d3-4e5a-4133-a2d3-70f417cba796","event":"request_start","endpoint":"/api/pois-for-route","method":"POST","ip_address":"127.0.0.1","user_id":null}
{"timestamp":"2025-12-29 21:59:03.000000","request_id":"3c9433d3-4e5a-4133-a2d3-70f417cba796","event":"debug","phase":"VALIDATION","message":"Polyline received","latency_ms":2,"data":{"point_count":1041}}
{"timestamp":"2025-12-29 21:59:03.000000","request_id":"3c9433d3-4e5a-4133-a2d3-70f417cba796","event":"debug","phase":"VALIDATION","message":"Input validated","latency_ms":3,"data":{"polyline_points":1041,"categories":["temple","fuel","charger","toll","restaurant","hospital"],"radius_km":3}}
{"timestamp":"2025-12-29 21:59:03.000000","request_id":"3c9433d3-4e5a-4133-a2d3-70f417cba796","event":"debug","phase":"BBOX_QUERY","message":"Executing spatial query","latency_ms":3,"data":{"min_lat":19.03780797297297,"max_lat":28.640936027027028,"min_lng":72.84751697297297,"max_lng":77.37201402702703,"categories":["temple","fuel","charger","toll","restaurant","hospital"]}}
{"timestamp":"2025-12-29 21:59:03.000000","request_id":"3c9433d3-4e5a-4133-a2d3-70f417cba796","event":"debug","phase":"BBOX_RESULT","message":"Bounding box query completed","latency_ms":87,"data":{"pois_in_bbox":0}}
{"timestamp":"2025-12-29 21:59:03.000000","request_id":"3c9433d3-4e5a-4133-a2d3-70f417cba796","event":"debug","phase":"DISTANCE_FILTER","message":"Starting distance-to-route filtering","latency_ms":87,"data":{"all_pois_count":0,"buffer_meters":3000}}
{"timestamp":"2025-12-29 21:59:03.000000","request_id":"3c9433d3-4e5a-4133-a2d3-70f417cba796","event":"debug","phase":"DISTANCE_FILTER","message":"Filtering complete","latency_ms":87,"data":{"filtered_pois_count":0}}
{"timestamp":"2025-12-29 21:59:03.000000","request_id":"3c9433d3-4e5a-4133-a2d3-70f417cba796","event":"response_error","endpoint":"/api/pois-for-route","http_code":200,"error_code":"POI_ZERO_RESULTS","message":"No POIs found within criteria","latency_ms":88,"user_id":null,"details":null}
{"timestamp":"2025-12-29 21:59:03.000000","request_id":"3c9433d3-4e5a-4133-a2d3-70f417cba796","event":"debug","phase":"RESPONSE","message":"Final POI count","latency_ms":88,"data":{"total_in_route":0,"returned":0,"by_category":[]}}
{"timestamp":"2025-12-29 22:00:28.000000","request_id":"e22f83b4-9f1e-4683-bf05-6eb4a898e9ce","event":"request_start","endpoint":"/api/pois-for-route","method":"POST","ip_address":"127.0.0.1","user_id":null}
{"timestamp":"2025-12-29 22:00:28.000000","request_id":"e22f83b4-9f1e-4683-bf05-6eb4a898e9ce","event":"debug","phase":"VALIDATION","message":"Polyline received","latency_ms":3,"data":{"point_count":1041}}
{"timestamp":"2025-12-29 22:00:28.000000","request_id":"e22f83b4-9f1e-4683-bf05-6eb4a898e9ce","event":"debug","phase":"VALIDATION","message":"Input validated","latency_ms":4,"data":{"polyline_points":1041,"categories":["temple","fuel","charger","toll","restaurant","hospital"],"radius_km":3}}
{"timestamp":"2025-12-29 22:00:28.000000","request_id":"e22f83b4-9f1e-4683-bf05-6eb4a898e9ce","event":"debug","phase":"BBOX_QUERY","message":"Executing spatial query","latency_ms":5,"data":{"min_lat":19.03780797297297,"max_lat":28.640936027027028,"min_lng":72.84751697297297,"max_lng":77.37201402702703,"categories":["temple","fuel","charger","toll","restaurant","hospital"]}}
{"timestamp":"2025-12-29 22:00:28.000000","request_id":"e22f83b4-9f1e-4683-bf05-6eb4a898e9ce","event":"debug","phase":"BBOX_RESULT","message":"Bounding box query completed","latency_ms":7,"data":{"pois_in_bbox":0}}
{"timestamp":"2025-12-29 22:00:28.000000","request_id":"e22f83b4-9f1e-4683-bf05-6eb4a898e9ce","event":"debug","phase":"DISTANCE_FILTER","message":"Starting distance-to-route filtering","latency_ms":7,"data":{"all_pois_count":0,"buffer_meters":3000}}
{"timestamp":"2025-12-29 22:00:28.000000","request_id":"e22f83b4-9f1e-4683-bf05-6eb4a898e9ce","event":"debug","phase":"DISTANCE_FILTER","message":"Filtering complete","latency_ms":8,"data":{"filtered_pois_count":0}}
{"timestamp":"2025-12-29 22:00:28.000000","request_id":"e22f83b4-9f1e-4683-bf05-6eb4a898e9ce","event":"response_error","endpoint":"/api/pois-for-route","http_code":200,"error_code":"POI_ZERO_RESULTS","message":"No POIs found within criteria","latency_ms":9,"user_id":null,"details":null}
{"timestamp":"2025-12-29 22:00:28.000000","request_id":"e22f83b4-9f1e-4683-bf05-6eb4a898e9ce","event":"debug","phase":"RESPONSE","message":"Final POI count","latency_ms":9,"data":{"total_in_route":0,"returned":0,"by_category":[]}}
{"timestamp":"2025-12-29 22:02:09.000000","request_id":"2c17d2e5-d283-4db8-924d-c6286299c7c1","event":"request_start","endpoint":"/api/pois-for-route","method":"POST","ip_address":"127.0.0.1","user_id":null}
{"timestamp":"2025-12-29 22:02:09.000000","request_id":"2c17d2e5-d283-4db8-924d-c6286299c7c1","event":"debug","phase":"VALIDATION","message":"Polyline received","latency_ms":1,"data":{"point_count":1041}}
{"timestamp":"2025-12-29 22:02:09.000000","request_id":"2c17d2e5-d283-4db8-924d-c6286299c7c1","event":"debug","phase":"VALIDATION","message":"Input validated","latency_ms":2,"data":{"polyline_points":1041,"categories":["fuel"],"radius_km":5}}
{"timestamp":"2025-12-29 22:02:09.000000","request_id":"2c17d2e5-d283-4db8-924d-c6286299c7c1","event":"debug","phase":"BBOX_QUERY","message":"Executing spatial query","latency_ms":2,"data":{"min_lat":19.019789954954952,"max_lat":28.658954045045046,"min_lng":72.82949895495496,"max_lng":77.39003204504505,"categories":["fuel"]}}
{"timestamp":"2025-12-29 22:02:09.000000","request_id":"2c17d2e5-d283-4db8-924d-c6286299c7c1","event":"debug","phase":"BBOX_RESULT","message":"Bounding box query completed","latency_ms":3,"data":{"pois_in_bbox":0}}
{"timestamp":"2025-12-29 22:02:09.000000","request_id":"2c17d2e5-d283-4db8-924d-c6286299c7c1","event":"debug","phase":"DISTANCE_FILTER","message":"Starting distance-to-route filtering","latency_ms":4,"data":{"all_pois_count":0,"buffer_meters":5000}}
{"timestamp":"2025-12-29 22:02:09.000000","request_id":"2c17d2e5-d283-4db8-924d-c6286299c7c1","event":"debug","phase":"DISTANCE_FILTER","message":"Filtering complete","latency_ms":4,"data":{"filtered_pois_count":0}}
{"timestamp":"2025-12-29 22:02:09.000000","request_id":"2c17d2e5-d283-4db8-924d-c6286299c7c1","event":"response_error","endpoint":"/api/pois-for-route","http_code":200,"error_code":"POI_ZERO_RESULTS","message":"No POIs found within criteria","latency_ms":5,"user_id":null,"details":null}
{"timestamp":"2025-12-29 22:02:09.000000","request_id":"2c17d2e5-d283-4db8-924d-c6286299c7c1","event":"debug","phase":"RESPONSE","message":"Final POI count","latency_ms":5,"data":{"total_in_route":0,"returned":0,"by_category":[]}}
{"timestamp":"2025-12-29 22:02:09.000000","request_id":"3d7826d9-c1e5-4819-a710-9044607e8f9f","event":"request_start","endpoint":"/api/pois-for-route","method":"POST","ip_address":"127.0.0.1","user_id":null}
{"timestamp":"2025-12-29 22:02:09.000000","request_id":"3d7826d9-c1e5-4819-a710-9044607e8f9f","event":"debug","phase":"VALIDATION","message":"Polyline received","latency_ms":1,"data":{"point_count":1041}}
{"timestamp":"2025-12-29 22:02:09.000000","request_id":"3d7826d9-c1e5-4819-a710-9044607e8f9f","event":"debug","phase":"VALIDATION","message":"Input validated","latency_ms":2,"data":{"polyline_points":1041,"categories":["restaurant","hospital","temple","fuel"],"radius_km":20}}
{"timestamp":"2025-12-29 22:02:09.000000","request_id":"3d7826d9-c1e5-4819-a710-9044607e8f9f","event":"debug","phase":"BBOX_QUERY","message":"Executing spatial query","latency_ms":2,"data":{"min_lat":18.88465481981982,"max_lat":28.79408918018018,"min_lng":72.69436381981981,"max_lng":77.52516718018019,"categories":["restaurant","hospital","temple","fuel"]}}
{"timestamp":"2025-12-29 22:02:09.000000","request_id":"3d7826d9-c1e5-4819-a710-9044607e8f9f","event":"debug","phase":"BBOX_RESULT","message":"Bounding box query completed","latency_ms":4,"data":{"pois_in_bbox":0}}
{"timestamp":"2025-12-29 22:02:09.000000","request_id":"3d7826d9-c1e5-4819-a710-9044607e8f9f","event":"debug","phase":"DISTANCE_FILTER","message":"Starting distance-to-route filtering","latency_ms":4,"data":{"all_pois_count":0,"buffer_meters":20000}}
{"timestamp":"2025-12-29 22:02:09.000000","request_id":"3d7826d9-c1e5-4819-a710-9044607e8f9f","event":"debug","phase":"DISTANCE_FILTER","message":"Filtering complete","latency_ms":5,"data":{"filtered_pois_count":0}}
{"timestamp":"2025-12-29 22:02:09.000000","request_id":"3d7826d9-c1e5-4819-a710-9044607e8f9f","event":"response_error","endpoint":"/api/pois-for-route","http_code":200,"error_code":"POI_ZERO_RESULTS","message":"No POIs found within criteria","latency_ms":6,"user_id":null,"details":null}
{"timestamp":"2025-12-29 22:02:09.000000","request_id":"3d7826d9-c1e5-4819-a710-9044607e8f9f","event":"debug","phase":"RESPONSE","message":"Final POI count","latency_ms":7,"data":{"total_in_route":0,"returned":0,"by_category":[]}}
{"timestamp":"2025-12-29 22:02:13.000000","request_id":"f4f3dd50-fe14-496f-b133-54a6ef747b01","event":"request_start","endpoint":"/api/pois-for-route","method":"POST","ip_address":"127.0.0.1","user_id":null}
{"timestamp":"2025-12-29 22:02:13.000000","request_id":"f4f3dd50-fe14-496f-b133-54a6ef747b01","event":"debug","phase":"VALIDATION","message":"Polyline received","latency_ms":2,"data":{"point_count":1041}}
{"timestamp":"2025-12-29 22:02:13.000000","request_id":"f4f3dd50-fe14-496f-b133-54a6ef747b01","event":"debug","phase":"VALIDATION","message":"Input validated","latency_ms":2,"data":{"polyline_points":1041,"categories":["fuel"],"radius_km":5}}
{"timestamp":"2025-12-29 22:02:13.000000","request_id":"f4f3dd50-fe14-496f-b133-54a6ef747b01","event":"debug","phase":"BBOX_QUERY","message":"Executing spatial query","latency_ms":3,"data":{"min_lat":19.019789954954952,"max_lat":28.658954045045046,"min_lng":72.82949895495496,"max_lng":77.39003204504505,"categories":["fuel"]}}
{"timestamp":"2025-12-29 22:02:13.000000","request_id":"f4f3dd50-fe14-496f-b133-54a6ef747b01","event":"debug","phase":"BBOX_RESULT","message":"Bounding box query completed","latency_ms":4,"data":{"pois_in_bbox":0}}
{"timestamp":"2025-12-29 22:02:13.000000","request_id":"f4f3dd50-fe14-496f-b133-54a6ef747b01","event":"debug","phase":"DISTANCE_FILTER","message":"Starting distance-to-route filtering","latency_ms":4,"data":{"all_pois_count":0,"buffer_meters":5000}}
{"timestamp":"2025-12-29 22:02:13.000000","request_id":"f4f3dd50-fe14-496f-b133-54a6ef747b01","event":"debug","phase":"DISTANCE_FILTER","message":"Filtering complete","latency_ms":4,"data":{"filtered_pois_count":0}}
{"timestamp":"2025-12-29 22:02:13.000000","request_id":"f4f3dd50-fe14-496f-b133-54a6ef747b01","event":"response_error","endpoint":"/api/pois-for-route","http_code":200,"error_code":"POI_ZERO_RESULTS","message":"No POIs found within criteria","latency_ms":5,"user_id":null,"details":null}
{"timestamp":"2025-12-29 22:02:13.000000","request_id":"f4f3dd50-fe14-496f-b133-54a6ef747b01","event":"debug","phase":"RESPONSE","message":"Final POI count","latency_ms":5,"data":{"total_in_route":0,"returned":0,"by_category":[]}}
{"timestamp":"2025-12-29 22:02:13.000000","request_id":"05e489e9-2aca-401d-80a3-4a7e6d43b415","event":"request_start","endpoint":"/api/pois-for-route","method":"POST","ip_address":"127.0.0.1","user_id":null}
{"timestamp":"2025-12-29 22:02:13.000000","request_id":"05e489e9-2aca-401d-80a3-4a7e6d43b415","event":"debug","phase":"VALIDATION","message":"Polyline received","latency_ms":1,"data":{"point_count":1041}}
{"timestamp":"2025-12-29 22:02:13.000000","request_id":"05e489e9-2aca-401d-80a3-4a7e6d43b415","event":"debug","phase":"VALIDATION","message":"Input validated","latency_ms":1,"data":{"polyline_points":1041,"categories":["restaurant","hospital","temple","fuel"],"radius_km":20}}
{"timestamp":"2025-12-29 22:02:13.000000","request_id":"05e489e9-2aca-401d-80a3-4a7e6d43b415","event":"debug","phase":"BBOX_QUERY","message":"Executing spatial query","latency_ms":1,"data":{"min_lat":18.88465481981982,"max_lat":28.79408918018018,"min_lng":72.69436381981981,"max_lng":77.52516718018019,"categories":["restaurant","hospital","temple","fuel"]}}
{"timestamp":"2025-12-29 22:02:13.000000","request_id":"05e489e9-2aca-401d-80a3-4a7e6d43b415","event":"debug","phase":"BBOX_RESULT","message":"Bounding box query completed","latency_ms":3,"data":{"pois_in_bbox":0}}
{"timestamp":"2025-12-29 22:02:13.000000","request_id":"05e489e9-2aca-401d-80a3-4a7e6d43b415","event":"debug","phase":"DISTANCE_FILTER","message":"Starting distance-to-route filtering","latency_ms":4,"data":{"all_pois_count":0,"buffer_meters":20000}}
{"timestamp":"2025-12-29 22:02:13.000000","request_id":"05e489e9-2aca-401d-80a3-4a7e6d43b415","event":"debug","phase":"DISTANCE_FILTER","message":"Filtering complete","latency_ms":5,"data":{"filtered_pois_count":0}}
{"timestamp":"2025-12-29 22:02:13.000000","request_id":"05e489e9-2aca-401d-80a3-4a7e6d43b415","event":"response_error","endpoint":"/api/pois-for-route","http_code":200,"error_code":"POI_ZERO_RESULTS","message":"No POIs found within criteria","latency_ms":5,"user_id":null,"details":null}
{"timestamp":"2025-12-29 22:02:13.000000","request_id":"05e489e9-2aca-401d-80a3-4a7e6d43b415","event":"debug","phase":"RESPONSE","message":"Final POI count","latency_ms":6,"data":{"total_in_route":0,"returned":0,"by_category":[]}}
{"timestamp":"2025-12-29 22:02:13.000000","request_id":"e0ada836-2fe0-467c-b2e6-f93484db9c96","event":"request_start","endpoint":"/api/pois-for-route","method":"POST","ip_address":"127.0.0.1","user_id":null}
{"timestamp":"2025-12-29 22:02:13.000000","request_id":"e0ada836-2fe0-467c-b2e6-f93484db9c96","event":"debug","phase":"VALIDATION","message":"Polyline received","latency_ms":1,"data":{"point_count":1041}}
{"timestamp":"2025-12-29 22:02:13.000000","request_id":"e0ada836-2fe0-467c-b2e6-f93484db9c96","event":"debug","phase":"VALIDATION","message":"Input validated","latency_ms":1,"data":{"polyline_points":1041,"categories":["fuel"],"radius_km":5}}
{"timestamp":"2025-12-29 22:02:13.000000","request_id":"e0ada836-2fe0-467c-b2e6-f93484db9c96","event":"debug","phase":"BBOX_QUERY","message":"Executing spatial query","latency_ms":1,"data":{"min_lat":19.019789954954952,"max_lat":28.658954045045046,"min_lng":72.82949895495496,"max_lng":77.39003204504505,"categories":["fuel"]}}
{"timestamp":"2025-12-29 22:02:13.000000","request_id":"e0ada836-2fe0-467c-b2e6-f93484db9c96","event":"debug","phase":"BBOX_RESULT","message":"Bounding box query completed","latency_ms":2,"data":{"pois_in_bbox":0}}
{"timestamp":"2025-12-29 22:02:13.000000","request_id":"e0ada836-2fe0-467c-b2e6-f93484db9c96","event":"debug","phase":"DISTANCE_FILTER","message":"Starting distance-to-route filtering","latency_ms":3,"data":{"all_pois_count":0,"buffer_meters":5000}}
{"timestamp":"2025-12-29 22:02:13.000000","request_id":"e0ada836-2fe0-467c-b2e6-f93484db9c96","event":"debug","phase":"DISTANCE_FILTER","message":"Filtering complete","latency_ms":3,"data":{"filtered_pois_count":0}}
{"timestamp":"2025-12-29 22:02:13.000000","request_id":"e0ada836-2fe0-467c-b2e6-f93484db9c96","event":"response_error","endpoint":"/api/pois-for-route","http_code":200,"error_code":"POI_ZERO_RESULTS","message":"No POIs found within criteria","latency_ms":3,"user_id":null,"details":null}
{"timestamp":"2025-12-29 22:02:13.000000","request_id":"e0ada836-2fe0-467c-b2e6-f93484db9c96","event":"debug","phase":"RESPONSE","message":"Final POI count","latency_ms":3,"data":{"total_in_route":0,"returned":0,"by_category":[]}}
{"timestamp":"2025-12-29 22:02:13.000000","request_id":"b109be37-b457-41da-aaf6-1a8cb1644e8f","event":"request_start","endpoint":"/api/pois-for-route","method":"POST","ip_address":"127.0.0.1","user_id":null}
{"timestamp":"2025-12-29 22:02:13.000000","request_id":"b109be37-b457-41da-aaf6-1a8cb1644e8f","event":"debug","phase":"VALIDATION","message":"Polyline received","latency_ms":1,"data":{"point_count":1041}}
{"timestamp":"2025-12-29 22:02:13.000000","request_id":"b109be37-b457-41da-aaf6-1a8cb1644e8f","event":"debug","phase":"VALIDATION","message":"Input validated","latency_ms":2,"data":{"polyline_points":1041,"categories":["restaurant","hospital","temple","fuel"],"radius_km":20}}
{"timestamp":"2025-12-29 22:02:13.000000","request_id":"b109be37-b457-41da-aaf6-1a8cb1644e8f","event":"debug","phase":"BBOX_QUERY","message":"Executing spatial query","latency_ms":3,"data":{"min_lat":18.88465481981982,"max_lat":28.79408918018018,"min_lng":72.69436381981981,"max_lng":77.52516718018019,"categories":["restaurant","hospital","temple","fuel"]}}
{"timestamp":"2025-12-29 22:02:13.000000","request_id":"b109be37-b457-41da-aaf6-1a8cb1644e8f","event":"debug","phase":"BBOX_RESULT","message":"Bounding box query completed","latency_ms":5,"data":{"pois_in_bbox":0}}
{"timestamp":"2025-12-29 22:02:13.000000","request_id":"b109be37-b457-41da-aaf6-1a8cb1644e8f","event":"debug","phase":"DISTANCE_FILTER","message":"Starting distance-to-route filtering","latency_ms":5,"data":{"all_pois_count":0,"buffer_meters":20000}}
{"timestamp":"2025-12-29 22:02:13.000000","request_id":"b109be37-b457-41da-aaf6-1a8cb1644e8f","event":"debug","phase":"DISTANCE_FILTER","message":"Filtering complete","latency_ms":6,"data":{"filtered_pois_count":0}}
{"timestamp":"2025-12-29 22:02:13.000000","request_id":"b109be37-b457-41da-aaf6-1a8cb1644e8f","event":"response_error","endpoint":"/api/pois-for-route","http_code":200,"error_code":"POI_ZERO_RESULTS","message":"No POIs found within criteria","latency_ms":7,"user_id":null,"details":null}
{"timestamp":"2025-12-29 22:02:13.000000","request_id":"b109be37-b457-41da-aaf6-1a8cb1644e8f","event":"debug","phase":"RESPONSE","message":"Final POI count","latency_ms":8,"data":{"total_in_route":0,"returned":0,"by_category":[]}}
{"timestamp":"2025-12-29 22:02:14.000000","request_id":"a84b581a-23b8-47f0-8173-374e6f21ad97","event":"request_start","endpoint":"/api/pois-for-route","method":"POST","ip_address":"127.0.0.1","user_id":null}
{"timestamp":"2025-12-29 22:02:14.000000","request_id":"a84b581a-23b8-47f0-8173-374e6f21ad97","event":"debug","phase":"VALIDATION","message":"Polyline received","latency_ms":0,"data":{"point_count":1041}}
{"timestamp":"2025-12-29 22:02:14.000000","request_id":"a84b581a-23b8-47f0-8173-374e6f21ad97","event":"debug","phase":"VALIDATION","message":"Input validated","latency_ms":1,"data":{"polyline_points":1041,"categories":["fuel"],"radius_km":5}}
{"timestamp":"2025-12-29 22:02:14.000000","request_id":"a84b581a-23b8-47f0-8173-374e6f21ad97","event":"debug","phase":"BBOX_QUERY","message":"Executing spatial query","latency_ms":1,"data":{"min_lat":19.019789954954952,"max_lat":28.658954045045046,"min_lng":72.82949895495496,"max_lng":77.39003204504505,"categories":["fuel"]}}
{"timestamp":"2025-12-29 22:02:14.000000","request_id":"a84b581a-23b8-47f0-8173-374e6f21ad97","event":"debug","phase":"BBOX_RESULT","message":"Bounding box query completed","latency_ms":2,"data":{"pois_in_bbox":0}}
{"timestamp":"2025-12-29 22:02:14.000000","request_id":"a84b581a-23b8-47f0-8173-374e6f21ad97","event":"debug","phase":"DISTANCE_FILTER","message":"Starting distance-to-route filtering","latency_ms":2,"data":{"all_pois_count":0,"buffer_meters":5000}}
{"timestamp":"2025-12-29 22:02:14.000000","request_id":"a84b581a-23b8-47f0-8173-374e6f21ad97","event":"debug","phase":"DISTANCE_FILTER","message":"Filtering complete","latency_ms":2,"data":{"filtered_pois_count":0}}
{"timestamp":"2025-12-29 22:02:14.000000","request_id":"a84b581a-23b8-47f0-8173-374e6f21ad97","event":"response_error","endpoint":"/api/pois-for-route","http_code":200,"error_code":"POI_ZERO_RESULTS","message":"No POIs found within criteria","latency_ms":3,"user_id":null,"details":null}
{"timestamp":"2025-12-29 22:02:14.000000","request_id":"a84b581a-23b8-47f0-8173-374e6f21ad97","event":"debug","phase":"RESPONSE","message":"Final POI count","latency_ms":3,"data":{"total_in_route":0,"returned":0,"by_category":[]}}
{"timestamp":"2025-12-29 22:02:14.000000","request_id":"42cad3b3-10f4-457d-bfc6-4b2464d85da6","event":"request_start","endpoint":"/api/pois-for-route","method":"POST","ip_address":"127.0.0.1","user_id":null}
{"timestamp":"2025-12-29 22:02:14.000000","request_id":"42cad3b3-10f4-457d-bfc6-4b2464d85da6","event":"debug","phase":"VALIDATION","message":"Polyline received","latency_ms":1,"data":{"point_count":1041}}
{"timestamp":"2025-12-29 22:02:14.000000","request_id":"42cad3b3-10f4-457d-bfc6-4b2464d85da6","event":"debug","phase":"VALIDATION","message":"Input validated","latency_ms":2,"data":{"polyline_points":1041,"categories":["restaurant","hospital","temple","fuel"],"radius_km":20}}
{"timestamp":"2025-12-29 22:02:14.000000","request_id":"42cad3b3-10f4-457d-bfc6-4b2464d85da6","event":"debug","phase":"BBOX_QUERY","message":"Executing spatial query","latency_ms":4,"data":{"min_lat":18.88465481981982,"max_lat":28.79408918018018,"min_lng":72.69436381981981,"max_lng":77.52516718018019,"categories":["restaurant","hospital","temple","fuel"]}}
{"timestamp":"2025-12-29 22:02:14.000000","request_id":"42cad3b3-10f4-457d-bfc6-4b2464d85da6","event":"debug","phase":"BBOX_RESULT","message":"Bounding box query completed","latency_ms":6,"data":{"pois_in_bbox":0}}
{"timestamp":"2025-12-29 22:02:14.000000","request_id":"42cad3b3-10f4-457d-bfc6-4b2464d85da6","event":"debug","phase":"DISTANCE_FILTER","message":"Starting distance-to-route filtering","latency_ms":6,"data":{"all_pois_count":0,"buffer_meters":20000}}
{"timestamp":"2025-12-29 22:02:14.000000","request_id":"42cad3b3-10f4-457d-bfc6-4b2464d85da6","event":"debug","phase":"DISTANCE_FILTER","message":"Filtering complete","latency_ms":7,"data":{"filtered_pois_count":0}}
{"timestamp":"2025-12-29 22:02:14.000000","request_id":"42cad3b3-10f4-457d-bfc6-4b2464d85da6","event":"response_error","endpoint":"/api/pois-for-route","http_code":200,"error_code":"POI_ZERO_RESULTS","message":"No POIs found within criteria","latency_ms":8,"user_id":null,"details":null}
{"timestamp":"2025-12-29 22:02:14.000000","request_id":"42cad3b3-10f4-457d-bfc6-4b2464d85da6","event":"debug","phase":"RESPONSE","message":"Final POI count","latency_ms":8,"data":{"total_in_route":0,"returned":0,"by_category":[]}}
{"timestamp":"2025-12-29 22:02:18.000000","request_id":"1612c6a5-801f-4866-a33a-db7a199190eb","event":"request_start","endpoint":"/api/pois-for-route","method":"POST","ip_address":"127.0.0.1","user_id":null}
{"timestamp":"2025-12-29 22:02:18.000000","request_id":"1612c6a5-801f-4866-a33a-db7a199190eb","event":"debug","phase":"VALIDATION","message":"Polyline received","latency_ms":1,"data":{"point_count":1041}}
{"timestamp":"2025-12-29 22:02:18.000000","request_id":"1612c6a5-801f-4866-a33a-db7a199190eb","event":"debug","phase":"VALIDATION","message":"Input validated","latency_ms":2,"data":{"polyline_points":1041,"categories":["fuel"],"radius_km":5}}
{"timestamp":"2025-12-29 22:02:18.000000","request_id":"1612c6a5-801f-4866-a33a-db7a199190eb","event":"debug","phase":"BBOX_QUERY","message":"Executing spatial query","latency_ms":3,"data":{"min_lat":19.019789954954952,"max_lat":28.658954045045046,"min_lng":72.82949895495496,"max_lng":77.39003204504505,"categories":["fuel"]}}
{"timestamp":"2025-12-29 22:02:18.000000","request_id":"1612c6a5-801f-4866-a33a-db7a199190eb","event":"debug","phase":"BBOX_RESULT","message":"Bounding box query completed","latency_ms":4,"data":{"pois_in_bbox":0}}
{"timestamp":"2025-12-29 22:02:18.000000","request_id":"1612c6a5-801f-4866-a33a-db7a199190eb","event":"debug","phase":"DISTANCE_FILTER","message":"Starting distance-to-route filtering","latency_ms":5,"data":{"all_pois_count":0,"buffer_meters":5000}}
{"timestamp":"2025-12-29 22:02:18.000000","request_id":"1612c6a5-801f-4866-a33a-db7a199190eb","event":"debug","phase":"DISTANCE_FILTER","message":"Filtering complete","latency_ms":5,"data":{"filtered_pois_count":0}}
{"timestamp":"2025-12-29 22:02:18.000000","request_id":"1612c6a5-801f-4866-a33a-db7a199190eb","event":"response_error","endpoint":"/api/pois-for-route","http_code":200,"error_code":"POI_ZERO_RESULTS","message":"No POIs found within criteria","latency_ms":5,"user_id":null,"details":null}
{"timestamp":"2025-12-29 22:02:18.000000","request_id":"1612c6a5-801f-4866-a33a-db7a199190eb","event":"debug","phase":"RESPONSE","message":"Final POI count","latency_ms":6,"data":{"total_in_route":0,"returned":0,"by_category":[]}}
{"timestamp":"2025-12-29 22:02:18.000000","request_id":"70c6ef85-c341-485b-9fc1-e62f6799086e","event":"request_start","endpoint":"/api/pois-for-route","method":"POST","ip_address":"127.0.0.1","user_id":null}
{"timestamp":"2025-12-29 22:02:18.000000","request_id":"70c6ef85-c341-485b-9fc1-e62f6799086e","event":"debug","phase":"VALIDATION","message":"Polyline received","latency_ms":1,"data":{"point_count":1041}}
{"timestamp":"2025-12-29 22:02:18.000000","request_id":"70c6ef85-c341-485b-9fc1-e62f6799086e","event":"debug","phase":"VALIDATION","message":"Input validated","latency_ms":1,"data":{"polyline_points":1041,"categories":["restaurant","hospital","temple","fuel"],"radius_km":20}}
{"timestamp":"2025-12-29 22:02:18.000000","request_id":"70c6ef85-c341-485b-9fc1-e62f6799086e","event":"debug","phase":"BBOX_QUERY","message":"Executing spatial query","latency_ms":2,"data":{"min_lat":18.88465481981982,"max_lat":28.79408918018018,"min_lng":72.69436381981981,"max_lng":77.52516718018019,"categories":["restaurant","hospital","temple","fuel"]}}
{"timestamp":"2025-12-29 22:02:18.000000","request_id":"70c6ef85-c341-485b-9fc1-e62f6799086e","event":"debug","phase":"BBOX_RESULT","message":"Bounding box query completed","latency_ms":3,"data":{"pois_in_bbox":0}}
{"timestamp":"2025-12-29 22:02:18.000000","request_id":"70c6ef85-c341-485b-9fc1-e62f6799086e","event":"debug","phase":"DISTANCE_FILTER","message":"Starting distance-to-route filtering","latency_ms":3,"data":{"all_pois_count":0,"buffer_meters":20000}}
{"timestamp":"2025-12-29 22:02:18.000000","request_id":"70c6ef85-c341-485b-9fc1-e62f6799086e","event":"debug","phase":"DISTANCE_FILTER","message":"Filtering complete","latency_ms":3,"data":{"filtered_pois_count":0}}
{"timestamp":"2025-12-29 22:02:18.000000","request_id":"70c6ef85-c341-485b-9fc1-e62f6799086e","event":"response_error","endpoint":"/api/pois-for-route","http_code":200,"error_code":"POI_ZERO_RESULTS","message":"No POIs found within criteria","latency_ms":3,"user_id":null,"details":null}
{"timestamp":"2025-12-29 22:02:18.000000","request_id":"70c6ef85-c341-485b-9fc1-e62f6799086e","event":"debug","phase":"RESPONSE","message":"Final POI count","latency_ms":4,"data":{"total_in_route":0,"returned":0,"by_category":[]}}
{"timestamp":"2025-12-29 22:02:19.000000","request_id":"f8fd3458-eabe-4431-aca6-4bf2ef146171","event":"request_start","endpoint":"/api/pois-for-route","method":"POST","ip_address":"127.0.0.1","user_id":null}
{"timestamp":"2025-12-29 22:02:19.000000","request_id":"f8fd3458-eabe-4431-aca6-4bf2ef146171","event":"debug","phase":"VALIDATION","message":"Polyline received","latency_ms":1,"data":{"point_count":1041}}
{"timestamp":"2025-12-29 22:02:19.000000","request_id":"f8fd3458-eabe-4431-aca6-4bf2ef146171","event":"debug","phase":"VALIDATION","message":"Input validated","latency_ms":2,"data":{"polyline_points":1041,"categories":["fuel"],"radius_km":5}}
{"timestamp":"2025-12-29 22:02:19.000000","request_id":"f8fd3458-eabe-4431-aca6-4bf2ef146171","event":"debug","phase":"BBOX_QUERY","message":"Executing spatial query","latency_ms":2,"data":{"min_lat":19.019789954954952,"max_lat":28.658954045045046,"min_lng":72.82949895495496,"max_lng":77.39003204504505,"categories":["fuel"]}}
{"timestamp":"2025-12-29 22:02:19.000000","request_id":"f8fd3458-eabe-4431-aca6-4bf2ef146171","event":"debug","phase":"BBOX_RESULT","message":"Bounding box query completed","latency_ms":4,"data":{"pois_in_bbox":0}}
{"timestamp":"2025-12-29 22:02:19.000000","request_id":"f8fd3458-eabe-4431-aca6-4bf2ef146171","event":"debug","phase":"DISTANCE_FILTER","message":"Starting distance-to-route filtering","latency_ms":4,"data":{"all_pois_count":0,"buffer_meters":5000}}
{"timestamp":"2025-12-29 22:02:19.000000","request_id":"f8fd3458-eabe-4431-aca6-4bf2ef146171","event":"debug","phase":"DISTANCE_FILTER","message":"Filtering complete","latency_ms":4,"data":{"filtered_pois_count":0}}
{"timestamp":"2025-12-29 22:02:19.000000","request_id":"f8fd3458-eabe-4431-aca6-4bf2ef146171","event":"response_error","endpoint":"/api/pois-for-route","http_code":200,"error_code":"POI_ZERO_RESULTS","message":"No POIs found within criteria","latency_ms":4,"user_id":null,"details":null}
{"timestamp":"2025-12-29 22:02:19.000000","request_id":"f8fd3458-eabe-4431-aca6-4bf2ef146171","event":"debug","phase":"RESPONSE","message":"Final POI count","latency_ms":5,"data":{"total_in_route":0,"returned":0,"by_category":[]}}
{"timestamp":"2025-12-29 22:02:19.000000","request_id":"5315e52c-8d94-4783-9c38-016aca9bd467","event":"request_start","endpoint":"/api/pois-for-route","method":"POST","ip_address":"127.0.0.1","user_id":null}
{"timestamp":"2025-12-29 22:02:19.000000","request_id":"5315e52c-8d94-4783-9c38-016aca9bd467","event":"debug","phase":"VALIDATION","message":"Polyline received","latency_ms":2,"data":{"point_count":1041}}
{"timestamp":"2025-12-29 22:02:19.000000","request_id":"5315e52c-8d94-4783-9c38-016aca9bd467","event":"debug","phase":"VALIDATION","message":"Input validated","latency_ms":3,"data":{"polyline_points":1041,"categories":["restaurant","hospital","temple","fuel"],"radius_km":20}}
{"timestamp":"2025-12-29 22:02:19.000000","request_id":"5315e52c-8d94-4783-9c38-016aca9bd467","event":"debug","phase":"BBOX_QUERY","message":"Executing spatial query","latency_ms":3,"data":{"min_lat":18.88465481981982,"max_lat":28.79408918018018,"min_lng":72.69436381981981,"max_lng":77.52516718018019,"categories":["restaurant","hospital","temple","fuel"]}}
{"timestamp":"2025-12-29 22:02:19.000000","request_id":"5315e52c-8d94-4783-9c38-016aca9bd467","event":"debug","phase":"BBOX_RESULT","message":"Bounding box query completed","latency_ms":5,"data":{"pois_in_bbox":0}}
{"timestamp":"2025-12-29 22:02:19.000000","request_id":"5315e52c-8d94-4783-9c38-016aca9bd467","event":"debug","phase":"DISTANCE_FILTER","message":"Starting distance-to-route filtering","latency_ms":6,"data":{"all_pois_count":0,"buffer_meters":20000}}
{"timestamp":"2025-12-29 22:02:19.000000","request_id":"5315e52c-8d94-4783-9c38-016aca9bd467","event":"debug","phase":"DISTANCE_FILTER","message":"Filtering complete","latency_ms":6,"data":{"filtered_pois_count":0}}
{"timestamp":"2025-12-29 22:02:19.000000","request_id":"5315e52c-8d94-4783-9c38-016aca9bd467","event":"response_error","endpoint":"/api/pois-for-route","http_code":200,"error_code":"POI_ZERO_RESULTS","message":"No POIs found within criteria","latency_ms":7,"user_id":null,"details":null}
{"timestamp":"2025-12-29 22:02:19.000000","request_id":"5315e52c-8d94-4783-9c38-016aca9bd467","event":"debug","phase":"RESPONSE","message":"Final POI count","latency_ms":7,"data":{"total_in_route":0,"returned":0,"by_category":[]}}
{"timestamp":"2025-12-29 22:02:19.000000","request_id":"135b1faf-5404-4a42-b74e-32499f213d26","event":"request_start","endpoint":"/api/pois-for-route","method":"POST","ip_address":"127.0.0.1","user_id":null}
{"timestamp":"2025-12-29 22:02:19.000000","request_id":"135b1faf-5404-4a42-b74e-32499f213d26","event":"debug","phase":"VALIDATION","message":"Polyline received","latency_ms":0,"data":{"point_count":1041}}
{"timestamp":"2025-12-29 22:02:19.000000","request_id":"135b1faf-5404-4a42-b74e-32499f213d26","event":"debug","phase":"VALIDATION","message":"Input validated","latency_ms":1,"data":{"polyline_points":1041,"categories":["fuel"],"radius_km":5}}
{"timestamp":"2025-12-29 22:02:19.000000","request_id":"135b1faf-5404-4a42-b74e-32499f213d26","event":"debug","phase":"BBOX_QUERY","message":"Executing spatial query","latency_ms":1,"data":{"min_lat":19.019789954954952,"max_lat":28.658954045045046,"min_lng":72.82949895495496,"max_lng":77.39003204504505,"categories":["fuel"]}}
{"timestamp":"2025-12-29 22:02:19.000000","request_id":"135b1faf-5404-4a42-b74e-32499f213d26","event":"debug","phase":"BBOX_RESULT","message":"Bounding box query completed","latency_ms":2,"data":{"pois_in_bbox":0}}
{"timestamp":"2025-12-29 22:02:19.000000","request_id":"135b1faf-5404-4a42-b74e-32499f213d26","event":"debug","phase":"DISTANCE_FILTER","message":"Starting distance-to-route filtering","latency_ms":2,"data":{"all_pois_count":0,"buffer_meters":5000}}
{"timestamp":"2025-12-29 22:02:19.000000","request_id":"135b1faf-5404-4a42-b74e-32499f213d26","event":"debug","phase":"DISTANCE_FILTER","message":"Filtering complete","latency_ms":2,"data":{"filtered_pois_count":0}}
{"timestamp":"2025-12-29 22:02:19.000000","request_id":"135b1faf-5404-4a42-b74e-32499f213d26","event":"response_error","endpoint":"/api/pois-for-route","http_code":200,"error_code":"POI_ZERO_RESULTS","message":"No POIs found within criteria","latency_ms":2,"user_id":null,"details":null}
{"timestamp":"2025-12-29 22:02:19.000000","request_id":"135b1faf-5404-4a42-b74e-32499f213d26","event":"debug","phase":"RESPONSE","message":"Final POI count","latency_ms":3,"data":{"total_in_route":0,"returned":0,"by_category":[]}}
{"timestamp":"2025-12-29 22:02:19.000000","request_id":"6c675db7-d12e-430c-bc8d-98705aca75a0","event":"request_start","endpoint":"/api/pois-for-route","method":"POST","ip_address":"127.0.0.1","user_id":null}
{"timestamp":"2025-12-29 22:02:19.000000","request_id":"6c675db7-d12e-430c-bc8d-98705aca75a0","event":"debug","phase":"VALIDATION","message":"Polyline received","latency_ms":0,"data":{"point_count":1041}}
{"timestamp":"2025-12-29 22:02:19.000000","request_id":"6c675db7-d12e-430c-bc8d-98705aca75a0","event":"debug","phase":"VALIDATION","message":"Input validated","latency_ms":0,"data":{"polyline_points":1041,"categories":["restaurant","hospital","temple","fuel"],"radius_km":20}}
{"timestamp":"2025-12-29 22:02:19.000000","request_id":"6c675db7-d12e-430c-bc8d-98705aca75a0","event":"debug","phase":"BBOX_QUERY","message":"Executing spatial query","latency_ms":1,"data":{"min_lat":18.88465481981982,"max_lat":28.79408918018018,"min_lng":72.69436381981981,"max_lng":77.52516718018019,"categories":["restaurant","hospital","temple","fuel"]}}
{"timestamp":"2025-12-29 22:02:19.000000","request_id":"6c675db7-d12e-430c-bc8d-98705aca75a0","event":"debug","phase":"BBOX_RESULT","message":"Bounding box query completed","latency_ms":1,"data":{"pois_in_bbox":0}}
{"timestamp":"2025-12-29 22:02:19.000000","request_id":"6c675db7-d12e-430c-bc8d-98705aca75a0","event":"debug","phase":"DISTANCE_FILTER","message":"Starting distance-to-route filtering","latency_ms":1,"data":{"all_pois_count":0,"buffer_meters":20000}}
{"timestamp":"2025-12-29 22:02:19.000000","request_id":"6c675db7-d12e-430c-bc8d-98705aca75a0","event":"debug","phase":"DISTANCE_FILTER","message":"Filtering complete","latency_ms":2,"data":{"filtered_pois_count":0}}
{"timestamp":"2025-12-29 22:02:19.000000","request_id":"6c675db7-d12e-430c-bc8d-98705aca75a0","event":"response_error","endpoint":"/api/pois-for-route","http_code":200,"error_code":"POI_ZERO_RESULTS","message":"No POIs found within criteria","latency_ms":2,"user_id":null,"details":null}
{"timestamp":"2025-12-29 22:02:19.000000","request_id":"6c675db7-d12e-430c-bc8d-98705aca75a0","event":"debug","phase":"RESPONSE","message":"Final POI count","latency_ms":2,"data":{"total_in_route":0,"returned":0,"by_category":[]}}
{"timestamp":"2025-12-29 22:02:19.000000","request_id":"73891974-dd40-490f-949d-68e4ac29a73c","event":"request_start","endpoint":"/api/pois-for-route","method":"POST","ip_address":"127.0.0.1","user_id":null}
{"timestamp":"2025-12-29 22:02:19.000000","request_id":"73891974-dd40-490f-949d-68e4ac29a73c","event":"debug","phase":"VALIDATION","message":"Polyline received","latency_ms":1,"data":{"point_count":1041}}
{"timestamp":"2025-12-29 22:02:19.000000","request_id":"73891974-dd40-490f-949d-68e4ac29a73c","event":"debug","phase":"VALIDATION","message":"Input validated","latency_ms":1,"data":{"polyline_points":1041,"categories":["fuel"],"radius_km":5}}
{"timestamp":"2025-12-29 22:02:19.000000","request_id":"73891974-dd40-490f-949d-68e4ac29a73c","event":"debug","phase":"BBOX_QUERY","message":"Executing spatial query","latency_ms":1,"data":{"min_lat":19.019789954954952,"max_lat":28.658954045045046,"min_lng":72.82949895495496,"max_lng":77.39003204504505,"categories":["fuel"]}}
{"timestamp":"2025-12-29 22:02:19.000000","request_id":"73891974-dd40-490f-949d-68e4ac29a73c","event":"debug","phase":"BBOX_RESULT","message":"Bounding box query completed","latency_ms":2,"data":{"pois_in_bbox":0}}
{"timestamp":"2025-12-29 22:02:19.000000","request_id":"73891974-dd40-490f-949d-68e4ac29a73c","event":"debug","phase":"DISTANCE_FILTER","message":"Starting distance-to-route filtering","latency_ms":2,"data":{"all_pois_count":0,"buffer_meters":5000}}
{"timestamp":"2025-12-29 22:02:19.000000","request_id":"73891974-dd40-490f-949d-68e4ac29a73c","event":"debug","phase":"DISTANCE_FILTER","message":"Filtering complete","latency_ms":2,"data":{"filtered_pois_count":0}}
{"timestamp":"2025-12-29 22:02:19.000000","request_id":"73891974-dd40-490f-949d-68e4ac29a73c","event":"response_error","endpoint":"/api/pois-for-route","http_code":200,"error_code":"POI_ZERO_RESULTS","message":"No POIs found within criteria","latency_ms":2,"user_id":null,"details":null}
{"timestamp":"2025-12-29 22:02:19.000000","request_id":"73891974-dd40-490f-949d-68e4ac29a73c","event":"debug","phase":"RESPONSE","message":"Final POI count","latency_ms":3,"data":{"total_in_route":0,"returned":0,"by_category":[]}}
{"timestamp":"2025-12-29 22:02:19.000000","request_id":"04b6b1b9-d4d1-4ff2-840a-ffe2d3a81e82","event":"request_start","endpoint":"/api/pois-for-route","method":"POST","ip_address":"127.0.0.1","user_id":null}
{"timestamp":"2025-12-29 22:02:19.000000","request_id":"04b6b1b9-d4d1-4ff2-840a-ffe2d3a81e82","event":"debug","phase":"VALIDATION","message":"Polyline received","latency_ms":1,"data":{"point_count":1041}}
{"timestamp":"2025-12-29 22:02:19.000000","request_id":"04b6b1b9-d4d1-4ff2-840a-ffe2d3a81e82","event":"debug","phase":"VALIDATION","message":"Input validated","latency_ms":1,"data":{"polyline_points":1041,"categories":["restaurant","hospital","temple","fuel"],"radius_km":20}}
{"timestamp":"2025-12-29 22:02:19.000000","request_id":"04b6b1b9-d4d1-4ff2-840a-ffe2d3a81e82","event":"debug","phase":"BBOX_QUERY","message":"Executing spatial query","latency_ms":2,"data":{"min_lat":18.88465481981982,"max_lat":28.79408918018018,"min_lng":72.69436381981981,"max_lng":77.52516718018019,"categories":["restaurant","hospital","temple","fuel"]}}
{"timestamp":"2025-12-29 22:02:19.000000","request_id":"04b6b1b9-d4d1-4ff2-840a-ffe2d3a81e82","event":"debug","phase":"BBOX_RESULT","message":"Bounding box query completed","latency_ms":4,"data":{"pois_in_bbox":0}}
{"timestamp":"2025-12-29 22:02:19.000000","request_id":"04b6b1b9-d4d1-4ff2-840a-ffe2d3a81e82","event":"debug","phase":"DISTANCE_FILTER","message":"Starting distance-to-route filtering","latency_ms":5,"data":{"all_pois_count":0,"buffer_meters":20000}}
{"timestamp":"2025-12-29 22:02:19.000000","request_id":"04b6b1b9-d4d1-4ff2-840a-ffe2d3a81e82","event":"debug","phase":"DISTANCE_FILTER","message":"Filtering complete","latency_ms":5,"data":{"filtered_pois_count":0}}
{"timestamp":"2025-12-29 22:02:19.000000","request_id":"04b6b1b9-d4d1-4ff2-840a-ffe2d3a81e82","event":"response_error","endpoint":"/api/pois-for-route","http_code":200,"error_code":"POI_ZERO_RESULTS","message":"No POIs found within criteria","latency_ms":5,"user_id":null,"details":null}
{"timestamp":"2025-12-29 22:02:19.000000","request_id":"04b6b1b9-d4d1-4ff2-840a-ffe2d3a81e82","event":"debug","phase":"RESPONSE","message":"Final POI count","latency_ms":6,"data":{"total_in_route":0,"returned":0,"by_category":[]}}
{"timestamp":"2025-12-29 22:02:21.000000","request_id":"c1872c68-4803-4a81-bcdf-5a1ff4442c1b","event":"request_start","endpoint":"/api/pois-for-route","method":"POST","ip_address":"127.0.0.1","user_id":null}
{"timestamp":"2025-12-29 22:02:21.000000","request_id":"c1872c68-4803-4a81-bcdf-5a1ff4442c1b","event":"debug","phase":"VALIDATION","message":"Polyline received","latency_ms":0,"data":{"point_count":1041}}
{"timestamp":"2025-12-29 22:02:21.000000","request_id":"c1872c68-4803-4a81-bcdf-5a1ff4442c1b","event":"debug","phase":"VALIDATION","message":"Input validated","latency_ms":1,"data":{"polyline_points":1041,"categories":["fuel"],"radius_km":5}}
{"timestamp":"2025-12-29 22:02:21.000000","request_id":"c1872c68-4803-4a81-bcdf-5a1ff4442c1b","event":"debug","phase":"BBOX_QUERY","message":"Executing spatial query","latency_ms":1,"data":{"min_lat":19.019789954954952,"max_lat":28.658954045045046,"min_lng":72.82949895495496,"max_lng":77.39003204504505,"categories":["fuel"]}}
{"timestamp":"2025-12-29 22:02:21.000000","request_id":"c1872c68-4803-4a81-bcdf-5a1ff4442c1b","event":"debug","phase":"BBOX_RESULT","message":"Bounding box query completed","latency_ms":2,"data":{"pois_in_bbox":0}}
{"timestamp":"2025-12-29 22:02:21.000000","request_id":"c1872c68-4803-4a81-bcdf-5a1ff4442c1b","event":"debug","phase":"DISTANCE_FILTER","message":"Starting distance-to-route filtering","latency_ms":2,"data":{"all_pois_count":0,"buffer_meters":5000}}
{"timestamp":"2025-12-29 22:02:21.000000","request_id":"c1872c68-4803-4a81-bcdf-5a1ff4442c1b","event":"debug","phase":"DISTANCE_FILTER","message":"Filtering complete","latency_ms":2,"data":{"filtered_pois_count":0}}
{"timestamp":"2025-12-29 22:02:21.000000","request_id":"c1872c68-4803-4a81-bcdf-5a1ff4442c1b","event":"response_error","endpoint":"/api/pois-for-route","http_code":200,"error_code":"POI_ZERO_RESULTS","message":"No POIs found within criteria","latency_ms":2,"user_id":null,"details":null}
{"timestamp":"2025-12-29 22:02:21.000000","request_id":"c1872c68-4803-4a81-bcdf-5a1ff4442c1b","event":"debug","phase":"RESPONSE","message":"Final POI count","latency_ms":2,"data":{"total_in_route":0,"returned":0,"by_category":[]}}
{"timestamp":"2025-12-29 22:02:21.000000","request_id":"0ec47352-80df-4126-860c-ba561da5f243","event":"request_start","endpoint":"/api/pois-for-route","method":"POST","ip_address":"127.0.0.1","user_id":null}
{"timestamp":"2025-12-29 22:02:21.000000","request_id":"0ec47352-80df-4126-860c-ba561da5f243","event":"debug","phase":"VALIDATION","message":"Polyline received","latency_ms":0,"data":{"point_count":1041}}
{"timestamp":"2025-12-29 22:02:21.000000","request_id":"0ec47352-80df-4126-860c-ba561da5f243","event":"debug","phase":"VALIDATION","message":"Input validated","latency_ms":0,"data":{"polyline_points":1041,"categories":["restaurant","hospital","temple","fuel"],"radius_km":20}}
{"timestamp":"2025-12-29 22:02:21.000000","request_id":"0ec47352-80df-4126-860c-ba561da5f243","event":"debug","phase":"BBOX_QUERY","message":"Executing spatial query","latency_ms":1,"data":{"min_lat":18.88465481981982,"max_lat":28.79408918018018,"min_lng":72.69436381981981,"max_lng":77.52516718018019,"categories":["restaurant","hospital","temple","fuel"]}}
{"timestamp":"2025-12-29 22:02:21.000000","request_id":"0ec47352-80df-4126-860c-ba561da5f243","event":"debug","phase":"BBOX_RESULT","message":"Bounding box query completed","latency_ms":2,"data":{"pois_in_bbox":0}}
{"timestamp":"2025-12-29 22:02:21.000000","request_id":"0ec47352-80df-4126-860c-ba561da5f243","event":"debug","phase":"DISTANCE_FILTER","message":"Starting distance-to-route filtering","latency_ms":2,"data":{"all_pois_count":0,"buffer_meters":20000}}
{"timestamp":"2025-12-29 22:02:21.000000","request_id":"0ec47352-80df-4126-860c-ba561da5f243","event":"debug","phase":"DISTANCE_FILTER","message":"Filtering complete","latency_ms":2,"data":{"filtered_pois_count":0}}
{"timestamp":"2025-12-29 22:02:21.000000","request_id":"0ec47352-80df-4126-860c-ba561da5f243","event":"response_error","endpoint":"/api/pois-for-route","http_code":200,"error_code":"POI_ZERO_RESULTS","message":"No POIs found within criteria","latency_ms":2,"user_id":null,"details":null}
{"timestamp":"2025-12-29 22:02:21.000000","request_id":"0ec47352-80df-4126-860c-ba561da5f243","event":"debug","phase":"RESPONSE","message":"Final POI count","latency_ms":2,"data":{"total_in_route":0,"returned":0,"by_category":[]}}
{"timestamp":"2025-12-29 22:02:21.000000","request_id":"3ca29861-ec2b-4182-b3bf-baa6815e2b9b","event":"request_start","endpoint":"/api/pois-for-route","method":"POST","ip_address":"127.0.0.1","user_id":null}
{"timestamp":"2025-12-29 22:02:21.000000","request_id":"3ca29861-ec2b-4182-b3bf-baa6815e2b9b","event":"debug","phase":"VALIDATION","message":"Polyline received","latency_ms":0,"data":{"point_count":1041}}
{"timestamp":"2025-12-29 22:02:21.000000","request_id":"3ca29861-ec2b-4182-b3bf-baa6815e2b9b","event":"debug","phase":"VALIDATION","message":"Input validated","latency_ms":1,"data":{"polyline_points":1041,"categories":["fuel"],"radius_km":5}}
{"timestamp":"2025-12-29 22:02:21.000000","request_id":"3ca29861-ec2b-4182-b3bf-baa6815e2b9b","event":"debug","phase":"BBOX_QUERY","message":"Executing spatial query","latency_ms":1,"data":{"min_lat":19.019789954954952,"max_lat":28.658954045045046,"min_lng":72.82949895495496,"max_lng":77.39003204504505,"categories":["fuel"]}}
{"timestamp":"2025-12-29 22:02:21.000000","request_id":"3ca29861-ec2b-4182-b3bf-baa6815e2b9b","event":"debug","phase":"BBOX_RESULT","message":"Bounding box query completed","latency_ms":3,"data":{"pois_in_bbox":0}}
{"timestamp":"2025-12-29 22:02:21.000000","request_id":"3ca29861-ec2b-4182-b3bf-baa6815e2b9b","event":"debug","phase":"DISTANCE_FILTER","message":"Starting distance-to-route filtering","latency_ms":3,"data":{"all_pois_count":0,"buffer_meters":5000}}
{"timestamp":"2025-12-29 22:02:21.000000","request_id":"3ca29861-ec2b-4182-b3bf-baa6815e2b9b","event":"debug","phase":"DISTANCE_FILTER","message":"Filtering complete","latency_ms":3,"data":{"filtered_pois_count":0}}
{"timestamp":"2025-12-29 22:02:21.000000","request_id":"3ca29861-ec2b-4182-b3bf-baa6815e2b9b","event":"response_error","endpoint":"/api/pois-for-route","http_code":200,"error_code":"POI_ZERO_RESULTS","message":"No POIs found within criteria","latency_ms":3,"user_id":null,"details":null}
{"timestamp":"2025-12-29 22:02:21.000000","request_id":"3ca29861-ec2b-4182-b3bf-baa6815e2b9b","event":"debug","phase":"RESPONSE","message":"Final POI count","latency_ms":4,"data":{"total_in_route":0,"returned":0,"by_category":[]}}
{"timestamp":"2025-12-29 22:02:21.000000","request_id":"a1f0c6b1-fc1c-4c7d-95ba-9114aecf695f","event":"request_start","endpoint":"/api/pois-for-route","method":"POST","ip_address":"127.0.0.1","user_id":null}
{"timestamp":"2025-12-29 22:02:21.000000","request_id":"a1f0c6b1-fc1c-4c7d-95ba-9114aecf695f","event":"debug","phase":"VALIDATION","message":"Polyline received","latency_ms":2,"data":{"point_count":1041}}
{"timestamp":"2025-12-29 22:02:21.000000","request_id":"a1f0c6b1-fc1c-4c7d-95ba-9114aecf695f","event":"debug","phase":"VALIDATION","message":"Input validated","latency_ms":2,"data":{"polyline_points":1041,"categories":["restaurant","hospital","temple","fuel"],"radius_km":20}}
{"timestamp":"2025-12-29 22:02:21.000000","request_id":"a1f0c6b1-fc1c-4c7d-95ba-9114aecf695f","event":"debug","phase":"BBOX_QUERY","message":"Executing spatial query","latency_ms":2,"data":{"min_lat":18.88465481981982,"max_lat":28.79408918018018,"min_lng":72.69436381981981,"max_lng":77.52516718018019,"categories":["restaurant","hospital","temple","fuel"]}}
{"timestamp":"2025-12-29 22:02:21.000000","request_id":"a1f0c6b1-fc1c-4c7d-95ba-9114aecf695f","event":"debug","phase":"BBOX_RESULT","message":"Bounding box query completed","latency_ms":4,"data":{"pois_in_bbox":0}}
{"timestamp":"2025-12-29 22:02:21.000000","request_id":"a1f0c6b1-fc1c-4c7d-95ba-9114aecf695f","event":"debug","phase":"DISTANCE_FILTER","message":"Starting distance-to-route filtering","latency_ms":5,"data":{"all_pois_count":0,"buffer_meters":20000}}
{"timestamp":"2025-12-29 22:02:21.000000","request_id":"a1f0c6b1-fc1c-4c7d-95ba-9114aecf695f","event":"debug","phase":"DISTANCE_FILTER","message":"Filtering complete","latency_ms":5,"data":{"filtered_pois_count":0}}
{"timestamp":"2025-12-29 22:02:21.000000","request_id":"a1f0c6b1-fc1c-4c7d-95ba-9114aecf695f","event":"response_error","endpoint":"/api/pois-for-route","http_code":200,"error_code":"POI_ZERO_RESULTS","message":"No POIs found within criteria","latency_ms":5,"user_id":null,"details":null}
{"timestamp":"2025-12-29 22:02:21.000000","request_id":"a1f0c6b1-fc1c-4c7d-95ba-9114aecf695f","event":"debug","phase":"RESPONSE","message":"Final POI count","latency_ms":6,"data":{"total_in_route":0,"returned":0,"by_category":[]}}
{"timestamp":"2025-12-29 22:02:21.000000","request_id":"5106abaa-1276-417b-879a-8ff2c92c46d0","event":"request_start","endpoint":"/api/pois-for-route","method":"POST","ip_address":"127.0.0.1","user_id":null}
{"timestamp":"2025-12-29 22:02:21.000000","request_id":"5106abaa-1276-417b-879a-8ff2c92c46d0","event":"debug","phase":"VALIDATION","message":"Polyline received","latency_ms":0,"data":{"point_count":1041}}
{"timestamp":"2025-12-29 22:02:21.000000","request_id":"5106abaa-1276-417b-879a-8ff2c92c46d0","event":"debug","phase":"VALIDATION","message":"Input validated","latency_ms":1,"data":{"polyline_points":1041,"categories":["fuel"],"radius_km":5}}
{"timestamp":"2025-12-29 22:02:21.000000","request_id":"5106abaa-1276-417b-879a-8ff2c92c46d0","event":"debug","phase":"BBOX_QUERY","message":"Executing spatial query","latency_ms":1,"data":{"min_lat":19.019789954954952,"max_lat":28.658954045045046,"min_lng":72.82949895495496,"max_lng":77.39003204504505,"categories":["fuel"]}}
{"timestamp":"2025-12-29 22:02:21.000000","request_id":"5106abaa-1276-417b-879a-8ff2c92c46d0","event":"debug","phase":"BBOX_RESULT","message":"Bounding box query completed","latency_ms":2,"data":{"pois_in_bbox":0}}
{"timestamp":"2025-12-29 22:02:21.000000","request_id":"5106abaa-1276-417b-879a-8ff2c92c46d0","event":"debug","phase":"DISTANCE_FILTER","message":"Starting distance-to-route filtering","latency_ms":2,"data":{"all_pois_count":0,"buffer_meters":5000}}
{"timestamp":"2025-12-29 22:02:21.000000","request_id":"5106abaa-1276-417b-879a-8ff2c92c46d0","event":"debug","phase":"DISTANCE_FILTER","message":"Filtering complete","latency_ms":2,"data":{"filtered_pois_count":0}}
{"timestamp":"2025-12-29 22:02:21.000000","request_id":"5106abaa-1276-417b-879a-8ff2c92c46d0","event":"response_error","endpoint":"/api/pois-for-route","http_code":200,"error_code":"POI_ZERO_RESULTS","message":"No POIs found within criteria","latency_ms":3,"user_id":null,"details":null}
{"timestamp":"2025-12-29 22:02:21.000000","request_id":"5106abaa-1276-417b-879a-8ff2c92c46d0","event":"debug","phase":"RESPONSE","message":"Final POI count","latency_ms":3,"data":{"total_in_route":0,"returned":0,"by_category":[]}}
{"timestamp":"2025-12-29 22:02:21.000000","request_id":"c8ef076d-f829-4649-a664-f105ec1ca651","event":"request_start","endpoint":"/api/pois-for-route","method":"POST","ip_address":"127.0.0.1","user_id":null}
{"timestamp":"2025-12-29 22:02:21.000000","request_id":"c8ef076d-f829-4649-a664-f105ec1ca651","event":"debug","phase":"VALIDATION","message":"Polyline received","latency_ms":1,"data":{"point_count":1041}}
{"timestamp":"2025-12-29 22:02:21.000000","request_id":"c8ef076d-f829-4649-a664-f105ec1ca651","event":"debug","phase":"VALIDATION","message":"Input validated","latency_ms":2,"data":{"polyline_points":1041,"categories":["restaurant","hospital","temple","fuel"],"radius_km":20}}
{"timestamp":"2025-12-29 22:02:21.000000","request_id":"c8ef076d-f829-4649-a664-f105ec1ca651","event":"debug","phase":"BBOX_QUERY","message":"Executing spatial query","latency_ms":3,"data":{"min_lat":18.88465481981982,"max_lat":28.79408918018018,"min_lng":72.69436381981981,"max_lng":77.52516718018019,"categories":["restaurant","hospital","temple","fuel"]}}
{"timestamp":"2025-12-29 22:02:21.000000","request_id":"c8ef076d-f829-4649-a664-f105ec1ca651","event":"debug","phase":"BBOX_RESULT","message":"Bounding box query completed","latency_ms":5,"data":{"pois_in_bbox":0}}
{"timestamp":"2025-12-29 22:02:21.000000","request_id":"c8ef076d-f829-4649-a664-f105ec1ca651","event":"debug","phase":"DISTANCE_FILTER","message":"Starting distance-to-route filtering","latency_ms":5,"data":{"all_pois_count":0,"buffer_meters":20000}}
{"timestamp":"2025-12-29 22:02:21.000000","request_id":"c8ef076d-f829-4649-a664-f105ec1ca651","event":"debug","phase":"DISTANCE_FILTER","message":"Filtering complete","latency_ms":6,"data":{"filtered_pois_count":0}}
{"timestamp":"2025-12-29 22:02:21.000000","request_id":"c8ef076d-f829-4649-a664-f105ec1ca651","event":"response_error","endpoint":"/api/pois-for-route","http_code":200,"error_code":"POI_ZERO_RESULTS","message":"No POIs found within criteria","latency_ms":7,"user_id":null,"details":null}
{"timestamp":"2025-12-29 22:02:21.000000","request_id":"c8ef076d-f829-4649-a664-f105ec1ca651","event":"debug","phase":"RESPONSE","message":"Final POI count","latency_ms":7,"data":{"total_in_route":0,"returned":0,"by_category":[]}}
{"timestamp":"2025-12-29 22:02:26.000000","request_id":"57a2615e-71d7-4dfc-a234-face552989d4","event":"request_start","endpoint":"/api/pois-for-route","method":"POST","ip_address":"127.0.0.1","user_id":null}
{"timestamp":"2025-12-29 22:02:26.000000","request_id":"57a2615e-71d7-4dfc-a234-face552989d4","event":"debug","phase":"VALIDATION","message":"Polyline received","latency_ms":1,"data":{"point_count":1041}}
{"timestamp":"2025-12-29 22:02:26.000000","request_id":"57a2615e-71d7-4dfc-a234-face552989d4","event":"debug","phase":"VALIDATION","message":"Input validated","latency_ms":1,"data":{"polyline_points":1041,"categories":["fuel"],"radius_km":5}}
{"timestamp":"2025-12-29 22:02:26.000000","request_id":"57a2615e-71d7-4dfc-a234-face552989d4","event":"debug","phase":"BBOX_QUERY","message":"Executing spatial query","latency_ms":1,"data":{"min_lat":19.019789954954952,"max_lat":28.658954045045046,"min_lng":72.82949895495496,"max_lng":77.39003204504505,"categories":["fuel"]}}
{"timestamp":"2025-12-29 22:02:26.000000","request_id":"57a2615e-71d7-4dfc-a234-face552989d4","event":"debug","phase":"BBOX_RESULT","message":"Bounding box query completed","latency_ms":2,"data":{"pois_in_bbox":0}}
{"timestamp":"2025-12-29 22:02:26.000000","request_id":"57a2615e-71d7-4dfc-a234-face552989d4","event":"debug","phase":"DISTANCE_FILTER","message":"Starting distance-to-route filtering","latency_ms":2,"data":{"all_pois_count":0,"buffer_meters":5000}}
{"timestamp":"2025-12-29 22:02:26.000000","request_id":"57a2615e-71d7-4dfc-a234-face552989d4","event":"debug","phase":"DISTANCE_FILTER","message":"Filtering complete","latency_ms":3,"data":{"filtered_pois_count":0}}
{"timestamp":"2025-12-29 22:02:26.000000","request_id":"57a2615e-71d7-4dfc-a234-face552989d4","event":"response_error","endpoint":"/api/pois-for-route","http_code":200,"error_code":"POI_ZERO_RESULTS","message":"No POIs found within criteria","latency_ms":3,"user_id":null,"details":null}
{"timestamp":"2025-12-29 22:02:26.000000","request_id":"57a2615e-71d7-4dfc-a234-face552989d4","event":"debug","phase":"RESPONSE","message":"Final POI count","latency_ms":3,"data":{"total_in_route":0,"returned":0,"by_category":[]}}
{"timestamp":"2025-12-29 22:02:26.000000","request_id":"06f336a3-4b0d-489d-bc4b-401ed0e3d24f","event":"request_start","endpoint":"/api/pois-for-route","method":"POST","ip_address":"127.0.0.1","user_id":null}
{"timestamp":"2025-12-29 22:02:26.000000","request_id":"06f336a3-4b0d-489d-bc4b-401ed0e3d24f","event":"debug","phase":"VALIDATION","message":"Polyline received","latency_ms":0,"data":{"point_count":1041}}
{"timestamp":"2025-12-29 22:02:26.000000","request_id":"06f336a3-4b0d-489d-bc4b-401ed0e3d24f","event":"debug","phase":"VALIDATION","message":"Input validated","latency_ms":1,"data":{"polyline_points":1041,"categories":["restaurant","hospital","temple","fuel"],"radius_km":20}}
{"timestamp":"2025-12-29 22:02:26.000000","request_id":"06f336a3-4b0d-489d-bc4b-401ed0e3d24f","event":"debug","phase":"BBOX_QUERY","message":"Executing spatial query","latency_ms":1,"data":{"min_lat":18.88465481981982,"max_lat":28.79408918018018,"min_lng":72.69436381981981,"max_lng":77.52516718018019,"categories":["restaurant","hospital","temple","fuel"]}}
{"timestamp":"2025-12-29 22:02:26.000000","request_id":"06f336a3-4b0d-489d-bc4b-401ed0e3d24f","event":"debug","phase":"BBOX_RESULT","message":"Bounding box query completed","latency_ms":2,"data":{"pois_in_bbox":0}}
{"timestamp":"2025-12-29 22:02:26.000000","request_id":"06f336a3-4b0d-489d-bc4b-401ed0e3d24f","event":"debug","phase":"DISTANCE_FILTER","message":"Starting distance-to-route filtering","latency_ms":2,"data":{"all_pois_count":0,"buffer_meters":20000}}
{"timestamp":"2025-12-29 22:02:26.000000","request_id":"06f336a3-4b0d-489d-bc4b-401ed0e3d24f","event":"debug","phase":"DISTANCE_FILTER","message":"Filtering complete","latency_ms":2,"data":{"filtered_pois_count":0}}
{"timestamp":"2025-12-29 22:02:26.000000","request_id":"06f336a3-4b0d-489d-bc4b-401ed0e3d24f","event":"response_error","endpoint":"/api/pois-for-route","http_code":200,"error_code":"POI_ZERO_RESULTS","message":"No POIs found within criteria","latency_ms":2,"user_id":null,"details":null}
{"timestamp":"2025-12-29 22:02:26.000000","request_id":"06f336a3-4b0d-489d-bc4b-401ed0e3d24f","event":"debug","phase":"RESPONSE","message":"Final POI count","latency_ms":3,"data":{"total_in_route":0,"returned":0,"by_category":[]}}
{"timestamp":"2025-12-29 22:02:26.000000","request_id":"3777768c-7823-43dc-a4e3-f624428bd5c8","event":"request_start","endpoint":"/api/pois-for-route","method":"POST","ip_address":"127.0.0.1","user_id":null}
{"timestamp":"2025-12-29 22:02:26.000000","request_id":"3777768c-7823-43dc-a4e3-f624428bd5c8","event":"debug","phase":"VALIDATION","message":"Polyline received","latency_ms":2,"data":{"point_count":1041}}
{"timestamp":"2025-12-29 22:02:26.000000","request_id":"3777768c-7823-43dc-a4e3-f624428bd5c8","event":"debug","phase":"VALIDATION","message":"Input validated","latency_ms":3,"data":{"polyline_points":1041,"categories":["fuel"],"radius_km":5}}
{"timestamp":"2025-12-29 22:02:26.000000","request_id":"3777768c-7823-43dc-a4e3-f624428bd5c8","event":"debug","phase":"BBOX_QUERY","message":"Executing spatial query","latency_ms":4,"data":{"min_lat":19.019789954954952,"max_lat":28.658954045045046,"min_lng":72.82949895495496,"max_lng":77.39003204504505,"categories":["fuel"]}}
{"timestamp":"2025-12-29 22:02:26.000000","request_id":"3777768c-7823-43dc-a4e3-f624428bd5c8","event":"debug","phase":"BBOX_RESULT","message":"Bounding box query completed","latency_ms":5,"data":{"pois_in_bbox":0}}
{"timestamp":"2025-12-29 22:02:26.000000","request_id":"3777768c-7823-43dc-a4e3-f624428bd5c8","event":"debug","phase":"DISTANCE_FILTER","message":"Starting distance-to-route filtering","latency_ms":5,"data":{"all_pois_count":0,"buffer_meters":5000}}
{"timestamp":"2025-12-29 22:02:26.000000","request_id":"3777768c-7823-43dc-a4e3-f624428bd5c8","event":"debug","phase":"DISTANCE_FILTER","message":"Filtering complete","latency_ms":6,"data":{"filtered_pois_count":0}}
{"timestamp":"2025-12-29 22:02:26.000000","request_id":"3777768c-7823-43dc-a4e3-f624428bd5c8","event":"response_error","endpoint":"/api/pois-for-route","http_code":200,"error_code":"POI_ZERO_RESULTS","message":"No POIs found within criteria","latency_ms":6,"user_id":null,"details":null}
{"timestamp":"2025-12-29 22:02:26.000000","request_id":"3777768c-7823-43dc-a4e3-f624428bd5c8","event":"debug","phase":"RESPONSE","message":"Final POI count","latency_ms":6,"data":{"total_in_route":0,"returned":0,"by_category":[]}}
{"timestamp":"2025-12-29 22:02:27.000000","request_id":"f0ec719d-6c93-4dc7-889f-3781a958508a","event":"request_start","endpoint":"/api/pois-for-route","method":"POST","ip_address":"127.0.0.1","user_id":null}
{"timestamp":"2025-12-29 22:02:27.000000","request_id":"f0ec719d-6c93-4dc7-889f-3781a958508a","event":"debug","phase":"VALIDATION","message":"Polyline received","latency_ms":1,"data":{"point_count":1041}}
{"timestamp":"2025-12-29 22:02:27.000000","request_id":"f0ec719d-6c93-4dc7-889f-3781a958508a","event":"debug","phase":"VALIDATION","message":"Input validated","latency_ms":1,"data":{"polyline_points":1041,"categories":["restaurant","hospital","temple","fuel"],"radius_km":20}}
{"timestamp":"2025-12-29 22:02:27.000000","request_id":"f0ec719d-6c93-4dc7-889f-3781a958508a","event":"debug","phase":"BBOX_QUERY","message":"Executing spatial query","latency_ms":1,"data":{"min_lat":18.88465481981982,"max_lat":28.79408918018018,"min_lng":72.69436381981981,"max_lng":77.52516718018019,"categories":["restaurant","hospital","temple","fuel"]}}
{"timestamp":"2025-12-29 22:02:27.000000","request_id":"f0ec719d-6c93-4dc7-889f-3781a958508a","event":"debug","phase":"BBOX_RESULT","message":"Bounding box query completed","latency_ms":3,"data":{"pois_in_bbox":0}}
{"timestamp":"2025-12-29 22:02:27.000000","request_id":"f0ec719d-6c93-4dc7-889f-3781a958508a","event":"debug","phase":"DISTANCE_FILTER","message":"Starting distance-to-route filtering","latency_ms":3,"data":{"all_pois_count":0,"buffer_meters":20000}}
{"timestamp":"2025-12-29 22:02:27.000000","request_id":"f0ec719d-6c93-4dc7-889f-3781a958508a","event":"debug","phase":"DISTANCE_FILTER","message":"Filtering complete","latency_ms":4,"data":{"filtered_pois_count":0}}
{"timestamp":"2025-12-29 22:02:27.000000","request_id":"f0ec719d-6c93-4dc7-889f-3781a958508a","event":"response_error","endpoint":"/api/pois-for-route","http_code":200,"error_code":"POI_ZERO_RESULTS","message":"No POIs found within criteria","latency_ms":4,"user_id":null,"details":null}
{"timestamp":"2025-12-29 22:02:27.000000","request_id":"f0ec719d-6c93-4dc7-889f-3781a958508a","event":"debug","phase":"RESPONSE","message":"Final POI count","latency_ms":4,"data":{"total_in_route":0,"returned":0,"by_category":[]}}
{"timestamp":"2025-12-29 22:02:27.000000","request_id":"33bcce6e-8019-4f6b-8d99-a690cb9f21f4","event":"request_start","endpoint":"/api/pois-for-route","method":"POST","ip_address":"127.0.0.1","user_id":null}
{"timestamp":"2025-12-29 22:02:27.000000","request_id":"33bcce6e-8019-4f6b-8d99-a690cb9f21f4","event":"debug","phase":"VALIDATION","message":"Polyline received","latency_ms":1,"data":{"point_count":1041}}
{"timestamp":"2025-12-29 22:02:27.000000","request_id":"33bcce6e-8019-4f6b-8d99-a690cb9f21f4","event":"debug","phase":"VALIDATION","message":"Input validated","latency_ms":1,"data":{"polyline_points":1041,"categories":["fuel"],"radius_km":5}}
{"timestamp":"2025-12-29 22:02:27.000000","request_id":"33bcce6e-8019-4f6b-8d99-a690cb9f21f4","event":"debug","phase":"BBOX_QUERY","message":"Executing spatial query","latency_ms":2,"data":{"min_lat":19.019789954954952,"max_lat":28.658954045045046,"min_lng":72.82949895495496,"max_lng":77.39003204504505,"categories":["fuel"]}}
{"timestamp":"2025-12-29 22:02:27.000000","request_id":"33bcce6e-8019-4f6b-8d99-a690cb9f21f4","event":"debug","phase":"BBOX_RESULT","message":"Bounding box query completed","latency_ms":4,"data":{"pois_in_bbox":0}}
{"timestamp":"2025-12-29 22:02:27.000000","request_id":"33bcce6e-8019-4f6b-8d99-a690cb9f21f4","event":"debug","phase":"DISTANCE_FILTER","message":"Starting distance-to-route filtering","latency_ms":5,"data":{"all_pois_count":0,"buffer_meters":5000}}
{"timestamp":"2025-12-29 22:02:27.000000","request_id":"33bcce6e-8019-4f6b-8d99-a690cb9f21f4","event":"debug","phase":"DISTANCE_FILTER","message":"Filtering complete","latency_ms":6,"data":{"filtered_pois_count":0}}
{"timestamp":"2025-12-29 22:02:27.000000","request_id":"33bcce6e-8019-4f6b-8d99-a690cb9f21f4","event":"response_error","endpoint":"/api/pois-for-route","http_code":200,"error_code":"POI_ZERO_RESULTS","message":"No POIs found within criteria","latency_ms":6,"user_id":null,"details":null}
{"timestamp":"2025-12-29 22:02:27.000000","request_id":"33bcce6e-8019-4f6b-8d99-a690cb9f21f4","event":"debug","phase":"RESPONSE","message":"Final POI count","latency_ms":6,"data":{"total_in_route":0,"returned":0,"by_category":[]}}
{"timestamp":"2025-12-29 22:02:27.000000","request_id":"c4e8eac3-007e-406f-a7e2-e87d77f805fd","event":"request_start","endpoint":"/api/pois-for-route","method":"POST","ip_address":"127.0.0.1","user_id":null}
{"timestamp":"2025-12-29 22:02:27.000000","request_id":"c4e8eac3-007e-406f-a7e2-e87d77f805fd","event":"debug","phase":"VALIDATION","message":"Polyline received","latency_ms":0,"data":{"point_count":1041}}
{"timestamp":"2025-12-29 22:02:27.000000","request_id":"c4e8eac3-007e-406f-a7e2-e87d77f805fd","event":"debug","phase":"VALIDATION","message":"Input validated","latency_ms":0,"data":{"polyline_points":1041,"categories":["restaurant","hospital","temple","fuel"],"radius_km":20}}
{"timestamp":"2025-12-29 22:02:27.000000","request_id":"c4e8eac3-007e-406f-a7e2-e87d77f805fd","event":"debug","phase":"BBOX_QUERY","message":"Executing spatial query","latency_ms":1,"data":{"min_lat":18.88465481981982,"max_lat":28.79408918018018,"min_lng":72.69436381981981,"max_lng":77.52516718018019,"categories":["restaurant","hospital","temple","fuel"]}}
{"timestamp":"2025-12-29 22:02:27.000000","request_id":"c4e8eac3-007e-406f-a7e2-e87d77f805fd","event":"debug","phase":"BBOX_RESULT","message":"Bounding box query completed","latency_ms":2,"data":{"pois_in_bbox":0}}
{"timestamp":"2025-12-29 22:02:27.000000","request_id":"c4e8eac3-007e-406f-a7e2-e87d77f805fd","event":"debug","phase":"DISTANCE_FILTER","message":"Starting distance-to-route filtering","latency_ms":2,"data":{"all_pois_count":0,"buffer_meters":20000}}
{"timestamp":"2025-12-29 22:02:27.000000","request_id":"c4e8eac3-007e-406f-a7e2-e87d77f805fd","event":"debug","phase":"DISTANCE_FILTER","message":"Filtering complete","latency_ms":3,"data":{"filtered_pois_count":0}}
{"timestamp":"2025-12-29 22:02:27.000000","request_id":"c4e8eac3-007e-406f-a7e2-e87d77f805fd","event":"response_error","endpoint":"/api/pois-for-route","http_code":200,"error_code":"POI_ZERO_RESULTS","message":"No POIs found within criteria","latency_ms":3,"user_id":null,"details":null}
{"timestamp":"2025-12-29 22:02:27.000000","request_id":"c4e8eac3-007e-406f-a7e2-e87d77f805fd","event":"debug","phase":"RESPONSE","message":"Final POI count","latency_ms":4,"data":{"total_in_route":0,"returned":0,"by_category":[]}}
{"timestamp":"2025-12-29 22:02:27.000000","request_id":"99b6566b-8604-4447-a5d8-e7c8ac5359de","event":"request_start","endpoint":"/api/pois-for-route","method":"POST","ip_address":"127.0.0.1","user_id":null}
{"timestamp":"2025-12-29 22:02:27.000000","request_id":"99b6566b-8604-4447-a5d8-e7c8ac5359de","event":"debug","phase":"VALIDATION","message":"Polyline received","latency_ms":0,"data":{"point_count":1041}}
{"timestamp":"2025-12-29 22:02:27.000000","request_id":"99b6566b-8604-4447-a5d8-e7c8ac5359de","event":"debug","phase":"VALIDATION","message":"Input validated","latency_ms":1,"data":{"polyline_points":1041,"categories":["fuel"],"radius_km":5}}
{"timestamp":"2025-12-29 22:02:27.000000","request_id":"99b6566b-8604-4447-a5d8-e7c8ac5359de","event":"debug","phase":"BBOX_QUERY","message":"Executing spatial query","latency_ms":1,"data":{"min_lat":19.019789954954952,"max_lat":28.658954045045046,"min_lng":72.82949895495496,"max_lng":77.39003204504505,"categories":["fuel"]}}
{"timestamp":"2025-12-29 22:02:27.000000","request_id":"99b6566b-8604-4447-a5d8-e7c8ac5359de","event":"debug","phase":"BBOX_RESULT","message":"Bounding box query completed","latency_ms":2,"data":{"pois_in_bbox":0}}
{"timestamp":"2025-12-29 22:02:27.000000","request_id":"99b6566b-8604-4447-a5d8-e7c8ac5359de","event":"debug","phase":"DISTANCE_FILTER","message":"Starting distance-to-route filtering","latency_ms":2,"data":{"all_pois_count":0,"buffer_meters":5000}}
{"timestamp":"2025-12-29 22:02:27.000000","request_id":"99b6566b-8604-4447-a5d8-e7c8ac5359de","event":"debug","phase":"DISTANCE_FILTER","message":"Filtering complete","latency_ms":3,"data":{"filtered_pois_count":0}}
{"timestamp":"2025-12-29 22:02:27.000000","request_id":"99b6566b-8604-4447-a5d8-e7c8ac5359de","event":"response_error","endpoint":"/api/pois-for-route","http_code":200,"error_code":"POI_ZERO_RESULTS","message":"No POIs found within criteria","latency_ms":3,"user_id":null,"details":null}
{"timestamp":"2025-12-29 22:02:27.000000","request_id":"99b6566b-8604-4447-a5d8-e7c8ac5359de","event":"debug","phase":"RESPONSE","message":"Final POI count","latency_ms":3,"data":{"total_in_route":0,"returned":0,"by_category":[]}}
{"timestamp":"2025-12-29 22:02:27.000000","request_id":"fb04ccb2-7b45-47d5-8fc9-815867d7ad9d","event":"request_start","endpoint":"/api/pois-for-route","method":"POST","ip_address":"127.0.0.1","user_id":null}
{"timestamp":"2025-12-29 22:02:27.000000","request_id":"fb04ccb2-7b45-47d5-8fc9-815867d7ad9d","event":"debug","phase":"VALIDATION","message":"Polyline received","latency_ms":0,"data":{"point_count":1041}}
{"timestamp":"2025-12-29 22:02:27.000000","request_id":"fb04ccb2-7b45-47d5-8fc9-815867d7ad9d","event":"debug","phase":"VALIDATION","message":"Input validated","latency_ms":0,"data":{"polyline_points":1041,"categories":["restaurant","hospital","temple","fuel"],"radius_km":20}}
{"timestamp":"2025-12-29 22:02:27.000000","request_id":"fb04ccb2-7b45-47d5-8fc9-815867d7ad9d","event":"debug","phase":"BBOX_QUERY","message":"Executing spatial query","latency_ms":1,"data":{"min_lat":18.88465481981982,"max_lat":28.79408918018018,"min_lng":72.69436381981981,"max_lng":77.52516718018019,"categories":["restaurant","hospital","temple","fuel"]}}
{"timestamp":"2025-12-29 22:02:27.000000","request_id":"fb04ccb2-7b45-47d5-8fc9-815867d7ad9d","event":"debug","phase":"BBOX_RESULT","message":"Bounding box query completed","latency_ms":2,"data":{"pois_in_bbox":0}}
{"timestamp":"2025-12-29 22:02:27.000000","request_id":"fb04ccb2-7b45-47d5-8fc9-815867d7ad9d","event":"debug","phase":"DISTANCE_FILTER","message":"Starting distance-to-route filtering","latency_ms":2,"data":{"all_pois_count":0,"buffer_meters":20000}}
{"timestamp":"2025-12-29 22:02:27.000000","request_id":"fb04ccb2-7b45-47d5-8fc9-815867d7ad9d","event":"debug","phase":"DISTANCE_FILTER","message":"Filtering complete","latency_ms":2,"data":{"filtered_pois_count":0}}
{"timestamp":"2025-12-29 22:02:27.000000","request_id":"fb04ccb2-7b45-47d5-8fc9-815867d7ad9d","event":"response_error","endpoint":"/api/pois-for-route","http_code":200,"error_code":"POI_ZERO_RESULTS","message":"No POIs found within criteria","latency_ms":2,"user_id":null,"details":null}
{"timestamp":"2025-12-29 22:02:27.000000","request_id":"fb04ccb2-7b45-47d5-8fc9-815867d7ad9d","event":"debug","phase":"RESPONSE","message":"Final POI count","latency_ms":3,"data":{"total_in_route":0,"returned":0,"by_category":[]}}
{"timestamp":"2025-12-29 22:02:27.000000","request_id":"6baa19b9-4c58-4106-a6e5-4f22c5459688","event":"request_start","endpoint":"/api/pois-for-route","method":"POST","ip_address":"127.0.0.1","user_id":null}
{"timestamp":"2025-12-29 22:02:27.000000","request_id":"6baa19b9-4c58-4106-a6e5-4f22c5459688","event":"debug","phase":"VALIDATION","message":"Polyline received","latency_ms":1,"data":{"point_count":1041}}
{"timestamp":"2025-12-29 22:02:27.000000","request_id":"6baa19b9-4c58-4106-a6e5-4f22c5459688","event":"debug","phase":"VALIDATION","message":"Input validated","latency_ms":1,"data":{"polyline_points":1041,"categories":["fuel"],"radius_km":5}}
{"timestamp":"2025-12-29 22:02:27.000000","request_id":"6baa19b9-4c58-4106-a6e5-4f22c5459688","event":"debug","phase":"BBOX_QUERY","message":"Executing spatial query","latency_ms":2,"data":{"min_lat":19.019789954954952,"max_lat":28.658954045045046,"min_lng":72.82949895495496,"max_lng":77.39003204504505,"categories":["fuel"]}}
{"timestamp":"2025-12-29 22:02:27.000000","request_id":"6baa19b9-4c58-4106-a6e5-4f22c5459688","event":"debug","phase":"BBOX_RESULT","message":"Bounding box query completed","latency_ms":4,"data":{"pois_in_bbox":0}}
{"timestamp":"2025-12-29 22:02:27.000000","request_id":"6baa19b9-4c58-4106-a6e5-4f22c5459688","event":"debug","phase":"DISTANCE_FILTER","message":"Starting distance-to-route filtering","latency_ms":4,"data":{"all_pois_count":0,"buffer_meters":5000}}
{"timestamp":"2025-12-29 22:02:27.000000","request_id":"6baa19b9-4c58-4106-a6e5-4f22c5459688","event":"debug","phase":"DISTANCE_FILTER","message":"Filtering complete","latency_ms":5,"data":{"filtered_pois_count":0}}
{"timestamp":"2025-12-29 22:02:27.000000","request_id":"6baa19b9-4c58-4106-a6e5-4f22c5459688","event":"response_error","endpoint":"/api/pois-for-route","http_code":200,"error_code":"POI_ZERO_RESULTS","message":"No POIs found within criteria","latency_ms":5,"user_id":null,"details":null}
{"timestamp":"2025-12-29 22:02:27.000000","request_id":"6baa19b9-4c58-4106-a6e5-4f22c5459688","event":"debug","phase":"RESPONSE","message":"Final POI count","latency_ms":6,"data":{"total_in_route":0,"returned":0,"by_category":[]}}
{"timestamp":"2025-12-29 22:02:27.000000","request_id":"4cb1a800-874d-4506-af4a-a9d38d38ffdd","event":"request_start","endpoint":"/api/pois-for-route","method":"POST","ip_address":"127.0.0.1","user_id":null}
{"timestamp":"2025-12-29 22:02:27.000000","request_id":"4cb1a800-874d-4506-af4a-a9d38d38ffdd","event":"debug","phase":"VALIDATION","message":"Polyline received","latency_ms":1,"data":{"point_count":1041}}
{"timestamp":"2025-12-29 22:02:27.000000","request_id":"4cb1a800-874d-4506-af4a-a9d38d38ffdd","event":"debug","phase":"VALIDATION","message":"Input validated","latency_ms":1,"data":{"polyline_points":1041,"categories":["restaurant","hospital","temple","fuel"],"radius_km":20}}
{"timestamp":"2025-12-29 22:02:27.000000","request_id":"4cb1a800-874d-4506-af4a-a9d38d38ffdd","event":"debug","phase":"BBOX_QUERY","message":"Executing spatial query","latency_ms":2,"data":{"min_lat":18.88465481981982,"max_lat":28.79408918018018,"min_lng":72.69436381981981,"max_lng":77.52516718018019,"categories":["restaurant","hospital","temple","fuel"]}}
{"timestamp":"2025-12-29 22:02:27.000000","request_id":"4cb1a800-874d-4506-af4a-a9d38d38ffdd","event":"debug","phase":"BBOX_RESULT","message":"Bounding box query completed","latency_ms":3,"data":{"pois_in_bbox":0}}
{"timestamp":"2025-12-29 22:02:27.000000","request_id":"4cb1a800-874d-4506-af4a-a9d38d38ffdd","event":"debug","phase":"DISTANCE_FILTER","message":"Starting distance-to-route filtering","latency_ms":4,"data":{"all_pois_count":0,"buffer_meters":20000}}
{"timestamp":"2025-12-29 22:02:27.000000","request_id":"4cb1a800-874d-4506-af4a-a9d38d38ffdd","event":"debug","phase":"DISTANCE_FILTER","message":"Filtering complete","latency_ms":4,"data":{"filtered_pois_count":0}}
{"timestamp":"2025-12-29 22:02:27.000000","request_id":"4cb1a800-874d-4506-af4a-a9d38d38ffdd","event":"response_error","endpoint":"/api/pois-for-route","http_code":200,"error_code":"POI_ZERO_RESULTS","message":"No POIs found within criteria","latency_ms":4,"user_id":null,"details":null}
{"timestamp":"2025-12-29 22:02:27.000000","request_id":"4cb1a800-874d-4506-af4a-a9d38d38ffdd","event":"debug","phase":"RESPONSE","message":"Final POI count","latency_ms":4,"data":{"total_in_route":0,"returned":0,"by_category":[]}}
{"timestamp":"2025-12-29 22:02:31.000000","request_id":"db035815-c102-48c3-b05c-4672059593e4","event":"request_start","endpoint":"/api/pois-for-route","method":"POST","ip_address":"127.0.0.1","user_id":null}
{"timestamp":"2025-12-29 22:02:31.000000","request_id":"db035815-c102-48c3-b05c-4672059593e4","event":"debug","phase":"VALIDATION","message":"Polyline received","latency_ms":1,"data":{"point_count":1041}}
{"timestamp":"2025-12-29 22:02:31.000000","request_id":"db035815-c102-48c3-b05c-4672059593e4","event":"debug","phase":"VALIDATION","message":"Input validated","latency_ms":2,"data":{"polyline_points":1041,"categories":["fuel"],"radius_km":5}}
{"timestamp":"2025-12-29 22:02:31.000000","request_id":"db035815-c102-48c3-b05c-4672059593e4","event":"debug","phase":"BBOX_QUERY","message":"Executing spatial query","latency_ms":3,"data":{"min_lat":19.019789954954952,"max_lat":28.658954045045046,"min_lng":72.82949895495496,"max_lng":77.39003204504505,"categories":["fuel"]}}
{"timestamp":"2025-12-29 22:02:31.000000","request_id":"db035815-c102-48c3-b05c-4672059593e4","event":"debug","phase":"BBOX_RESULT","message":"Bounding box query completed","latency_ms":4,"data":{"pois_in_bbox":0}}
{"timestamp":"2025-12-29 22:02:31.000000","request_id":"db035815-c102-48c3-b05c-4672059593e4","event":"debug","phase":"DISTANCE_FILTER","message":"Starting distance-to-route filtering","latency_ms":4,"data":{"all_pois_count":0,"buffer_meters":5000}}
{"timestamp":"2025-12-29 22:02:31.000000","request_id":"db035815-c102-48c3-b05c-4672059593e4","event":"debug","phase":"DISTANCE_FILTER","message":"Filtering complete","latency_ms":4,"data":{"filtered_pois_count":0}}
{"timestamp":"2025-12-29 22:02:31.000000","request_id":"db035815-c102-48c3-b05c-4672059593e4","event":"response_error","endpoint":"/api/pois-for-route","http_code":200,"error_code":"POI_ZERO_RESULTS","message":"No POIs found within criteria","latency_ms":4,"user_id":null,"details":null}
{"timestamp":"2025-12-29 22:02:31.000000","request_id":"db035815-c102-48c3-b05c-4672059593e4","event":"debug","phase":"RESPONSE","message":"Final POI count","latency_ms":4,"data":{"total_in_route":0,"returned":0,"by_category":[]}}
{"timestamp":"2025-12-29 22:02:31.000000","request_id":"4a02ecf5-dec3-407f-af30-f53636e7f14c","event":"request_start","endpoint":"/api/pois-for-route","method":"POST","ip_address":"127.0.0.1","user_id":null}
{"timestamp":"2025-12-29 22:02:31.000000","request_id":"4a02ecf5-dec3-407f-af30-f53636e7f14c","event":"debug","phase":"VALIDATION","message":"Polyline received","latency_ms":1,"data":{"point_count":1041}}
{"timestamp":"2025-12-29 22:02:31.000000","request_id":"4a02ecf5-dec3-407f-af30-f53636e7f14c","event":"debug","phase":"VALIDATION","message":"Input validated","latency_ms":1,"data":{"polyline_points":1041,"categories":["restaurant","hospital","temple","fuel"],"radius_km":20}}
{"timestamp":"2025-12-29 22:02:31.000000","request_id":"4a02ecf5-dec3-407f-af30-f53636e7f14c","event":"debug","phase":"BBOX_QUERY","message":"Executing spatial query","latency_ms":2,"data":{"min_lat":18.88465481981982,"max_lat":28.79408918018018,"min_lng":72.69436381981981,"max_lng":77.52516718018019,"categories":["restaurant","hospital","temple","fuel"]}}
{"timestamp":"2025-12-29 22:02:31.000000","request_id":"4a02ecf5-dec3-407f-af30-f53636e7f14c","event":"debug","phase":"BBOX_RESULT","message":"Bounding box query completed","latency_ms":3,"data":{"pois_in_bbox":0}}
{"timestamp":"2025-12-29 22:02:31.000000","request_id":"4a02ecf5-dec3-407f-af30-f53636e7f14c","event":"debug","phase":"DISTANCE_FILTER","message":"Starting distance-to-route filtering","latency_ms":3,"data":{"all_pois_count":0,"buffer_meters":20000}}
{"timestamp":"2025-12-29 22:02:31.000000","request_id":"4a02ecf5-dec3-407f-af30-f53636e7f14c","event":"debug","phase":"DISTANCE_FILTER","message":"Filtering complete","latency_ms":4,"data":{"filtered_pois_count":0}}
{"timestamp":"2025-12-29 22:02:31.000000","request_id":"4a02ecf5-dec3-407f-af30-f53636e7f14c","event":"response_error","endpoint":"/api/pois-for-route","http_code":200,"error_code":"POI_ZERO_RESULTS","message":"No POIs found within criteria","latency_ms":4,"user_id":null,"details":null}
{"timestamp":"2025-12-29 22:02:31.000000","request_id":"4a02ecf5-dec3-407f-af30-f53636e7f14c","event":"debug","phase":"RESPONSE","message":"Final POI count","latency_ms":4,"data":{"total_in_route":0,"returned":0,"by_category":[]}}
{"timestamp":"2025-12-29 22:02:31.000000","request_id":"1c26ce4f-dd9f-4621-b6ce-0dc552bf758e","event":"request_start","endpoint":"/api/pois-for-route","method":"POST","ip_address":"127.0.0.1","user_id":null}
{"timestamp":"2025-12-29 22:02:31.000000","request_id":"1c26ce4f-dd9f-4621-b6ce-0dc552bf758e","event":"debug","phase":"VALIDATION","message":"Polyline received","latency_ms":1,"data":{"point_count":1041}}
{"timestamp":"2025-12-29 22:02:31.000000","request_id":"1c26ce4f-dd9f-4621-b6ce-0dc552bf758e","event":"debug","phase":"VALIDATION","message":"Input validated","latency_ms":2,"data":{"polyline_points":1041,"categories":["fuel"],"radius_km":5}}
{"timestamp":"2025-12-29 22:02:31.000000","request_id":"1c26ce4f-dd9f-4621-b6ce-0dc552bf758e","event":"debug","phase":"BBOX_QUERY","message":"Executing spatial query","latency_ms":2,"data":{"min_lat":19.019789954954952,"max_lat":28.658954045045046,"min_lng":72.82949895495496,"max_lng":77.39003204504505,"categories":["fuel"]}}
{"timestamp":"2025-12-29 22:02:31.000000","request_id":"1c26ce4f-dd9f-4621-b6ce-0dc552bf758e","event":"debug","phase":"BBOX_RESULT","message":"Bounding box query completed","latency_ms":4,"data":{"pois_in_bbox":0}}
{"timestamp":"2025-12-29 22:02:31.000000","request_id":"1c26ce4f-dd9f-4621-b6ce-0dc552bf758e","event":"debug","phase":"DISTANCE_FILTER","message":"Starting distance-to-route filtering","latency_ms":4,"data":{"all_pois_count":0,"buffer_meters":5000}}
{"timestamp":"2025-12-29 22:02:31.000000","request_id":"1c26ce4f-dd9f-4621-b6ce-0dc552bf758e","event":"debug","phase":"DISTANCE_FILTER","message":"Filtering complete","latency_ms":4,"data":{"filtered_pois_count":0}}
{"timestamp":"2025-12-29 22:02:31.000000","request_id":"1c26ce4f-dd9f-4621-b6ce-0dc552bf758e","event":"response_error","endpoint":"/api/pois-for-route","http_code":200,"error_code":"POI_ZERO_RESULTS","message":"No POIs found within criteria","latency_ms":5,"user_id":null,"details":null}
{"timestamp":"2025-12-29 22:02:31.000000","request_id":"1c26ce4f-dd9f-4621-b6ce-0dc552bf758e","event":"debug","phase":"RESPONSE","message":"Final POI count","latency_ms":5,"data":{"total_in_route":0,"returned":0,"by_category":[]}}
{"timestamp":"2025-12-29 22:02:31.000000","request_id":"61b4ec8f-5d82-49b0-b15d-429841b801b4","event":"request_start","endpoint":"/api/pois-for-route","method":"POST","ip_address":"127.0.0.1","user_id":null}
{"timestamp":"2025-12-29 22:02:31.000000","request_id":"61b4ec8f-5d82-49b0-b15d-429841b801b4","event":"debug","phase":"VALIDATION","message":"Polyline received","latency_ms":0,"data":{"point_count":1041}}
{"timestamp":"2025-12-29 22:02:31.000000","request_id":"61b4ec8f-5d82-49b0-b15d-429841b801b4","event":"debug","phase":"VALIDATION","message":"Input validated","latency_ms":1,"data":{"polyline_points":1041,"categories":["restaurant","hospital","temple","fuel"],"radius_km":20}}
{"timestamp":"2025-12-29 22:02:31.000000","request_id":"61b4ec8f-5d82-49b0-b15d-429841b801b4","event":"debug","phase":"BBOX_QUERY","message":"Executing spatial query","latency_ms":1,"data":{"min_lat":18.88465481981982,"max_lat":28.79408918018018,"min_lng":72.69436381981981,"max_lng":77.52516718018019,"categories":["restaurant","hospital","temple","fuel"]}}
{"timestamp":"2025-12-29 22:02:31.000000","request_id":"61b4ec8f-5d82-49b0-b15d-429841b801b4","event":"debug","phase":"BBOX_RESULT","message":"Bounding box query completed","latency_ms":2,"data":{"pois_in_bbox":0}}
{"timestamp":"2025-12-29 22:02:31.000000","request_id":"61b4ec8f-5d82-49b0-b15d-429841b801b4","event":"debug","phase":"DISTANCE_FILTER","message":"Starting distance-to-route filtering","latency_ms":2,"data":{"all_pois_count":0,"buffer_meters":20000}}
{"timestamp":"2025-12-29 22:02:31.000000","request_id":"61b4ec8f-5d82-49b0-b15d-429841b801b4","event":"debug","phase":"DISTANCE_FILTER","message":"Filtering complete","latency_ms":2,"data":{"filtered_pois_count":0}}
{"timestamp":"2025-12-29 22:02:31.000000","request_id":"61b4ec8f-5d82-49b0-b15d-429841b801b4","event":"response_error","endpoint":"/api/pois-for-route","http_code":200,"error_code":"POI_ZERO_RESULTS","message":"No POIs found within criteria","latency_ms":3,"user_id":null,"details":null}
{"timestamp":"2025-12-29 22:02:31.000000","request_id":"61b4ec8f-5d82-49b0-b15d-429841b801b4","event":"debug","phase":"RESPONSE","message":"Final POI count","latency_ms":3,"data":{"total_in_route":0,"returned":0,"by_category":[]}}
{"timestamp":"2025-12-29 22:02:31.000000","request_id":"0f116f61-431b-471e-83fb-c26426258920","event":"request_start","endpoint":"/api/pois-for-route","method":"POST","ip_address":"127.0.0.1","user_id":null}
{"timestamp":"2025-12-29 22:02:31.000000","request_id":"0f116f61-431b-471e-83fb-c26426258920","event":"debug","phase":"VALIDATION","message":"Polyline received","latency_ms":1,"data":{"point_count":1041}}
{"timestamp":"2025-12-29 22:02:31.000000","request_id":"0f116f61-431b-471e-83fb-c26426258920","event":"debug","phase":"VALIDATION","message":"Input validated","latency_ms":2,"data":{"polyline_points":1041,"categories":["fuel"],"radius_km":5}}
{"timestamp":"2025-12-29 22:02:31.000000","request_id":"0f116f61-431b-471e-83fb-c26426258920","event":"debug","phase":"BBOX_QUERY","message":"Executing spatial query","latency_ms":2,"data":{"min_lat":19.019789954954952,"max_lat":28.658954045045046,"min_lng":72.82949895495496,"max_lng":77.39003204504505,"categories":["fuel"]}}
{"timestamp":"2025-12-29 22:02:31.000000","request_id":"0f116f61-431b-471e-83fb-c26426258920","event":"debug","phase":"BBOX_RESULT","message":"Bounding box query completed","latency_ms":4,"data":{"pois_in_bbox":0}}
{"timestamp":"2025-12-29 22:02:31.000000","request_id":"0f116f61-431b-471e-83fb-c26426258920","event":"debug","phase":"DISTANCE_FILTER","message":"Starting distance-to-route filtering","latency_ms":5,"data":{"all_pois_count":0,"buffer_meters":5000}}
{"timestamp":"2025-12-29 22:02:31.000000","request_id":"0f116f61-431b-471e-83fb-c26426258920","event":"debug","phase":"DISTANCE_FILTER","message":"Filtering complete","latency_ms":5,"data":{"filtered_pois_count":0}}
{"timestamp":"2025-12-29 22:02:31.000000","request_id":"0f116f61-431b-471e-83fb-c26426258920","event":"response_error","endpoint":"/api/pois-for-route","http_code":200,"error_code":"POI_ZERO_RESULTS","message":"No POIs found within criteria","latency_ms":5,"user_id":null,"details":null}
{"timestamp":"2025-12-29 22:02:31.000000","request_id":"0f116f61-431b-471e-83fb-c26426258920","event":"debug","phase":"RESPONSE","message":"Final POI count","latency_ms":5,"data":{"total_in_route":0,"returned":0,"by_category":[]}}
{"timestamp":"2025-12-29 22:02:31.000000","request_id":"6441e7f4-fce6-4c1d-83ed-dc25f1cb8a3b","event":"request_start","endpoint":"/api/pois-for-route","method":"POST","ip_address":"127.0.0.1","user_id":null}
{"timestamp":"2025-12-29 22:02:31.000000","request_id":"6441e7f4-fce6-4c1d-83ed-dc25f1cb8a3b","event":"debug","phase":"VALIDATION","message":"Polyline received","latency_ms":1,"data":{"point_count":1041}}
{"timestamp":"2025-12-29 22:02:31.000000","request_id":"6441e7f4-fce6-4c1d-83ed-dc25f1cb8a3b","event":"debug","phase":"VALIDATION","message":"Input validated","latency_ms":1,"data":{"polyline_points":1041,"categories":["restaurant","hospital","temple","fuel"],"radius_km":20}}
{"timestamp":"2025-12-29 22:02:31.000000","request_id":"6441e7f4-fce6-4c1d-83ed-dc25f1cb8a3b","event":"debug","phase":"BBOX_QUERY","message":"Executing spatial query","latency_ms":2,"data":{"min_lat":18.88465481981982,"max_lat":28.79408918018018,"min_lng":72.69436381981981,"max_lng":77.52516718018019,"categories":["restaurant","hospital","temple","fuel"]}}
{"timestamp":"2025-12-29 22:02:31.000000","request_id":"6441e7f4-fce6-4c1d-83ed-dc25f1cb8a3b","event":"debug","phase":"BBOX_RESULT","message":"Bounding box query completed","latency_ms":3,"data":{"pois_in_bbox":0}}
{"timestamp":"2025-12-29 22:02:31.000000","request_id":"6441e7f4-fce6-4c1d-83ed-dc25f1cb8a3b","event":"debug","phase":"DISTANCE_FILTER","message":"Starting distance-to-route filtering","latency_ms":4,"data":{"all_pois_count":0,"buffer_meters":20000}}
{"timestamp":"2025-12-29 22:02:31.000000","request_id":"6441e7f4-fce6-4c1d-83ed-dc25f1cb8a3b","event":"debug","phase":"DISTANCE_FILTER","message":"Filtering complete","latency_ms":4,"data":{"filtered_pois_count":0}}
{"timestamp":"2025-12-29 22:02:31.000000","request_id":"6441e7f4-fce6-4c1d-83ed-dc25f1cb8a3b","event":"response_error","endpoint":"/api/pois-for-route","http_code":200,"error_code":"POI_ZERO_RESULTS","message":"No POIs found within criteria","latency_ms":5,"user_id":null,"details":null}
{"timestamp":"2025-12-29 22:02:31.000000","request_id":"6441e7f4-fce6-4c1d-83ed-dc25f1cb8a3b","event":"debug","phase":"RESPONSE","message":"Final POI count","latency_ms":5,"data":{"total_in_route":0,"returned":0,"by_category":[]}}
{"timestamp":"2025-12-29 22:02:31.000000","request_id":"07c9cfa5-d832-4acf-b20a-c02f262ee7de","event":"request_start","endpoint":"/api/pois-for-route","method":"POST","ip_address":"127.0.0.1","user_id":null}
{"timestamp":"2025-12-29 22:02:31.000000","request_id":"07c9cfa5-d832-4acf-b20a-c02f262ee7de","event":"debug","phase":"VALIDATION","message":"Polyline received","latency_ms":2,"data":{"point_count":1041}}
{"timestamp":"2025-12-29 22:02:31.000000","request_id":"07c9cfa5-d832-4acf-b20a-c02f262ee7de","event":"debug","phase":"VALIDATION","message":"Input validated","latency_ms":2,"data":{"polyline_points":1041,"categories":["fuel"],"radius_km":5}}
{"timestamp":"2025-12-29 22:02:31.000000","request_id":"07c9cfa5-d832-4acf-b20a-c02f262ee7de","event":"debug","phase":"BBOX_QUERY","message":"Executing spatial query","latency_ms":3,"data":{"min_lat":19.019789954954952,"max_lat":28.658954045045046,"min_lng":72.82949895495496,"max_lng":77.39003204504505,"categories":["fuel"]}}
{"timestamp":"2025-12-29 22:02:31.000000","request_id":"07c9cfa5-d832-4acf-b20a-c02f262ee7de","event":"debug","phase":"BBOX_RESULT","message":"Bounding box query completed","latency_ms":5,"data":{"pois_in_bbox":0}}
{"timestamp":"2025-12-29 22:02:31.000000","request_id":"07c9cfa5-d832-4acf-b20a-c02f262ee7de","event":"debug","phase":"DISTANCE_FILTER","message":"Starting distance-to-route filtering","latency_ms":5,"data":{"all_pois_count":0,"buffer_meters":5000}}
{"timestamp":"2025-12-29 22:02:31.000000","request_id":"07c9cfa5-d832-4acf-b20a-c02f262ee7de","event":"debug","phase":"DISTANCE_FILTER","message":"Filtering complete","latency_ms":6,"data":{"filtered_pois_count":0}}
{"timestamp":"2025-12-29 22:02:31.000000","request_id":"07c9cfa5-d832-4acf-b20a-c02f262ee7de","event":"response_error","endpoint":"/api/pois-for-route","http_code":200,"error_code":"POI_ZERO_RESULTS","message":"No POIs found within criteria","latency_ms":7,"user_id":null,"details":null}
{"timestamp":"2025-12-29 22:02:31.000000","request_id":"07c9cfa5-d832-4acf-b20a-c02f262ee7de","event":"debug","phase":"RESPONSE","message":"Final POI count","latency_ms":7,"data":{"total_in_route":0,"returned":0,"by_category":[]}}
{"timestamp":"2025-12-29 22:02:31.000000","request_id":"a39b6b50-e5ae-4a99-a616-607cc2233016","event":"request_start","endpoint":"/api/pois-for-route","method":"POST","ip_address":"127.0.0.1","user_id":null}
{"timestamp":"2025-12-29 22:02:31.000000","request_id":"a39b6b50-e5ae-4a99-a616-607cc2233016","event":"debug","phase":"VALIDATION","message":"Polyline received","latency_ms":1,"data":{"point_count":1041}}
{"timestamp":"2025-12-29 22:02:31.000000","request_id":"a39b6b50-e5ae-4a99-a616-607cc2233016","event":"debug","phase":"VALIDATION","message":"Input validated","latency_ms":1,"data":{"polyline_points":1041,"categories":["restaurant","hospital","temple","fuel"],"radius_km":20}}
{"timestamp":"2025-12-29 22:02:31.000000","request_id":"a39b6b50-e5ae-4a99-a616-607cc2233016","event":"debug","phase":"BBOX_QUERY","message":"Executing spatial query","latency_ms":2,"data":{"min_lat":18.88465481981982,"max_lat":28.79408918018018,"min_lng":72.69436381981981,"max_lng":77.52516718018019,"categories":["restaurant","hospital","temple","fuel"]}}
{"timestamp":"2025-12-29 22:02:31.000000","request_id":"a39b6b50-e5ae-4a99-a616-607cc2233016","event":"debug","phase":"BBOX_RESULT","message":"Bounding box query completed","latency_ms":4,"data":{"pois_in_bbox":0}}
{"timestamp":"2025-12-29 22:02:31.000000","request_id":"a39b6b50-e5ae-4a99-a616-607cc2233016","event":"debug","phase":"DISTANCE_FILTER","message":"Starting distance-to-route filtering","latency_ms":4,"data":{"all_pois_count":0,"buffer_meters":20000}}
{"timestamp":"2025-12-29 22:02:31.000000","request_id":"a39b6b50-e5ae-4a99-a616-607cc2233016","event":"debug","phase":"DISTANCE_FILTER","message":"Filtering complete","latency_ms":5,"data":{"filtered_pois_count":0}}
{"timestamp":"2025-12-29 22:02:31.000000","request_id":"a39b6b50-e5ae-4a99-a616-607cc2233016","event":"response_error","endpoint":"/api/pois-for-route","http_code":200,"error_code":"POI_ZERO_RESULTS","message":"No POIs found within criteria","latency_ms":5,"user_id":null,"details":null}
{"timestamp":"2025-12-29 22:02:31.000000","request_id":"a39b6b50-e5ae-4a99-a616-607cc2233016","event":"debug","phase":"RESPONSE","message":"Final POI count","latency_ms":6,"data":{"total_in_route":0,"returned":0,"by_category":[]}}
{"timestamp":"2025-12-29 22:02:32.000000","request_id":"a250728e-f935-4912-834f-c119e78ff22f","event":"request_start","endpoint":"/api/pois-for-route","method":"POST","ip_address":"127.0.0.1","user_id":null}
{"timestamp":"2025-12-29 22:02:32.000000","request_id":"a250728e-f935-4912-834f-c119e78ff22f","event":"debug","phase":"VALIDATION","message":"Polyline received","latency_ms":1,"data":{"point_count":1041}}
{"timestamp":"2025-12-29 22:02:32.000000","request_id":"a250728e-f935-4912-834f-c119e78ff22f","event":"debug","phase":"VALIDATION","message":"Input validated","latency_ms":2,"data":{"polyline_points":1041,"categories":["fuel"],"radius_km":5}}
{"timestamp":"2025-12-29 22:02:32.000000","request_id":"a250728e-f935-4912-834f-c119e78ff22f","event":"debug","phase":"BBOX_QUERY","message":"Executing spatial query","latency_ms":2,"data":{"min_lat":19.019789954954952,"max_lat":28.658954045045046,"min_lng":72.82949895495496,"max_lng":77.39003204504505,"categories":["fuel"]}}
{"timestamp":"2025-12-29 22:02:32.000000","request_id":"a250728e-f935-4912-834f-c119e78ff22f","event":"debug","phase":"BBOX_RESULT","message":"Bounding box query completed","latency_ms":4,"data":{"pois_in_bbox":0}}
{"timestamp":"2025-12-29 22:02:32.000000","request_id":"a250728e-f935-4912-834f-c119e78ff22f","event":"debug","phase":"DISTANCE_FILTER","message":"Starting distance-to-route filtering","latency_ms":5,"data":{"all_pois_count":0,"buffer_meters":5000}}
{"timestamp":"2025-12-29 22:02:32.000000","request_id":"a250728e-f935-4912-834f-c119e78ff22f","event":"debug","phase":"DISTANCE_FILTER","message":"Filtering complete","latency_ms":5,"data":{"filtered_pois_count":0}}
{"timestamp":"2025-12-29 22:02:32.000000","request_id":"a250728e-f935-4912-834f-c119e78ff22f","event":"response_error","endpoint":"/api/pois-for-route","http_code":200,"error_code":"POI_ZERO_RESULTS","message":"No POIs found within criteria","latency_ms":6,"user_id":null,"details":null}
{"timestamp":"2025-12-29 22:02:32.000000","request_id":"a250728e-f935-4912-834f-c119e78ff22f","event":"debug","phase":"RESPONSE","message":"Final POI count","latency_ms":6,"data":{"total_in_route":0,"returned":0,"by_category":[]}}
{"timestamp":"2025-12-29 22:02:32.000000","request_id":"7b875539-cf21-42ab-a96e-68751115d2a3","event":"request_start","endpoint":"/api/pois-for-route","method":"POST","ip_address":"127.0.0.1","user_id":null}
{"timestamp":"2025-12-29 22:02:32.000000","request_id":"7b875539-cf21-42ab-a96e-68751115d2a3","event":"debug","phase":"VALIDATION","message":"Polyline received","latency_ms":2,"data":{"point_count":1041}}
{"timestamp":"2025-12-29 22:02:32.000000","request_id":"7b875539-cf21-42ab-a96e-68751115d2a3","event":"debug","phase":"VALIDATION","message":"Input validated","latency_ms":3,"data":{"polyline_points":1041,"categories":["restaurant","hospital","temple","fuel"],"radius_km":20}}
{"timestamp":"2025-12-29 22:02:32.000000","request_id":"7b875539-cf21-42ab-a96e-68751115d2a3","event":"debug","phase":"BBOX_QUERY","message":"Executing spatial query","latency_ms":4,"data":{"min_lat":18.88465481981982,"max_lat":28.79408918018018,"min_lng":72.69436381981981,"max_lng":77.52516718018019,"categories":["restaurant","hospital","temple","fuel"]}}
{"timestamp":"2025-12-29 22:02:32.000000","request_id":"7b875539-cf21-42ab-a96e-68751115d2a3","event":"debug","phase":"BBOX_RESULT","message":"Bounding box query completed","latency_ms":5,"data":{"pois_in_bbox":0}}
{"timestamp":"2025-12-29 22:02:32.000000","request_id":"7b875539-cf21-42ab-a96e-68751115d2a3","event":"debug","phase":"DISTANCE_FILTER","message":"Starting distance-to-route filtering","latency_ms":6,"data":{"all_pois_count":0,"buffer_meters":20000}}
{"timestamp":"2025-12-29 22:02:32.000000","request_id":"7b875539-cf21-42ab-a96e-68751115d2a3","event":"debug","phase":"DISTANCE_FILTER","message":"Filtering complete","latency_ms":6,"data":{"filtered_pois_count":0}}
{"timestamp":"2025-12-29 22:02:32.000000","request_id":"7b875539-cf21-42ab-a96e-68751115d2a3","event":"response_error","endpoint":"/api/pois-for-route","http_code":200,"error_code":"POI_ZERO_RESULTS","message":"No POIs found within criteria","latency_ms":6,"user_id":null,"details":null}
{"timestamp":"2025-12-29 22:02:32.000000","request_id":"7b875539-cf21-42ab-a96e-68751115d2a3","event":"debug","phase":"RESPONSE","message":"Final POI count","latency_ms":6,"data":{"total_in_route":0,"returned":0,"by_category":[]}}
{"timestamp":"2025-12-29 22:02:59.000000","request_id":"41887a8f-efda-475b-91dd-0c5bccfd900e","event":"request_start","endpoint":"/api/trips","method":"GET","ip_address":"127.0.0.1","user_id":null}
{"timestamp":"2025-12-29 22:02:59.000000","request_id":"41887a8f-efda-475b-91dd-0c5bccfd900e","event":"response_success","endpoint":"/api/trips","http_code":200,"latency_ms":10,"cache_hit":false,"cache_miss":false,"data_count":5}
{"timestamp":"2025-12-29 22:02:59.000000","request_id":"d89a7f9a-1fd3-4315-a582-091aad66bc4f","event":"request_start","endpoint":"/api/trips","method":"GET","ip_address":"127.0.0.1","user_id":null}
{"timestamp":"2025-12-29 22:02:59.000000","request_id":"d89a7f9a-1fd3-4315-a582-091aad66bc4f","event":"response_success","endpoint":"/api/trips","http_code":200,"latency_ms":1,"cache_hit":false,"cache_miss":false,"data_count":5}
{"timestamp":"2025-12-29 22:02:59.000000","request_id":"29aaeead-2477-4d75-a661-2067f86b0ffd","event":"request_start","endpoint":"/api/pois-for-route","method":"POST","ip_address":"127.0.0.1","user_id":null}
{"timestamp":"2025-12-29 22:02:59.000000","request_id":"29aaeead-2477-4d75-a661-2067f86b0ffd","event":"debug","phase":"VALIDATION","message":"Polyline received","latency_ms":1,"data":{"point_count":1041}}
{"timestamp":"2025-12-29 22:02:59.000000","request_id":"29aaeead-2477-4d75-a661-2067f86b0ffd","event":"debug","phase":"VALIDATION","message":"Input validated","latency_ms":1,"data":{"polyline_points":1041,"categories":["fuel","toll","restaurant","hospital"],"radius_km":3}}
{"timestamp":"2025-12-29 22:02:59.000000","request_id":"29aaeead-2477-4d75-a661-2067f86b0ffd","event":"debug","phase":"BBOX_QUERY","message":"Executing spatial query","latency_ms":2,"data":{"min_lat":19.03780797297297,"max_lat":28.640936027027028,"min_lng":72.84751697297297,"max_lng":77.37201402702703,"categories":["fuel","toll","restaurant","hospital"]}}
{"timestamp":"2025-12-29 22:02:59.000000","request_id":"29aaeead-2477-4d75-a661-2067f86b0ffd","event":"debug","phase":"BBOX_RESULT","message":"Bounding box query completed","latency_ms":4,"data":{"pois_in_bbox":0}}
{"timestamp":"2025-12-29 22:02:59.000000","request_id":"29aaeead-2477-4d75-a661-2067f86b0ffd","event":"debug","phase":"DISTANCE_FILTER","message":"Starting distance-to-route filtering","latency_ms":5,"data":{"all_pois_count":0,"buffer_meters":3000}}
{"timestamp":"2025-12-29 22:02:59.000000","request_id":"29aaeead-2477-4d75-a661-2067f86b0ffd","event":"debug","phase":"DISTANCE_FILTER","message":"Filtering complete","latency_ms":5,"data":{"filtered_pois_count":0}}
{"timestamp":"2025-12-29 22:02:59.000000","request_id":"29aaeead-2477-4d75-a661-2067f86b0ffd","event":"response_error","endpoint":"/api/pois-for-route","http_code":200,"error_code":"POI_ZERO_RESULTS","message":"No POIs found within criteria","latency_ms":6,"user_id":null,"details":null}
{"timestamp":"2025-12-29 22:02:59.000000","request_id":"29aaeead-2477-4d75-a661-2067f86b0ffd","event":"debug","phase":"RESPONSE","message":"Final POI count","latency_ms":6,"data":{"total_in_route":0,"returned":0,"by_category":[]}}
{"timestamp":"2025-12-29 22:03:09.000000","request_id":"547c5c03-dacf-4ac1-8c6b-d7043917f55a","event":"request_start","endpoint":"/api/pois-for-route","method":"POST","ip_address":"127.0.0.1","user_id":null}
{"timestamp":"2025-12-29 22:03:09.000000","request_id":"547c5c03-dacf-4ac1-8c6b-d7043917f55a","event":"debug","phase":"VALIDATION","message":"Polyline received","latency_ms":1,"data":{"point_count":1041}}
{"timestamp":"2025-12-29 22:03:09.000000","request_id":"547c5c03-dacf-4ac1-8c6b-d7043917f55a","event":"debug","phase":"VALIDATION","message":"Input validated","latency_ms":1,"data":{"polyline_points":1041,"categories":["temple","fuel","charger","toll","restaurant","hospital"],"radius_km":3}}
{"timestamp":"2025-12-29 22:03:09.000000","request_id":"547c5c03-dacf-4ac1-8c6b-d7043917f55a","event":"debug","phase":"BBOX_QUERY","message":"Executing spatial query","latency_ms":2,"data":{"min_lat":19.03780797297297,"max_lat":28.640936027027028,"min_lng":72.84751697297297,"max_lng":77.37201402702703,"categories":["temple","fuel","charger","toll","restaurant","hospital"]}}
{"timestamp":"2025-12-29 22:03:09.000000","request_id":"547c5c03-dacf-4ac1-8c6b-d7043917f55a","event":"debug","phase":"BBOX_RESULT","message":"Bounding box query completed","latency_ms":4,"data":{"pois_in_bbox":0}}
{"timestamp":"2025-12-29 22:03:09.000000","request_id":"547c5c03-dacf-4ac1-8c6b-d7043917f55a","event":"debug","phase":"DISTANCE_FILTER","message":"Starting distance-to-route filtering","latency_ms":5,"data":{"all_pois_count":0,"buffer_meters":3000}}
{"timestamp":"2025-12-29 22:03:09.000000","request_id":"547c5c03-dacf-4ac1-8c6b-d7043917f55a","event":"debug","phase":"DISTANCE_FILTER","message":"Filtering complete","latency_ms":5,"data":{"filtered_pois_count":0}}
{"timestamp":"2025-12-29 22:03:09.000000","request_id":"547c5c03-dacf-4ac1-8c6b-d7043917f55a","event":"response_error","endpoint":"/api/pois-for-route","http_code":200,"error_code":"POI_ZERO_RESULTS","message":"No POIs found within criteria","latency_ms":6,"user_id":null,"details":null}
{"timestamp":"2025-12-29 22:03:09.000000","request_id":"547c5c03-dacf-4ac1-8c6b-d7043917f55a","event":"debug","phase":"RESPONSE","message":"Final POI count","latency_ms":6,"data":{"total_in_route":0,"returned":0,"by_category":[]}}
{"timestamp":"2025-12-29 22:05:04.000000","request_id":"6f6f8546-2207-41b7-aee8-24d51d4cf861","event":"request_start","endpoint":"/api/pois-for-route","method":"POST","ip_address":"127.0.0.1","user_id":null}
{"timestamp":"2025-12-29 22:05:04.000000","request_id":"6f6f8546-2207-41b7-aee8-24d51d4cf861","event":"debug","phase":"VALIDATION","message":"Polyline received","latency_ms":1,"data":{"point_count":1041}}
{"timestamp":"2025-12-29 22:05:04.000000","request_id":"6f6f8546-2207-41b7-aee8-24d51d4cf861","event":"debug","phase":"VALIDATION","message":"Input validated","latency_ms":1,"data":{"polyline_points":1041,"categories":["temple","fuel","charger","toll","restaurant","hospital"],"radius_km":3}}
{"timestamp":"2025-12-29 22:05:04.000000","request_id":"6f6f8546-2207-41b7-aee8-24d51d4cf861","event":"debug","phase":"BBOX_QUERY","message":"Executing spatial query","latency_ms":2,"data":{"min_lat":19.03780797297297,"max_lat":28.640936027027028,"min_lng":72.84751697297297,"max_lng":77.37201402702703,"categories":["temple","fuel","charger","toll","restaurant","hospital"]}}
{"timestamp":"2025-12-29 22:05:04.000000","request_id":"6f6f8546-2207-41b7-aee8-24d51d4cf861","event":"debug","phase":"BBOX_RESULT","message":"Bounding box query completed","latency_ms":3,"data":{"pois_in_bbox":0}}
{"timestamp":"2025-12-29 22:05:04.000000","request_id":"6f6f8546-2207-41b7-aee8-24d51d4cf861","event":"debug","phase":"DISTANCE_FILTER","message":"Starting distance-to-route filtering","latency_ms":4,"data":{"all_pois_count":0,"buffer_meters":3000}}
{"timestamp":"2025-12-29 22:05:04.000000","request_id":"6f6f8546-2207-41b7-aee8-24d51d4cf861","event":"debug","phase":"DISTANCE_FILTER","message":"Filtering complete","latency_ms":5,"data":{"filtered_pois_count":0}}
{"timestamp":"2025-12-29 22:05:04.000000","request_id":"6f6f8546-2207-41b7-aee8-24d51d4cf861","event":"response_error","endpoint":"/api/pois-for-route","http_code":200,"error_code":"POI_ZERO_RESULTS","message":"No POIs found within criteria","latency_ms":5,"user_id":null,"details":null}
{"timestamp":"2025-12-29 22:05:04.000000","request_id":"6f6f8546-2207-41b7-aee8-24d51d4cf861","event":"debug","phase":"RESPONSE","message":"Final POI count","latency_ms":6,"data":{"total_in_route":0,"returned":0,"by_category":[]}}
{"timestamp":"2025-12-29 22:18:55.000000","request_id":"709b933e-1f66-404a-8c21-0f16763ea16f","event":"request_start","endpoint":"/api/pois-for-route","method":"POST","ip_address":"127.0.0.1","user_id":null}
{"timestamp":"2025-12-29 22:18:55.000000","request_id":"709b933e-1f66-404a-8c21-0f16763ea16f","event":"debug","phase":"VALIDATION","message":"Polyline received","latency_ms":3,"data":{"point_count":1041}}
{"timestamp":"2025-12-29 22:18:55.000000","request_id":"709b933e-1f66-404a-8c21-0f16763ea16f","event":"debug","phase":"VALIDATION","message":"Input validated","latency_ms":4,"data":{"polyline_points":1041,"categories":["toll","restaurant","hospital","fuel","charger"],"radius_km":3}}
{"timestamp":"2025-12-29 22:18:55.000000","request_id":"709b933e-1f66-404a-8c21-0f16763ea16f","event":"debug","phase":"BBOX_QUERY","message":"Executing spatial query","latency_ms":6,"data":{"min_lat":19.03780797297297,"max_lat":28.640936027027028,"min_lng":72.84751697297297,"max_lng":77.37201402702703,"categories":["toll","restaurant","hospital","fuel","charger"]}}
{"timestamp":"2025-12-29 22:18:55.000000","request_id":"709b933e-1f66-404a-8c21-0f16763ea16f","event":"debug","phase":"BBOX_RESULT","message":"Bounding box query completed","latency_ms":72,"data":{"pois_in_bbox":0}}
{"timestamp":"2025-12-29 22:18:55.000000","request_id":"709b933e-1f66-404a-8c21-0f16763ea16f","event":"debug","phase":"DISTANCE_FILTER","message":"Starting distance-to-route filtering","latency_ms":73,"data":{"all_pois_count":0,"buffer_meters":3000}}
{"timestamp":"2025-12-29 22:18:55.000000","request_id":"709b933e-1f66-404a-8c21-0f16763ea16f","event":"debug","phase":"DISTANCE_FILTER","message":"Filtering complete","latency_ms":73,"data":{"filtered_pois_count":0}}
{"timestamp":"2025-12-29 22:18:55.000000","request_id":"709b933e-1f66-404a-8c21-0f16763ea16f","event":"response_error","endpoint":"/api/pois-for-route","http_code":200,"error_code":"POI_ZERO_RESULTS","message":"No POIs found within criteria","latency_ms":79,"user_id":null,"details":null}
{"timestamp":"2025-12-29 22:18:55.000000","request_id":"709b933e-1f66-404a-8c21-0f16763ea16f","event":"debug","phase":"RESPONSE","message":"Final POI count","latency_ms":81,"data":{"total_in_route":0,"returned":0,"by_category":[]}}
{"timestamp":"2025-12-29 22:21:06.000000","request_id":"3e9f3f02-bfba-4c00-a737-34bc9df0bd2f","event":"request_start","endpoint":"/api/pois-for-route","method":"POST","ip_address":"127.0.0.1","user_id":null}
{"timestamp":"2025-12-29 22:21:06.000000","request_id":"3e9f3f02-bfba-4c00-a737-34bc9df0bd2f","event":"debug","phase":"VALIDATION","message":"Polyline received","latency_ms":1,"data":{"point_count":722}}
{"timestamp":"2025-12-29 22:21:06.000000","request_id":"3e9f3f02-bfba-4c00-a737-34bc9df0bd2f","event":"debug","phase":"VALIDATION","message":"Input validated","latency_ms":2,"data":{"polyline_points":722,"categories":["temple","fuel","charger","toll","restaurant","hospital"],"radius_km":3}}
{"timestamp":"2025-12-29 22:21:06.000000","request_id":"3e9f3f02-bfba-4c00-a737-34bc9df0bd2f","event":"debug","phase":"BBOX_QUERY","message":"Executing spatial query","latency_ms":3,"data":{"min_lat":16.48623297297297,"max_lat":19.101060027027028,"min_lng":72.84198797297297,"max_lng":80.63062602702703,"categories":["temple","fuel","charger","toll","restaurant","hospital"]}}
{"timestamp":"2025-12-29 22:21:06.000000","request_id":"3e9f3f02-bfba-4c00-a737-34bc9df0bd2f","event":"debug","phase":"BBOX_RESULT","message":"Bounding box query completed","latency_ms":11,"data":{"pois_in_bbox":4}}
{"timestamp":"2025-12-29 22:21:06.000000","request_id":"3e9f3f02-bfba-4c00-a737-34bc9df0bd2f","event":"debug","phase":"DISTANCE_FILTER","message":"Starting distance-to-route filtering","latency_ms":12,"data":{"all_pois_count":4,"buffer_meters":3000}}
{"timestamp":"2025-12-29 22:21:06.000000","request_id":"3e9f3f02-bfba-4c00-a737-34bc9df0bd2f","event":"debug","phase":"DISTANCE_FILTER","message":"Filtering complete","latency_ms":14,"data":{"filtered_pois_count":0}}
{"timestamp":"2025-12-29 22:21:06.000000","request_id":"3e9f3f02-bfba-4c00-a737-34bc9df0bd2f","event":"response_error","endpoint":"/api/pois-for-route","http_code":200,"error_code":"POI_ZERO_RESULTS","message":"No POIs found within criteria","latency_ms":14,"user_id":null,"details":null}
{"timestamp":"2025-12-29 22:21:06.000000","request_id":"3e9f3f02-bfba-4c00-a737-34bc9df0bd2f","event":"debug","phase":"RESPONSE","message":"Final POI count","latency_ms":15,"data":{"total_in_route":0,"returned":0,"by_category":[]}}
{"timestamp":"2025-12-29 22:32:52.000000","request_id":"6214505e-f078-4930-b18d-8ae0b638bb28","event":"request_start","endpoint":"/api/pois-for-route","method":"POST","ip_address":"127.0.0.1","user_id":null}
{"timestamp":"2025-12-29 22:32:52.000000","request_id":"6214505e-f078-4930-b18d-8ae0b638bb28","event":"debug","phase":"VALIDATION","message":"Polyline received","latency_ms":3,"data":{"point_count":1780}}
{"timestamp":"2025-12-29 22:32:52.000000","request_id":"6214505e-f078-4930-b18d-8ae0b638bb28","event":"debug","phase":"VALIDATION","message":"Input validated","latency_ms":4,"data":{"polyline_points":1780,"categories":["temple","fuel","charger","toll","restaurant","hospital"],"radius_km":3}}
{"timestamp":"2025-12-29 22:32:52.000000","request_id":"6214505e-f078-4930-b18d-8ae0b638bb28","event":"debug","phase":"BBOX_QUERY","message":"Executing spatial query","latency_ms":4,"data":{"min_lat":13.076959972972974,"max_lat":28.640936027027028,"min_lng":77.18197997297297,"max_lng":80.30056402702704,"categories":["temple","fuel","charger","toll","restaurant","hospital"]}}
{"timestamp":"2025-12-29 22:32:52.000000","request_id":"6214505e-f078-4930-b18d-8ae0b638bb28","event":"debug","phase":"BBOX_RESULT","message":"Bounding box query completed","latency_ms":60,"data":{"pois_in_bbox":4}}
{"timestamp":"2025-12-29 22:32:52.000000","request_id":"6214505e-f078-4930-b18d-8ae0b638bb28","event":"debug","phase":"DISTANCE_FILTER","message":"Starting distance-to-route filtering","latency_ms":60,"data":{"all_pois_count":4,"buffer_meters":3000}}
{"timestamp":"2025-12-29 22:32:52.000000","request_id":"6214505e-f078-4930-b18d-8ae0b638bb28","event":"debug","phase":"DISTANCE_FILTER","message":"Filtering complete","latency_ms":61,"data":{"filtered_pois_count":0}}
{"timestamp":"2025-12-29 22:32:52.000000","request_id":"6214505e-f078-4930-b18d-8ae0b638bb28","event":"response_error","endpoint":"/api/pois-for-route","http_code":200,"error_code":"POI_ZERO_RESULTS","message":"No POIs found within criteria","latency_ms":61,"user_id":null,"details":null}
{"timestamp":"2025-12-29 22:32:52.000000","request_id":"6214505e-f078-4930-b18d-8ae0b638bb28","event":"debug","phase":"RESPONSE","message":"Final POI count","latency_ms":62,"data":{"total_in_route":0,"returned":0,"by_category":[]}}
{"timestamp":"2025-12-29 22:34:13.000000","request_id":"20da30af-3632-4105-8e0a-f07f02b8ed16","event":"request_start","endpoint":"/api/trips","method":"GET","ip_address":"127.0.0.1","user_id":null}
{"timestamp":"2025-12-29 22:34:13.000000","request_id":"20da30af-3632-4105-8e0a-f07f02b8ed16","event":"response_success","endpoint":"/api/trips","http_code":200,"latency_ms":3,"cache_hit":false,"cache_miss":false,"data_count":5}
{"timestamp":"2025-12-29 22:34:13.000000","request_id":"d81ac70c-3752-4938-8abb-7a872c92e4d9","event":"request_start","endpoint":"/api/trips","method":"GET","ip_address":"127.0.0.1","user_id":null}
{"timestamp":"2025-12-29 22:34:13.000000","request_id":"d81ac70c-3752-4938-8abb-7a872c92e4d9","event":"response_success","endpoint":"/api/trips","http_code":200,"latency_ms":1,"cache_hit":false,"cache_miss":false,"data_count":5}
{"timestamp":"2025-12-29 22:39:14.000000","request_id":"ce702693-5f1f-43b1-878a-5b569805a6f0","event":"request_start","endpoint":"/api/trips","method":"GET","ip_address":"127.0.0.1","user_id":null}
{"timestamp":"2025-12-29 22:39:14.000000","request_id":"ce702693-5f1f-43b1-878a-5b569805a6f0","event":"response_success","endpoint":"/api/trips","http_code":200,"latency_ms":25,"cache_hit":false,"cache_miss":false,"data_count":5}
{"timestamp":"2025-12-29 22:39:14.000000","request_id":"859aef0d-97bf-4a16-9263-cf3affdf875a","event":"request_start","endpoint":"/api/trips","method":"GET","ip_address":"127.0.0.1","user_id":null}
{"timestamp":"2025-12-29 22:39:14.000000","request_id":"859aef0d-97bf-4a16-9263-cf3affdf875a","event":"response_success","endpoint":"/api/trips","http_code":200,"latency_ms":1,"cache_hit":false,"cache_miss":false,"data_count":5}
{"timestamp":"2025-12-29 22:39:33.000000","request_id":"ebc0126d-e7a4-4b53-bfb5-4b95292cbb15","event":"request_start","endpoint":"/api/trips","method":"GET","ip_address":"127.0.0.1","user_id":null}
{"timestamp":"2025-12-29 22:39:33.000000","request_id":"ebc0126d-e7a4-4b53-bfb5-4b95292cbb15","event":"response_success","endpoint":"/api/trips","http_code":200,"latency_ms":2,"cache_hit":false,"cache_miss":false,"data_count":5}
{"timestamp":"2025-12-29 22:39:33.000000","request_id":"c7afd466-1ad5-44c9-88b1-7b683443a144","event":"request_start","endpoint":"/api/trips","method":"GET","ip_address":"127.0.0.1","user_id":null}
{"timestamp":"2025-12-29 22:39:33.000000","request_id":"c7afd466-1ad5-44c9-88b1-7b683443a144","event":"response_success","endpoint":"/api/trips","http_code":200,"latency_ms":2,"cache_hit":false,"cache_miss":false,"data_count":5}
{"timestamp":"2025-12-29 22:39:57.000000","request_id":"fcdfd0ff-be3f-4588-8406-8cb04d02ab96","event":"request_start","endpoint":"/api/pois-for-route","method":"POST","ip_address":"127.0.0.1","user_id":null}
{"timestamp":"2025-12-29 22:39:57.000000","request_id":"fcdfd0ff-be3f-4588-8406-8cb04d02ab96","event":"debug","phase":"VALIDATION","message":"Polyline received","latency_ms":1,"data":{"point_count":1780}}
{"timestamp":"2025-12-29 22:39:57.000000","request_id":"fcdfd0ff-be3f-4588-8406-8cb04d02ab96","event":"debug","phase":"VALIDATION","message":"Input validated","latency_ms":1,"data":{"polyline_points":1780,"categories":["temple","fuel","charger","toll","restaurant","hospital"],"radius_km":3}}
{"timestamp":"2025-12-29 22:39:57.000000","request_id":"fcdfd0ff-be3f-4588-8406-8cb04d02ab96","event":"debug","phase":"BBOX_QUERY","message":"Executing spatial query","latency_ms":3,"data":{"min_lat":13.076959972972974,"max_lat":28.640936027027028,"min_lng":77.18197997297297,"max_lng":80.30056402702704,"categories":["temple","fuel","charger","toll","restaurant","hospital"]}}
{"timestamp":"2025-12-29 22:39:58.000000","request_id":"fcdfd0ff-be3f-4588-8406-8cb04d02ab96","event":"debug","phase":"BBOX_RESULT","message":"Bounding box query completed","latency_ms":32,"data":{"pois_in_bbox":4}}
{"timestamp":"2025-12-29 22:39:58.000000","request_id":"fcdfd0ff-be3f-4588-8406-8cb04d02ab96","event":"debug","phase":"DISTANCE_FILTER","message":"Starting distance-to-route filtering","latency_ms":33,"data":{"all_pois_count":4,"buffer_meters":3000}}
{"timestamp":"2025-12-29 22:39:58.000000","request_id":"fcdfd0ff-be3f-4588-8406-8cb04d02ab96","event":"debug","phase":"DISTANCE_FILTER","message":"Filtering complete","latency_ms":34,"data":{"filtered_pois_count":0}}
{"timestamp":"2025-12-29 22:39:58.000000","request_id":"fcdfd0ff-be3f-4588-8406-8cb04d02ab96","event":"response_error","endpoint":"/api/pois-for-route","http_code":200,"error_code":"POI_ZERO_RESULTS","message":"No POIs found within criteria","latency_ms":34,"user_id":null,"details":null}
{"timestamp":"2025-12-29 22:39:58.000000","request_id":"fcdfd0ff-be3f-4588-8406-8cb04d02ab96","event":"debug","phase":"RESPONSE","message":"Final POI count","latency_ms":35,"data":{"total_in_route":0,"returned":0,"by_category":[]}}
{"timestamp":"2025-12-29 22:40:39.000000","request_id":"5e42ad75-4220-467f-a1ab-6346255c0914","event":"request_start","endpoint":"/api/pois-for-route","method":"POST","ip_address":"127.0.0.1","user_id":null}
{"timestamp":"2025-12-29 22:40:39.000000","request_id":"5e42ad75-4220-467f-a1ab-6346255c0914","event":"debug","phase":"VALIDATION","message":"Polyline received","latency_ms":1,"data":{"point_count":1780}}
{"timestamp":"2025-12-29 22:40:39.000000","request_id":"5e42ad75-4220-467f-a1ab-6346255c0914","event":"debug","phase":"VALIDATION","message":"Input validated","latency_ms":1,"data":{"polyline_points":1780,"categories":["temple","fuel","charger","toll","restaurant","hospital"],"radius_km":3}}
{"timestamp":"2025-12-29 22:40:39.000000","request_id":"5e42ad75-4220-467f-a1ab-6346255c0914","event":"debug","phase":"BBOX_QUERY","message":"Executing spatial query","latency_ms":2,"data":{"min_lat":13.076959972972974,"max_lat":28.640936027027028,"min_lng":77.18197997297297,"max_lng":80.30056402702704,"categories":["temple","fuel","charger","toll","restaurant","hospital"]}}
{"timestamp":"2025-12-29 22:40:39.000000","request_id":"5e42ad75-4220-467f-a1ab-6346255c0914","event":"debug","phase":"BBOX_RESULT","message":"Bounding box query completed","latency_ms":4,"data":{"pois_in_bbox":4}}
{"timestamp":"2025-12-29 22:40:39.000000","request_id":"5e42ad75-4220-467f-a1ab-6346255c0914","event":"debug","phase":"DISTANCE_FILTER","message":"Starting distance-to-route filtering","latency_ms":4,"data":{"all_pois_count":4,"buffer_meters":3000}}
{"timestamp":"2025-12-29 22:40:39.000000","request_id":"5e42ad75-4220-467f-a1ab-6346255c0914","event":"debug","phase":"DISTANCE_FILTER","message":"Filtering complete","latency_ms":5,"data":{"filtered_pois_count":0}}
{"timestamp":"2025-12-29 22:40:39.000000","request_id":"5e42ad75-4220-467f-a1ab-6346255c0914","event":"response_error","endpoint":"/api/pois-for-route","http_code":200,"error_code":"POI_ZERO_RESULTS","message":"No POIs found within criteria","latency_ms":6,"user_id":null,"details":null}
{"timestamp":"2025-12-29 22:40:39.000000","request_id":"5e42ad75-4220-467f-a1ab-6346255c0914","event":"debug","phase":"RESPONSE","message":"Final POI count","latency_ms":6,"data":{"total_in_route":0,"returned":0,"by_category":[]}}
{"timestamp":"2025-12-29 22:43:38.000000","request_id":"0e8c49d2-9b41-46f9-8cc2-d3e04303e195","event":"request_start","endpoint":"/api/trips","method":"GET","ip_address":"127.0.0.1","user_id":null}
{"timestamp":"2025-12-29 22:43:38.000000","request_id":"0e8c49d2-9b41-46f9-8cc2-d3e04303e195","event":"response_success","endpoint":"/api/trips","http_code":200,"latency_ms":4,"cache_hit":false,"cache_miss":false,"data_count":5}
{"timestamp":"2025-12-29 22:43:38.000000","request_id":"1960d085-536a-4fed-ba0d-c989eb1d24ea","event":"request_start","endpoint":"/api/trips","method":"GET","ip_address":"127.0.0.1","user_id":null}
{"timestamp":"2025-12-29 22:43:38.000000","request_id":"1960d085-536a-4fed-ba0d-c989eb1d24ea","event":"response_success","endpoint":"/api/trips","http_code":200,"latency_ms":1,"cache_hit":false,"cache_miss":false,"data_count":5}
{"timestamp":"2025-12-29 22:43:40.000000","request_id":"b521259d-a7e6-427d-9eeb-847e1e3541ac","event":"request_start","endpoint":"/api/trips","method":"GET","ip_address":"127.0.0.1","user_id":null}
{"timestamp":"2025-12-29 22:43:40.000000","request_id":"b521259d-a7e6-427d-9eeb-847e1e3541ac","event":"response_success","endpoint":"/api/trips","http_code":200,"latency_ms":7,"cache_hit":false,"cache_miss":false,"data_count":null}
{"timestamp":"2025-12-29 22:43:40.000000","request_id":"6b6ed766-3a9a-4226-9d8d-5fbacfc62288","event":"request_start","endpoint":"/api/trips","method":"GET","ip_address":"127.0.0.1","user_id":null}
{"timestamp":"2025-12-29 22:43:40.000000","request_id":"6b6ed766-3a9a-4226-9d8d-5fbacfc62288","event":"response_success","endpoint":"/api/trips","http_code":200,"latency_ms":1,"cache_hit":false,"cache_miss":false,"data_count":null}
{"timestamp":"2025-12-29 22:43:45.000000","request_id":"69e9bd3c-f26a-4e75-ae0a-57e8d8124e56","event":"request_start","endpoint":"/api/trips","method":"GET","ip_address":"127.0.0.1","user_id":null}
{"timestamp":"2025-12-29 22:43:45.000000","request_id":"69e9bd3c-f26a-4e75-ae0a-57e8d8124e56","event":"response_success","endpoint":"/api/trips","http_code":200,"latency_ms":1,"cache_hit":false,"cache_miss":false,"data_count":5}
{"timestamp":"2025-12-29 22:43:45.000000","request_id":"ea253f56-b98b-4092-a026-995ff69521d5","event":"request_start","endpoint":"/api/trips","method":"GET","ip_address":"127.0.0.1","user_id":null}
{"timestamp":"2025-12-29 22:43:45.000000","request_id":"ea253f56-b98b-4092-a026-995ff69521d5","event":"response_success","endpoint":"/api/trips","http_code":200,"latency_ms":0,"cache_hit":false,"cache_miss":false,"data_count":5}
{"timestamp":"2025-12-29 22:43:56.000000","request_id":"17c3f005-dbdf-4fa9-bbb5-3b04102c81f2","event":"request_start","endpoint":"/api/pois-for-route","method":"POST","ip_address":"127.0.0.1","user_id":null}
{"timestamp":"2025-12-29 22:43:56.000000","request_id":"17c3f005-dbdf-4fa9-bbb5-3b04102c81f2","event":"debug","phase":"VALIDATION","message":"Polyline received","latency_ms":2,"data":{"point_count":1780}}
{"timestamp":"2025-12-29 22:43:56.000000","request_id":"17c3f005-dbdf-4fa9-bbb5-3b04102c81f2","event":"debug","phase":"VALIDATION","message":"Input validated","latency_ms":2,"data":{"polyline_points":1780,"categories":["temple","fuel","charger","toll","restaurant","hospital"],"radius_km":3}}
{"timestamp":"2025-12-29 22:43:56.000000","request_id":"17c3f005-dbdf-4fa9-bbb5-3b04102c81f2","event":"debug","phase":"BBOX_QUERY","message":"Executing spatial query","latency_ms":2,"data":{"min_lat":13.076959972972974,"max_lat":28.640936027027028,"min_lng":77.18197997297297,"max_lng":80.30056402702704,"categories":["temple","fuel","charger","toll","restaurant","hospital"]}}
{"timestamp":"2025-12-29 22:43:56.000000","request_id":"17c3f005-dbdf-4fa9-bbb5-3b04102c81f2","event":"debug","phase":"BBOX_RESULT","message":"Bounding box query completed","latency_ms":4,"data":{"pois_in_bbox":4}}
{"timestamp":"2025-12-29 22:43:56.000000","request_id":"17c3f005-dbdf-4fa9-bbb5-3b04102c81f2","event":"debug","phase":"DISTANCE_FILTER","message":"Starting distance-to-route filtering","latency_ms":5,"data":{"all_pois_count":4,"buffer_meters":3000}}
{"timestamp":"2025-12-29 22:43:56.000000","request_id":"17c3f005-dbdf-4fa9-bbb5-3b04102c81f2","event":"debug","phase":"DISTANCE_FILTER","message":"Filtering complete","latency_ms":6,"data":{"filtered_pois_count":0}}
{"timestamp":"2025-12-29 22:43:56.000000","request_id":"17c3f005-dbdf-4fa9-bbb5-3b04102c81f2","event":"response_error","endpoint":"/api/pois-for-route","http_code":200,"error_code":"POI_ZERO_RESULTS","message":"No POIs found within criteria","latency_ms":6,"user_id":null,"details":null}
{"timestamp":"2025-12-29 22:43:56.000000","request_id":"17c3f005-dbdf-4fa9-bbb5-3b04102c81f2","event":"debug","phase":"RESPONSE","message":"Final POI count","latency_ms":7,"data":{"total_in_route":0,"returned":0,"by_category":[]}}
{"timestamp":"2025-12-29 22:44:50.000000","request_id":"937d973f-a22b-4620-beac-f06416842076","event":"request_start","endpoint":"/api/trips","method":"POST","ip_address":"127.0.0.1","user_id":null}
{"timestamp":"2025-12-29 22:44:50.000000","request_id":"937d973f-a22b-4620-beac-f06416842076","event":"response_error","endpoint":"/api/trips","http_code":400,"error_code":"INVALID_SIGNATURE","message":"Missing signed journey data","latency_ms":1,"user_id":null,"details":null}
{"timestamp":"2025-12-29 23:38:21.000000","request_id":"9a8ec21b-cb4e-45ee-927e-c6ccb8d6257a","event":"request_start","endpoint":"/api/pois-for-route","method":"POST","ip_address":"127.0.0.1","user_id":null}
{"timestamp":"2025-12-29 23:38:21.000000","request_id":"9a8ec21b-cb4e-45ee-927e-c6ccb8d6257a","event":"debug","phase":"VALIDATION","message":"Polyline received","latency_ms":3,"data":{"point_count":1780}}
{"timestamp":"2025-12-29 23:38:21.000000","request_id":"9a8ec21b-cb4e-45ee-927e-c6ccb8d6257a","event":"debug","phase":"VALIDATION","message":"Input validated","latency_ms":4,"data":{"polyline_points":1780,"categories":["temple","fuel","charger","toll","restaurant","hospital"],"radius_km":3}}
{"timestamp":"2025-12-29 23:38:21.000000","request_id":"9a8ec21b-cb4e-45ee-927e-c6ccb8d6257a","event":"debug","phase":"BBOX_QUERY","message":"Executing spatial query","latency_ms":5,"data":{"min_lat":13.076959972972974,"max_lat":28.640936027027028,"min_lng":77.18197997297297,"max_lng":80.30056402702704,"categories":["temple","fuel","charger","toll","restaurant","hospital"]}}
{"timestamp":"2025-12-29 23:38:21.000000","request_id":"9a8ec21b-cb4e-45ee-927e-c6ccb8d6257a","event":"debug","phase":"BBOX_RESULT","message":"Bounding box query completed","latency_ms":49,"data":{"pois_in_bbox":4}}
{"timestamp":"2025-12-29 23:38:21.000000","request_id":"9a8ec21b-cb4e-45ee-927e-c6ccb8d6257a","event":"debug","phase":"DISTANCE_FILTER","message":"Starting distance-to-route filtering","latency_ms":50,"data":{"all_pois_count":4,"buffer_meters":3000}}
{"timestamp":"2025-12-29 23:38:21.000000","request_id":"9a8ec21b-cb4e-45ee-927e-c6ccb8d6257a","event":"debug","phase":"DISTANCE_FILTER","message":"Filtering complete","latency_ms":51,"data":{"filtered_pois_count":0}}
{"timestamp":"2025-12-29 23:38:21.000000","request_id":"9a8ec21b-cb4e-45ee-927e-c6ccb8d6257a","event":"response_error","endpoint":"/api/pois-for-route","http_code":200,"error_code":"POI_ZERO_RESULTS","message":"No POIs found within criteria","latency_ms":51,"user_id":null,"details":null}
{"timestamp":"2025-12-29 23:38:21.000000","request_id":"9a8ec21b-cb4e-45ee-927e-c6ccb8d6257a","event":"debug","phase":"RESPONSE","message":"Final POI count","latency_ms":52,"data":{"total_in_route":0,"returned":0,"by_category":[]}}
{"timestamp":"2025-12-29 23:38:30.000000","request_id":"3272fd5e-72b5-4fd7-b290-585c3bbc1ca0","event":"request_start","endpoint":"/api/trips","method":"POST","ip_address":"127.0.0.1","user_id":null}
{"timestamp":"2025-12-29 23:38:30.000000","request_id":"3272fd5e-72b5-4fd7-b290-585c3bbc1ca0","event":"response_error","endpoint":"/api/trips","http_code":400,"error_code":"INVALID_SIGNATURE","message":"Missing signed journey data","latency_ms":1,"user_id":null,"details":null}
{"timestamp":"2025-12-29 23:38:44.000000","request_id":"076e3f86-66ad-4ed7-9e56-314e9fe5e1df","event":"request_start","endpoint":"/api/pois-for-route","method":"POST","ip_address":"127.0.0.1","user_id":null}
{"timestamp":"2025-12-29 23:38:44.000000","request_id":"076e3f86-66ad-4ed7-9e56-314e9fe5e1df","event":"debug","phase":"VALIDATION","message":"Polyline received","latency_ms":1,"data":{"point_count":1780}}
{"timestamp":"2025-12-29 23:38:44.000000","request_id":"076e3f86-66ad-4ed7-9e56-314e9fe5e1df","event":"debug","phase":"VALIDATION","message":"Input validated","latency_ms":2,"data":{"polyline_points":1780,"categories":["temple","fuel","charger","toll","restaurant","hospital"],"radius_km":3}}
{"timestamp":"2025-12-29 23:38:44.000000","request_id":"076e3f86-66ad-4ed7-9e56-314e9fe5e1df","event":"debug","phase":"BBOX_QUERY","message":"Executing spatial query","latency_ms":3,"data":{"min_lat":13.076959972972974,"max_lat":28.640936027027028,"min_lng":77.18197997297297,"max_lng":80.30056402702704,"categories":["temple","fuel","charger","toll","restaurant","hospital"]}}
{"timestamp":"2025-12-29 23:38:44.000000","request_id":"076e3f86-66ad-4ed7-9e56-314e9fe5e1df","event":"debug","phase":"BBOX_RESULT","message":"Bounding box query completed","latency_ms":5,"data":{"pois_in_bbox":4}}
{"timestamp":"2025-12-29 23:38:44.000000","request_id":"076e3f86-66ad-4ed7-9e56-314e9fe5e1df","event":"debug","phase":"DISTANCE_FILTER","message":"Starting distance-to-route filtering","latency_ms":5,"data":{"all_pois_count":4,"buffer_meters":3000}}
{"timestamp":"2025-12-29 23:38:44.000000","request_id":"076e3f86-66ad-4ed7-9e56-314e9fe5e1df","event":"debug","phase":"DISTANCE_FILTER","message":"Filtering complete","latency_ms":6,"data":{"filtered_pois_count":0}}
{"timestamp":"2025-12-29 23:38:44.000000","request_id":"076e3f86-66ad-4ed7-9e56-314e9fe5e1df","event":"response_error","endpoint":"/api/pois-for-route","http_code":200,"error_code":"POI_ZERO_RESULTS","message":"No POIs found within criteria","latency_ms":7,"user_id":null,"details":null}
{"timestamp":"2025-12-29 23:38:44.000000","request_id":"076e3f86-66ad-4ed7-9e56-314e9fe5e1df","event":"debug","phase":"RESPONSE","message":"Final POI count","latency_ms":7,"data":{"total_in_route":0,"returned":0,"by_category":[]}}
{"timestamp":"2025-12-29 23:51:09.000000","request_id":"4bec86db-bce2-43c2-829c-b127f9b20a76","event":"request_start","endpoint":"/api/pois-for-route","method":"POST","ip_address":"127.0.0.1","user_id":null}
{"timestamp":"2025-12-29 23:51:09.000000","request_id":"4bec86db-bce2-43c2-829c-b127f9b20a76","event":"debug","phase":"VALIDATION","message":"Polyline received","latency_ms":2,"data":{"point_count":1780}}
{"timestamp":"2025-12-29 23:51:09.000000","request_id":"4bec86db-bce2-43c2-829c-b127f9b20a76","event":"debug","phase":"VALIDATION","message":"Input validated","latency_ms":3,"data":{"polyline_points":1780,"categories":["toll","restaurant","hospital","fuel","charger"],"radius_km":3}}
{"timestamp":"2025-12-29 23:51:09.000000","request_id":"4bec86db-bce2-43c2-829c-b127f9b20a76","event":"debug","phase":"BBOX_QUERY","message":"Executing spatial query","latency_ms":3,"data":{"min_lat":13.076959972972974,"max_lat":28.640936027027028,"min_lng":77.18197997297297,"max_lng":80.30056402702704,"categories":["toll","restaurant","hospital","fuel","charger"]}}
{"timestamp":"2025-12-29 23:51:09.000000","request_id":"4bec86db-bce2-43c2-829c-b127f9b20a76","event":"debug","phase":"BBOX_RESULT","message":"Bounding box query completed","latency_ms":42,"data":{"pois_in_bbox":4}}
{"timestamp":"2025-12-29 23:51:09.000000","request_id":"4bec86db-bce2-43c2-829c-b127f9b20a76","event":"debug","phase":"DISTANCE_FILTER","message":"Starting distance-to-route filtering","latency_ms":42,"data":{"all_pois_count":4,"buffer_meters":3000}}
{"timestamp":"2025-12-29 23:51:09.000000","request_id":"4bec86db-bce2-43c2-829c-b127f9b20a76","event":"debug","phase":"DISTANCE_FILTER","message":"Filtering complete","latency_ms":43,"data":{"filtered_pois_count":0}}
{"timestamp":"2025-12-29 23:51:09.000000","request_id":"4bec86db-bce2-43c2-829c-b127f9b20a76","event":"response_error","endpoint":"/api/pois-for-route","http_code":200,"error_code":"POI_ZERO_RESULTS","message":"No POIs found within criteria","latency_ms":47,"user_id":null,"details":null}
{"timestamp":"2025-12-29 23:51:09.000000","request_id":"4bec86db-bce2-43c2-829c-b127f9b20a76","event":"debug","phase":"RESPONSE","message":"Final POI count","latency_ms":47,"data":{"total_in_route":0,"returned":0,"by_category":[]}}
{"timestamp":"2025-12-29 23:51:15.000000","request_id":"6cd25d34-7415-4d85-9a14-bd0bcd8dea39","event":"request_start","endpoint":"/api/pois-for-route","method":"POST","ip_address":"127.0.0.1","user_id":null}
{"timestamp":"2025-12-29 23:51:15.000000","request_id":"6cd25d34-7415-4d85-9a14-bd0bcd8dea39","event":"debug","phase":"VALIDATION","message":"Polyline received","latency_ms":1,"data":{"point_count":1041}}
{"timestamp":"2025-12-29 23:51:15.000000","request_id":"6cd25d34-7415-4d85-9a14-bd0bcd8dea39","event":"debug","phase":"VALIDATION","message":"Input validated","latency_ms":1,"data":{"polyline_points":1041,"categories":["toll","restaurant","hospital","fuel","charger"],"radius_km":3}}
{"timestamp":"2025-12-29 23:51:15.000000","request_id":"6cd25d34-7415-4d85-9a14-bd0bcd8dea39","event":"debug","phase":"BBOX_QUERY","message":"Executing spatial query","latency_ms":2,"data":{"min_lat":19.03780797297297,"max_lat":28.640936027027028,"min_lng":72.84751697297297,"max_lng":77.37201402702703,"categories":["toll","restaurant","hospital","fuel","charger"]}}
{"timestamp":"2025-12-29 23:51:15.000000","request_id":"6cd25d34-7415-4d85-9a14-bd0bcd8dea39","event":"debug","phase":"BBOX_RESULT","message":"Bounding box query completed","latency_ms":7,"data":{"pois_in_bbox":0}}
{"timestamp":"2025-12-29 23:51:15.000000","request_id":"6cd25d34-7415-4d85-9a14-bd0bcd8dea39","event":"debug","phase":"DISTANCE_FILTER","message":"Starting distance-to-route filtering","latency_ms":7,"data":{"all_pois_count":0,"buffer_meters":3000}}
{"timestamp":"2025-12-29 23:51:15.000000","request_id":"6cd25d34-7415-4d85-9a14-bd0bcd8dea39","event":"debug","phase":"DISTANCE_FILTER","message":"Filtering complete","latency_ms":8,"data":{"filtered_pois_count":0}}
{"timestamp":"2025-12-29 23:51:15.000000","request_id":"6cd25d34-7415-4d85-9a14-bd0bcd8dea39","event":"response_error","endpoint":"/api/pois-for-route","http_code":200,"error_code":"POI_ZERO_RESULTS","message":"No POIs found within criteria","latency_ms":9,"user_id":null,"details":null}
{"timestamp":"2025-12-29 23:51:15.000000","request_id":"6cd25d34-7415-4d85-9a14-bd0bcd8dea39","event":"debug","phase":"RESPONSE","message":"Final POI count","latency_ms":9,"data":{"total_in_route":0,"returned":0,"by_category":[]}}
