{"timestamp":"2026-02-13 20:37:12.000000","request_id":"6f46ec7a-b990-4198-bb8b-d7ae9d48778c","event":"request_start","endpoint":"/api/pois-for-route","method":"POST","ip_address":"127.0.0.1","user_id":null}
{"timestamp":"2026-02-13 20:37:12.000000","request_id":"6f46ec7a-b990-4198-bb8b-d7ae9d48778c","event":"debug","phase":"VALIDATION","message":"Polyline received","latency_ms":3,"data":{"point_count":1041}}
{"timestamp":"2026-02-13 20:37:12.000000","request_id":"6f46ec7a-b990-4198-bb8b-d7ae9d48778c","event":"debug","phase":"VALIDATION","message":"Input validated","latency_ms":3,"data":{"polyline_points":1041,"categories":["temple","fuel","charger","toll","restaurant","hospital"],"radius_km":3}}
{"timestamp":"2026-02-13 20:37:12.000000","request_id":"6f46ec7a-b990-4198-bb8b-d7ae9d48778c","event":"debug","phase":"BBOX_QUERY","message":"Executing spatial query","latency_ms":5,"data":{"min_lat":19.03780797297297,"max_lat":28.640936027027028,"min_lng":72.84751697297297,"max_lng":77.37201402702703,"categories":["temple","fuel","charger","toll","restaurant","hospital"]}}
{"timestamp":"2026-02-13 20:37:12.000000","request_id":"6f46ec7a-b990-4198-bb8b-d7ae9d48778c","event":"debug","phase":"BBOX_RESULT","message":"Bounding box query completed","latency_ms":37,"data":{"pois_in_bbox":0}}
{"timestamp":"2026-02-13 20:37:12.000000","request_id":"6f46ec7a-b990-4198-bb8b-d7ae9d48778c","event":"debug","phase":"DISTANCE_FILTER","message":"Starting distance-to-route filtering","latency_ms":37,"data":{"all_pois_count":0,"buffer_meters":3000}}
{"timestamp":"2026-02-13 20:37:12.000000","request_id":"6f46ec7a-b990-4198-bb8b-d7ae9d48778c","event":"debug","phase":"DISTANCE_FILTER","message":"Filtering complete","latency_ms":37,"data":{"filtered_pois_count":0}}
{"timestamp":"2026-02-13 20:37:12.000000","request_id":"6f46ec7a-b990-4198-bb8b-d7ae9d48778c","event":"response_error","endpoint":"/api/pois-for-route","http_code":200,"error_code":"POI_ZERO_RESULTS","message":"No POIs found within criteria","latency_ms":38,"user_id":null,"details":null}
{"timestamp":"2026-02-13 20:37:12.000000","request_id":"6f46ec7a-b990-4198-bb8b-d7ae9d48778c","event":"debug","phase":"RESPONSE","message":"Final POI count","latency_ms":38,"data":{"total_in_route":0,"returned":0,"by_category":[]}}
{"timestamp":"2026-02-13 20:39:40.000000","request_id":"de1bdb85-ff82-4fe1-b495-5f6db14ccd2f","event":"request_start","endpoint":"/api/pois-for-route","method":"POST","ip_address":"127.0.0.1","user_id":null}
{"timestamp":"2026-02-13 20:39:40.000000","request_id":"de1bdb85-ff82-4fe1-b495-5f6db14ccd2f","event":"debug","phase":"VALIDATION","message":"Polyline received","latency_ms":2,"data":{"point_count":1041}}
{"timestamp":"2026-02-13 20:39:40.000000","request_id":"de1bdb85-ff82-4fe1-b495-5f6db14ccd2f","event":"debug","phase":"VALIDATION","message":"Input validated","latency_ms":2,"data":{"polyline_points":1041,"categories":["temple","fuel","charger","toll","restaurant","hospital"],"radius_km":3}}
{"timestamp":"2026-02-13 20:39:40.000000","request_id":"de1bdb85-ff82-4fe1-b495-5f6db14ccd2f","event":"debug","phase":"BBOX_QUERY","message":"Executing spatial query","latency_ms":3,"data":{"min_lat":19.03780797297297,"max_lat":28.640936027027028,"min_lng":72.84751697297297,"max_lng":77.37201402702703,"categories":["temple","fuel","charger","toll","restaurant","hospital"]}}
{"timestamp":"2026-02-13 20:39:40.000000","request_id":"de1bdb85-ff82-4fe1-b495-5f6db14ccd2f","event":"debug","phase":"BBOX_RESULT","message":"Bounding box query completed","latency_ms":6,"data":{"pois_in_bbox":0}}
{"timestamp":"2026-02-13 20:39:40.000000","request_id":"de1bdb85-ff82-4fe1-b495-5f6db14ccd2f","event":"debug","phase":"DISTANCE_FILTER","message":"Starting distance-to-route filtering","latency_ms":6,"data":{"all_pois_count":0,"buffer_meters":3000}}
{"timestamp":"2026-02-13 20:39:40.000000","request_id":"de1bdb85-ff82-4fe1-b495-5f6db14ccd2f","event":"debug","phase":"DISTANCE_FILTER","message":"Filtering complete","latency_ms":7,"data":{"filtered_pois_count":0}}
{"timestamp":"2026-02-13 20:39:40.000000","request_id":"de1bdb85-ff82-4fe1-b495-5f6db14ccd2f","event":"response_error","endpoint":"/api/pois-for-route","http_code":200,"error_code":"POI_ZERO_RESULTS","message":"No POIs found within criteria","latency_ms":7,"user_id":null,"details":null}
{"timestamp":"2026-02-13 20:39:40.000000","request_id":"de1bdb85-ff82-4fe1-b495-5f6db14ccd2f","event":"debug","phase":"RESPONSE","message":"Final POI count","latency_ms":7,"data":{"total_in_route":0,"returned":0,"by_category":[]}}
{"timestamp":"2026-02-13 20:42:50.000000","request_id":"7a2d7085-389e-4a5f-874b-5ba726ba063e","event":"request_start","endpoint":"/api/pois-for-route","method":"POST","ip_address":"127.0.0.1","user_id":null}
{"timestamp":"2026-02-13 20:42:50.000000","request_id":"7a2d7085-389e-4a5f-874b-5ba726ba063e","event":"debug","phase":"VALIDATION","message":"Polyline received","latency_ms":2,"data":{"point_count":1041}}
{"timestamp":"2026-02-13 20:42:50.000000","request_id":"7a2d7085-389e-4a5f-874b-5ba726ba063e","event":"debug","phase":"VALIDATION","message":"Input validated","latency_ms":3,"data":{"polyline_points":1041,"categories":["temple","fuel","charger","toll","restaurant","hospital"],"radius_km":3}}
{"timestamp":"2026-02-13 20:42:50.000000","request_id":"7a2d7085-389e-4a5f-874b-5ba726ba063e","event":"debug","phase":"BBOX_QUERY","message":"Executing spatial query","latency_ms":5,"data":{"min_lat":19.03780797297297,"max_lat":28.640936027027028,"min_lng":72.84751697297297,"max_lng":77.37201402702703,"categories":["temple","fuel","charger","toll","restaurant","hospital"]}}
{"timestamp":"2026-02-13 20:42:50.000000","request_id":"7a2d7085-389e-4a5f-874b-5ba726ba063e","event":"debug","phase":"BBOX_RESULT","message":"Bounding box query completed","latency_ms":8,"data":{"pois_in_bbox":0}}
{"timestamp":"2026-02-13 20:42:50.000000","request_id":"7a2d7085-389e-4a5f-874b-5ba726ba063e","event":"debug","phase":"DISTANCE_FILTER","message":"Starting distance-to-route filtering","latency_ms":9,"data":{"all_pois_count":0,"buffer_meters":3000}}
{"timestamp":"2026-02-13 20:42:50.000000","request_id":"7a2d7085-389e-4a5f-874b-5ba726ba063e","event":"debug","phase":"DISTANCE_FILTER","message":"Filtering complete","latency_ms":10,"data":{"filtered_pois_count":0}}
{"timestamp":"2026-02-13 20:42:50.000000","request_id":"7a2d7085-389e-4a5f-874b-5ba726ba063e","event":"response_error","endpoint":"/api/pois-for-route","http_code":200,"error_code":"POI_ZERO_RESULTS","message":"No POIs found within criteria","latency_ms":11,"user_id":null,"details":null}
{"timestamp":"2026-02-13 20:42:50.000000","request_id":"7a2d7085-389e-4a5f-874b-5ba726ba063e","event":"debug","phase":"RESPONSE","message":"Final POI count","latency_ms":12,"data":{"total_in_route":0,"returned":0,"by_category":[]}}
{"timestamp":"2026-02-13 20:43:02.000000","request_id":"c7c07b19-b47a-4f48-b830-5ba920e4b27b","event":"request_start","endpoint":"/api/pois-for-route","method":"POST","ip_address":"127.0.0.1","user_id":null}
{"timestamp":"2026-02-13 20:43:02.000000","request_id":"c7c07b19-b47a-4f48-b830-5ba920e4b27b","event":"debug","phase":"VALIDATION","message":"Polyline received","latency_ms":1,"data":{"point_count":1041}}
{"timestamp":"2026-02-13 20:43:02.000000","request_id":"c7c07b19-b47a-4f48-b830-5ba920e4b27b","event":"debug","phase":"VALIDATION","message":"Input validated","latency_ms":1,"data":{"polyline_points":1041,"categories":["temple","fuel","charger","toll","restaurant","hospital"],"radius_km":3}}
{"timestamp":"2026-02-13 20:43:02.000000","request_id":"c7c07b19-b47a-4f48-b830-5ba920e4b27b","event":"debug","phase":"BBOX_QUERY","message":"Executing spatial query","latency_ms":2,"data":{"min_lat":19.03780797297297,"max_lat":28.640936027027028,"min_lng":72.84751697297297,"max_lng":77.37201402702703,"categories":["temple","fuel","charger","toll","restaurant","hospital"]}}
{"timestamp":"2026-02-13 20:43:02.000000","request_id":"c7c07b19-b47a-4f48-b830-5ba920e4b27b","event":"debug","phase":"BBOX_RESULT","message":"Bounding box query completed","latency_ms":4,"data":{"pois_in_bbox":0}}
{"timestamp":"2026-02-13 20:43:02.000000","request_id":"c7c07b19-b47a-4f48-b830-5ba920e4b27b","event":"debug","phase":"DISTANCE_FILTER","message":"Starting distance-to-route filtering","latency_ms":4,"data":{"all_pois_count":0,"buffer_meters":3000}}
{"timestamp":"2026-02-13 20:43:02.000000","request_id":"c7c07b19-b47a-4f48-b830-5ba920e4b27b","event":"debug","phase":"DISTANCE_FILTER","message":"Filtering complete","latency_ms":5,"data":{"filtered_pois_count":0}}
{"timestamp":"2026-02-13 20:43:02.000000","request_id":"c7c07b19-b47a-4f48-b830-5ba920e4b27b","event":"response_error","endpoint":"/api/pois-for-route","http_code":200,"error_code":"POI_ZERO_RESULTS","message":"No POIs found within criteria","latency_ms":5,"user_id":null,"details":null}
{"timestamp":"2026-02-13 20:43:02.000000","request_id":"c7c07b19-b47a-4f48-b830-5ba920e4b27b","event":"debug","phase":"RESPONSE","message":"Final POI count","latency_ms":5,"data":{"total_in_route":0,"returned":0,"by_category":[]}}
{"timestamp":"2026-02-13 20:44:55.000000","request_id":"82380366-0b10-4d3e-a52a-341763f36a59","event":"request_start","endpoint":"/api/pois-for-route","method":"POST","ip_address":"127.0.0.1","user_id":null}
{"timestamp":"2026-02-13 20:44:55.000000","request_id":"82380366-0b10-4d3e-a52a-341763f36a59","event":"debug","phase":"VALIDATION","message":"Polyline received","latency_ms":2,"data":{"point_count":1041}}
{"timestamp":"2026-02-13 20:44:55.000000","request_id":"82380366-0b10-4d3e-a52a-341763f36a59","event":"debug","phase":"VALIDATION","message":"Input validated","latency_ms":3,"data":{"polyline_points":1041,"categories":["temple","fuel","charger","toll","restaurant","hospital"],"radius_km":3}}
{"timestamp":"2026-02-13 20:44:55.000000","request_id":"82380366-0b10-4d3e-a52a-341763f36a59","event":"debug","phase":"BBOX_QUERY","message":"Executing spatial query","latency_ms":4,"data":{"min_lat":19.03780797297297,"max_lat":28.640936027027028,"min_lng":72.84751697297297,"max_lng":77.37201402702703,"categories":["temple","fuel","charger","toll","restaurant","hospital"]}}
{"timestamp":"2026-02-13 20:44:55.000000","request_id":"82380366-0b10-4d3e-a52a-341763f36a59","event":"debug","phase":"BBOX_RESULT","message":"Bounding box query completed","latency_ms":7,"data":{"pois_in_bbox":0}}
{"timestamp":"2026-02-13 20:44:55.000000","request_id":"82380366-0b10-4d3e-a52a-341763f36a59","event":"debug","phase":"DISTANCE_FILTER","message":"Starting distance-to-route filtering","latency_ms":8,"data":{"all_pois_count":0,"buffer_meters":3000}}
{"timestamp":"2026-02-13 20:44:55.000000","request_id":"82380366-0b10-4d3e-a52a-341763f36a59","event":"debug","phase":"DISTANCE_FILTER","message":"Filtering complete","latency_ms":9,"data":{"filtered_pois_count":0}}
{"timestamp":"2026-02-13 20:44:55.000000","request_id":"82380366-0b10-4d3e-a52a-341763f36a59","event":"response_error","endpoint":"/api/pois-for-route","http_code":200,"error_code":"POI_ZERO_RESULTS","message":"No POIs found within criteria","latency_ms":9,"user_id":null,"details":null}
{"timestamp":"2026-02-13 20:44:55.000000","request_id":"82380366-0b10-4d3e-a52a-341763f36a59","event":"debug","phase":"RESPONSE","message":"Final POI count","latency_ms":10,"data":{"total_in_route":0,"returned":0,"by_category":[]}}
{"timestamp":"2026-02-13 20:55:38.000000","request_id":"f01f6afa-23ed-421c-bae0-fc57eed86f12","event":"request_start","endpoint":"/api/pois-for-route","method":"POST","ip_address":"127.0.0.1","user_id":null}
{"timestamp":"2026-02-13 20:55:38.000000","request_id":"f01f6afa-23ed-421c-bae0-fc57eed86f12","event":"debug","phase":"VALIDATION","message":"Polyline received","latency_ms":4,"data":{"point_count":1041}}
{"timestamp":"2026-02-13 20:55:38.000000","request_id":"f01f6afa-23ed-421c-bae0-fc57eed86f12","event":"debug","phase":"VALIDATION","message":"Input validated","latency_ms":4,"data":{"polyline_points":1041,"categories":["temple","fuel","charger","toll","restaurant","hospital"],"radius_km":3}}
{"timestamp":"2026-02-13 20:55:38.000000","request_id":"f01f6afa-23ed-421c-bae0-fc57eed86f12","event":"debug","phase":"BBOX_QUERY","message":"Executing spatial query","latency_ms":6,"data":{"min_lat":19.03780797297297,"max_lat":28.640936027027028,"min_lng":72.84751697297297,"max_lng":77.37201402702703,"categories":["temple","fuel","charger","toll","restaurant","hospital"]}}
{"timestamp":"2026-02-13 20:55:38.000000","request_id":"f01f6afa-23ed-421c-bae0-fc57eed86f12","event":"debug","phase":"BBOX_RESULT","message":"Bounding box query completed","latency_ms":24,"data":{"pois_in_bbox":0}}
{"timestamp":"2026-02-13 20:55:38.000000","request_id":"f01f6afa-23ed-421c-bae0-fc57eed86f12","event":"debug","phase":"DISTANCE_FILTER","message":"Starting distance-to-route filtering","latency_ms":24,"data":{"all_pois_count":0,"buffer_meters":3000}}
{"timestamp":"2026-02-13 20:55:38.000000","request_id":"f01f6afa-23ed-421c-bae0-fc57eed86f12","event":"debug","phase":"DISTANCE_FILTER","message":"Filtering complete","latency_ms":25,"data":{"filtered_pois_count":0}}
{"timestamp":"2026-02-13 20:55:38.000000","request_id":"f01f6afa-23ed-421c-bae0-fc57eed86f12","event":"response_error","endpoint":"/api/pois-for-route","http_code":200,"error_code":"POI_ZERO_RESULTS","message":"No POIs found within criteria","latency_ms":26,"user_id":null,"details":null}
{"timestamp":"2026-02-13 20:55:38.000000","request_id":"f01f6afa-23ed-421c-bae0-fc57eed86f12","event":"debug","phase":"RESPONSE","message":"Final POI count","latency_ms":27,"data":{"total_in_route":0,"returned":0,"by_category":[]}}
{"timestamp":"2026-02-13 21:04:05.000000","request_id":"370dd7dc-11fe-41ac-b2a2-65949c189bd5","event":"request_start","endpoint":"/api/pois-for-route","method":"POST","ip_address":"127.0.0.1","user_id":null}
{"timestamp":"2026-02-13 21:04:05.000000","request_id":"370dd7dc-11fe-41ac-b2a2-65949c189bd5","event":"debug","phase":"VALIDATION","message":"Polyline received","latency_ms":4,"data":{"point_count":1041}}
{"timestamp":"2026-02-13 21:04:05.000000","request_id":"370dd7dc-11fe-41ac-b2a2-65949c189bd5","event":"debug","phase":"VALIDATION","message":"Input validated","latency_ms":4,"data":{"polyline_points":1041,"categories":["fuel"],"radius_km":5}}
{"timestamp":"2026-02-13 21:04:05.000000","request_id":"370dd7dc-11fe-41ac-b2a2-65949c189bd5","event":"debug","phase":"BBOX_QUERY","message":"Executing spatial query","latency_ms":5,"data":{"min_lat":19.019789954954952,"max_lat":28.658954045045046,"min_lng":72.82949895495496,"max_lng":77.39003204504505,"categories":["fuel"]}}
{"timestamp":"2026-02-13 21:04:05.000000","request_id":"370dd7dc-11fe-41ac-b2a2-65949c189bd5","event":"debug","phase":"BBOX_RESULT","message":"Bounding box query completed","latency_ms":116,"data":{"pois_in_bbox":2719}}
{"timestamp":"2026-02-13 21:04:05.000000","request_id":"370dd7dc-11fe-41ac-b2a2-65949c189bd5","event":"debug","phase":"DISTANCE_FILTER","message":"Starting distance-to-route filtering","latency_ms":116,"data":{"all_pois_count":2719,"buffer_meters":5000}}
{"timestamp":"2026-02-13 21:04:06.000000","request_id":"370dd7dc-11fe-41ac-b2a2-65949c189bd5","event":"debug","phase":"DISTANCE_FILTER","message":"Filtering complete","latency_ms":411,"data":{"filtered_pois_count":51}}
{"timestamp":"2026-02-13 21:04:06.000000","request_id":"370dd7dc-11fe-41ac-b2a2-65949c189bd5","event":"response_success","endpoint":"/api/pois-for-route","http_code":200,"latency_ms":413,"cache_hit":false,"cache_miss":false,"data_count":51}
{"timestamp":"2026-02-13 21:04:06.000000","request_id":"370dd7dc-11fe-41ac-b2a2-65949c189bd5","event":"debug","phase":"RESPONSE","message":"Final POI count","latency_ms":413,"data":{"total_in_route":51,"returned":51,"by_category":{"fuel":51}}}
{"timestamp":"2026-02-13 21:07:19.000000","request_id":"de0a1396-f54e-45ff-8630-f7b29ad9510a","event":"request_start","endpoint":"/api/pois-for-route","method":"POST","ip_address":"127.0.0.1","user_id":null}
{"timestamp":"2026-02-13 21:07:19.000000","request_id":"de0a1396-f54e-45ff-8630-f7b29ad9510a","event":"debug","phase":"VALIDATION","message":"Polyline received","latency_ms":2,"data":{"point_count":1041}}
{"timestamp":"2026-02-13 21:07:19.000000","request_id":"de0a1396-f54e-45ff-8630-f7b29ad9510a","event":"debug","phase":"VALIDATION","message":"Input validated","latency_ms":2,"data":{"polyline_points":1041,"categories":["hospital"],"radius_km":20}}
{"timestamp":"2026-02-13 21:07:19.000000","request_id":"de0a1396-f54e-45ff-8630-f7b29ad9510a","event":"debug","phase":"BBOX_QUERY","message":"Executing spatial query","latency_ms":3,"data":{"min_lat":18.88465481981982,"max_lat":28.79408918018018,"min_lng":72.69436381981981,"max_lng":77.52516718018019,"categories":["hospital"]}}
{"timestamp":"2026-02-13 21:07:19.000000","request_id":"de0a1396-f54e-45ff-8630-f7b29ad9510a","event":"debug","phase":"BBOX_RESULT","message":"Bounding box query completed","latency_ms":114,"data":{"pois_in_bbox":2986}}
{"timestamp":"2026-02-13 21:07:19.000000","request_id":"de0a1396-f54e-45ff-8630-f7b29ad9510a","event":"debug","phase":"DISTANCE_FILTER","message":"Starting distance-to-route filtering","latency_ms":115,"data":{"all_pois_count":2986,"buffer_meters":20000}}
{"timestamp":"2026-02-13 21:07:20.000000","request_id":"de0a1396-f54e-45ff-8630-f7b29ad9510a","event":"debug","phase":"DISTANCE_FILTER","message":"Filtering complete","latency_ms":448,"data":{"filtered_pois_count":260}}
{"timestamp":"2026-02-13 21:07:20.000000","request_id":"de0a1396-f54e-45ff-8630-f7b29ad9510a","event":"response_success","endpoint":"/api/pois-for-route","http_code":200,"latency_ms":449,"cache_hit":false,"cache_miss":false,"data_count":100}
{"timestamp":"2026-02-13 21:07:20.000000","request_id":"de0a1396-f54e-45ff-8630-f7b29ad9510a","event":"debug","phase":"RESPONSE","message":"Final POI count","latency_ms":449,"data":{"total_in_route":260,"returned":100,"by_category":{"hospital":260}}}
{"timestamp":"2026-02-13 21:07:20.000000","request_id":"9cf50e82-b1f4-4979-bdd8-a042d7a0b51e","event":"request_start","endpoint":"/api/pois-for-route","method":"POST","ip_address":"127.0.0.1","user_id":null}
{"timestamp":"2026-02-13 21:07:20.000000","request_id":"9cf50e82-b1f4-4979-bdd8-a042d7a0b51e","event":"debug","phase":"VALIDATION","message":"Polyline received","latency_ms":1,"data":{"point_count":1041}}
{"timestamp":"2026-02-13 21:07:20.000000","request_id":"9cf50e82-b1f4-4979-bdd8-a042d7a0b51e","event":"debug","phase":"VALIDATION","message":"Input validated","latency_ms":2,"data":{"polyline_points":1041,"categories":["hospital"],"radius_km":20}}
{"timestamp":"2026-02-13 21:07:20.000000","request_id":"9cf50e82-b1f4-4979-bdd8-a042d7a0b51e","event":"debug","phase":"BBOX_QUERY","message":"Executing spatial query","latency_ms":2,"data":{"min_lat":18.88465481981982,"max_lat":28.79408918018018,"min_lng":72.69436381981981,"max_lng":77.52516718018019,"categories":["hospital"]}}
{"timestamp":"2026-02-13 21:07:20.000000","request_id":"9cf50e82-b1f4-4979-bdd8-a042d7a0b51e","event":"debug","phase":"BBOX_RESULT","message":"Bounding box query completed","latency_ms":106,"data":{"pois_in_bbox":2986}}
{"timestamp":"2026-02-13 21:07:20.000000","request_id":"9cf50e82-b1f4-4979-bdd8-a042d7a0b51e","event":"debug","phase":"DISTANCE_FILTER","message":"Starting distance-to-route filtering","latency_ms":107,"data":{"all_pois_count":2986,"buffer_meters":20000}}
{"timestamp":"2026-02-13 21:07:20.000000","request_id":"9cf50e82-b1f4-4979-bdd8-a042d7a0b51e","event":"debug","phase":"DISTANCE_FILTER","message":"Filtering complete","latency_ms":395,"data":{"filtered_pois_count":260}}
{"timestamp":"2026-02-13 21:07:20.000000","request_id":"9cf50e82-b1f4-4979-bdd8-a042d7a0b51e","event":"response_success","endpoint":"/api/pois-for-route","http_code":200,"latency_ms":396,"cache_hit":false,"cache_miss":false,"data_count":100}
{"timestamp":"2026-02-13 21:07:20.000000","request_id":"9cf50e82-b1f4-4979-bdd8-a042d7a0b51e","event":"debug","phase":"RESPONSE","message":"Final POI count","latency_ms":396,"data":{"total_in_route":260,"returned":100,"by_category":{"hospital":260}}}
{"timestamp":"2026-02-13 21:07:28.000000","request_id":"19aa5f56-852e-4170-a8e5-466883265a8f","event":"request_start","endpoint":"/api/pois-for-route","method":"POST","ip_address":"127.0.0.1","user_id":null}
{"timestamp":"2026-02-13 21:07:28.000000","request_id":"19aa5f56-852e-4170-a8e5-466883265a8f","event":"debug","phase":"VALIDATION","message":"Polyline received","latency_ms":0,"data":{"point_count":1041}}
{"timestamp":"2026-02-13 21:07:28.000000","request_id":"19aa5f56-852e-4170-a8e5-466883265a8f","event":"debug","phase":"VALIDATION","message":"Input validated","latency_ms":1,"data":{"polyline_points":1041,"categories":["fuel"],"radius_km":20}}
{"timestamp":"2026-02-13 21:07:28.000000","request_id":"19aa5f56-852e-4170-a8e5-466883265a8f","event":"debug","phase":"BBOX_QUERY","message":"Executing spatial query","latency_ms":1,"data":{"min_lat":18.88465481981982,"max_lat":28.79408918018018,"min_lng":72.69436381981981,"max_lng":77.52516718018019,"categories":["fuel"]}}
{"timestamp":"2026-02-13 21:07:28.000000","request_id":"19aa5f56-852e-4170-a8e5-466883265a8f","event":"debug","phase":"BBOX_RESULT","message":"Bounding box query completed","latency_ms":104,"data":{"pois_in_bbox":2951}}
{"timestamp":"2026-02-13 21:07:28.000000","request_id":"19aa5f56-852e-4170-a8e5-466883265a8f","event":"debug","phase":"DISTANCE_FILTER","message":"Starting distance-to-route filtering","latency_ms":105,"data":{"all_pois_count":2951,"buffer_meters":20000}}
{"timestamp":"2026-02-13 21:07:29.000000","request_id":"19aa5f56-852e-4170-a8e5-466883265a8f","event":"debug","phase":"DISTANCE_FILTER","message":"Filtering complete","latency_ms":399,"data":{"filtered_pois_count":275}}
{"timestamp":"2026-02-13 21:07:29.000000","request_id":"19aa5f56-852e-4170-a8e5-466883265a8f","event":"response_success","endpoint":"/api/pois-for-route","http_code":200,"latency_ms":400,"cache_hit":false,"cache_miss":false,"data_count":100}
{"timestamp":"2026-02-13 21:07:29.000000","request_id":"19aa5f56-852e-4170-a8e5-466883265a8f","event":"debug","phase":"RESPONSE","message":"Final POI count","latency_ms":400,"data":{"total_in_route":275,"returned":100,"by_category":{"fuel":275}}}
{"timestamp":"2026-02-13 21:23:09.000000","request_id":"5262f9a3-a422-4bb7-9a93-023017d86241","event":"request_start","endpoint":"/api/pois-for-route","method":"POST","ip_address":"127.0.0.1","user_id":null}
{"timestamp":"2026-02-13 21:23:09.000000","request_id":"5262f9a3-a422-4bb7-9a93-023017d86241","event":"debug","phase":"VALIDATION","message":"Polyline received","latency_ms":10,"data":{"point_count":1041}}
{"timestamp":"2026-02-13 21:23:09.000000","request_id":"5262f9a3-a422-4bb7-9a93-023017d86241","event":"debug","phase":"VALIDATION","message":"Input validated","latency_ms":11,"data":{"polyline_points":1041,"categories":["fuel"],"radius_km":20}}
{"timestamp":"2026-02-13 21:23:09.000000","request_id":"5262f9a3-a422-4bb7-9a93-023017d86241","event":"debug","phase":"BBOX_QUERY","message":"Executing spatial query","latency_ms":12,"data":{"min_lat":18.88465481981982,"max_lat":28.79408918018018,"min_lng":72.69436381981981,"max_lng":77.52516718018019,"categories":["fuel"]}}
{"timestamp":"2026-02-13 21:23:09.000000","request_id":"5262f9a3-a422-4bb7-9a93-023017d86241","event":"debug","phase":"BBOX_RESULT","message":"Bounding box query completed","latency_ms":271,"data":{"pois_in_bbox":2951}}
{"timestamp":"2026-02-13 21:23:09.000000","request_id":"5262f9a3-a422-4bb7-9a93-023017d86241","event":"debug","phase":"DISTANCE_FILTER","message":"Starting distance-to-route filtering","latency_ms":272,"data":{"all_pois_count":2951,"buffer_meters":20000}}
{"timestamp":"2026-02-13 21:23:09.000000","request_id":"5262f9a3-a422-4bb7-9a93-023017d86241","event":"debug","phase":"DISTANCE_FILTER","message":"Filtering complete","latency_ms":844,"data":{"filtered_pois_count":275}}
{"timestamp":"2026-02-13 21:23:09.000000","request_id":"5262f9a3-a422-4bb7-9a93-023017d86241","event":"response_success","endpoint":"/api/pois-for-route","http_code":200,"latency_ms":846,"cache_hit":false,"cache_miss":false,"data_count":100}
{"timestamp":"2026-02-13 21:23:09.000000","request_id":"5262f9a3-a422-4bb7-9a93-023017d86241","event":"debug","phase":"RESPONSE","message":"Final POI count","latency_ms":881,"data":{"total_in_route":275,"returned":100,"by_category":{"fuel":275}}}
{"timestamp":"2026-02-13 21:23:12.000000","request_id":"425217b6-8b78-4064-9d87-fe629fab7d9b","event":"request_start","endpoint":"/api/pois-for-route","method":"POST","ip_address":"127.0.0.1","user_id":null}
{"timestamp":"2026-02-13 21:23:12.000000","request_id":"425217b6-8b78-4064-9d87-fe629fab7d9b","event":"debug","phase":"VALIDATION","message":"Polyline received","latency_ms":1,"data":{"point_count":1041}}
{"timestamp":"2026-02-13 21:23:12.000000","request_id":"425217b6-8b78-4064-9d87-fe629fab7d9b","event":"debug","phase":"VALIDATION","message":"Input validated","latency_ms":2,"data":{"polyline_points":1041,"categories":["hospital"],"radius_km":20}}
{"timestamp":"2026-02-13 21:23:12.000000","request_id":"425217b6-8b78-4064-9d87-fe629fab7d9b","event":"debug","phase":"BBOX_QUERY","message":"Executing spatial query","latency_ms":2,"data":{"min_lat":18.88465481981982,"max_lat":28.79408918018018,"min_lng":72.69436381981981,"max_lng":77.52516718018019,"categories":["hospital"]}}
{"timestamp":"2026-02-13 21:23:12.000000","request_id":"425217b6-8b78-4064-9d87-fe629fab7d9b","event":"debug","phase":"BBOX_RESULT","message":"Bounding box query completed","latency_ms":149,"data":{"pois_in_bbox":2986}}
{"timestamp":"2026-02-13 21:23:12.000000","request_id":"425217b6-8b78-4064-9d87-fe629fab7d9b","event":"debug","phase":"DISTANCE_FILTER","message":"Starting distance-to-route filtering","latency_ms":149,"data":{"all_pois_count":2986,"buffer_meters":20000}}
{"timestamp":"2026-02-13 21:23:12.000000","request_id":"425217b6-8b78-4064-9d87-fe629fab7d9b","event":"debug","phase":"DISTANCE_FILTER","message":"Filtering complete","latency_ms":562,"data":{"filtered_pois_count":260}}
{"timestamp":"2026-02-13 21:23:12.000000","request_id":"425217b6-8b78-4064-9d87-fe629fab7d9b","event":"response_success","endpoint":"/api/pois-for-route","http_code":200,"latency_ms":564,"cache_hit":false,"cache_miss":false,"data_count":100}
{"timestamp":"2026-02-13 21:23:12.000000","request_id":"425217b6-8b78-4064-9d87-fe629fab7d9b","event":"debug","phase":"RESPONSE","message":"Final POI count","latency_ms":565,"data":{"total_in_route":260,"returned":100,"by_category":{"hospital":260}}}
{"timestamp":"2026-02-13 21:23:18.000000","request_id":"dfef12c4-b987-4304-8c41-9ef99ceded09","event":"request_start","endpoint":"/api/pois-for-route","method":"POST","ip_address":"127.0.0.1","user_id":null}
{"timestamp":"2026-02-13 21:23:18.000000","request_id":"dfef12c4-b987-4304-8c41-9ef99ceded09","event":"debug","phase":"VALIDATION","message":"Polyline received","latency_ms":1,"data":{"point_count":1041}}
{"timestamp":"2026-02-13 21:23:18.000000","request_id":"dfef12c4-b987-4304-8c41-9ef99ceded09","event":"debug","phase":"VALIDATION","message":"Input validated","latency_ms":1,"data":{"polyline_points":1041,"categories":["restaurant"],"radius_km":20}}
{"timestamp":"2026-02-13 21:23:18.000000","request_id":"dfef12c4-b987-4304-8c41-9ef99ceded09","event":"debug","phase":"BBOX_QUERY","message":"Executing spatial query","latency_ms":1,"data":{"min_lat":18.88465481981982,"max_lat":28.79408918018018,"min_lng":72.69436381981981,"max_lng":77.52516718018019,"categories":["restaurant"]}}
{"timestamp":"2026-02-13 21:23:18.000000","request_id":"dfef12c4-b987-4304-8c41-9ef99ceded09","event":"debug","phase":"BBOX_RESULT","message":"Bounding box query completed","latency_ms":117,"data":{"pois_in_bbox":2984}}
{"timestamp":"2026-02-13 21:23:18.000000","request_id":"dfef12c4-b987-4304-8c41-9ef99ceded09","event":"debug","phase":"DISTANCE_FILTER","message":"Starting distance-to-route filtering","latency_ms":118,"data":{"all_pois_count":2984,"buffer_meters":20000}}
{"timestamp":"2026-02-13 21:23:18.000000","request_id":"dfef12c4-b987-4304-8c41-9ef99ceded09","event":"debug","phase":"DISTANCE_FILTER","message":"Filtering complete","latency_ms":417,"data":{"filtered_pois_count":295}}
{"timestamp":"2026-02-13 21:23:18.000000","request_id":"dfef12c4-b987-4304-8c41-9ef99ceded09","event":"response_success","endpoint":"/api/pois-for-route","http_code":200,"latency_ms":418,"cache_hit":false,"cache_miss":false,"data_count":100}
{"timestamp":"2026-02-13 21:23:18.000000","request_id":"dfef12c4-b987-4304-8c41-9ef99ceded09","event":"debug","phase":"RESPONSE","message":"Final POI count","latency_ms":419,"data":{"total_in_route":295,"returned":100,"by_category":{"restaurant":295}}}
{"timestamp":"2026-02-13 22:15:16.000000","request_id":"916d1617-eff1-421b-836e-e661072523d1","event":"request_start","endpoint":"/api/pois-for-route","method":"POST","ip_address":"127.0.0.1","user_id":null}
{"timestamp":"2026-02-13 22:15:16.000000","request_id":"916d1617-eff1-421b-836e-e661072523d1","event":"debug","phase":"VALIDATION","message":"Polyline received","latency_ms":5,"data":{"point_count":1041}}
{"timestamp":"2026-02-13 22:15:16.000000","request_id":"916d1617-eff1-421b-836e-e661072523d1","event":"debug","phase":"VALIDATION","message":"Input validated","latency_ms":5,"data":{"polyline_points":1041,"categories":["fuel","toll","restaurant","hospital"],"radius_km":3}}
{"timestamp":"2026-02-13 22:15:16.000000","request_id":"916d1617-eff1-421b-836e-e661072523d1","event":"debug","phase":"BBOX_QUERY","message":"Executing spatial query","latency_ms":6,"data":{"min_lat":19.03780797297297,"max_lat":28.640936027027028,"min_lng":72.84751697297297,"max_lng":77.37201402702703,"categories":["fuel","toll","restaurant","hospital"]}}
{"timestamp":"2026-02-13 22:15:17.000000","request_id":"916d1617-eff1-421b-836e-e661072523d1","event":"debug","phase":"BBOX_RESULT","message":"Bounding box query completed","latency_ms":189,"data":{"pois_in_bbox":5000}}
{"timestamp":"2026-02-13 22:15:17.000000","request_id":"916d1617-eff1-421b-836e-e661072523d1","event":"debug","phase":"DISTANCE_FILTER","message":"Starting distance-to-route filtering","latency_ms":190,"data":{"all_pois_count":5000,"buffer_meters":3000}}
{"timestamp":"2026-02-13 22:15:17.000000","request_id":"916d1617-eff1-421b-836e-e661072523d1","event":"debug","phase":"DISTANCE_FILTER","message":"Filtering complete","latency_ms":969,"data":{"filtered_pois_count":43}}
{"timestamp":"2026-02-13 22:15:17.000000","request_id":"916d1617-eff1-421b-836e-e661072523d1","event":"response_success","endpoint":"/api/pois-for-route","http_code":200,"latency_ms":969,"cache_hit":false,"cache_miss":false,"data_count":43}
{"timestamp":"2026-02-13 22:15:17.000000","request_id":"916d1617-eff1-421b-836e-e661072523d1","event":"debug","phase":"RESPONSE","message":"Final POI count","latency_ms":970,"data":{"total_in_route":43,"returned":43,"by_category":{"fuel":18,"restaurant":16,"hospital":9}}}
{"timestamp":"2026-02-13 22:16:27.000000","request_id":"f1954f30-bb72-4951-9b70-8902f439675d","event":"request_start","endpoint":"/api/pois-for-route","method":"POST","ip_address":"127.0.0.1","user_id":null}
{"timestamp":"2026-02-13 22:16:27.000000","request_id":"f1954f30-bb72-4951-9b70-8902f439675d","event":"debug","phase":"VALIDATION","message":"Polyline received","latency_ms":1,"data":{"point_count":1041}}
{"timestamp":"2026-02-13 22:16:27.000000","request_id":"f1954f30-bb72-4951-9b70-8902f439675d","event":"debug","phase":"VALIDATION","message":"Input validated","latency_ms":1,"data":{"polyline_points":1041,"categories":["fuel"],"radius_km":5}}
{"timestamp":"2026-02-13 22:16:27.000000","request_id":"f1954f30-bb72-4951-9b70-8902f439675d","event":"debug","phase":"BBOX_QUERY","message":"Executing spatial query","latency_ms":2,"data":{"min_lat":19.019789954954952,"max_lat":28.658954045045046,"min_lng":72.82949895495496,"max_lng":77.39003204504505,"categories":["fuel"]}}
{"timestamp":"2026-02-13 22:16:27.000000","request_id":"f1954f30-bb72-4951-9b70-8902f439675d","event":"debug","phase":"BBOX_RESULT","message":"Bounding box query completed","latency_ms":199,"data":{"pois_in_bbox":2719}}
{"timestamp":"2026-02-13 22:16:27.000000","request_id":"f1954f30-bb72-4951-9b70-8902f439675d","event":"debug","phase":"DISTANCE_FILTER","message":"Starting distance-to-route filtering","latency_ms":200,"data":{"all_pois_count":2719,"buffer_meters":5000}}
{"timestamp":"2026-02-13 22:16:28.000000","request_id":"f1954f30-bb72-4951-9b70-8902f439675d","event":"debug","phase":"DISTANCE_FILTER","message":"Filtering complete","latency_ms":518,"data":{"filtered_pois_count":51}}
{"timestamp":"2026-02-13 22:16:28.000000","request_id":"f1954f30-bb72-4951-9b70-8902f439675d","event":"response_success","endpoint":"/api/pois-for-route","http_code":200,"latency_ms":520,"cache_hit":false,"cache_miss":false,"data_count":51}
{"timestamp":"2026-02-13 22:16:28.000000","request_id":"f1954f30-bb72-4951-9b70-8902f439675d","event":"debug","phase":"RESPONSE","message":"Final POI count","latency_ms":520,"data":{"total_in_route":51,"returned":51,"by_category":{"fuel":51}}}
{"timestamp":"2026-02-13 22:24:22.000000","request_id":"3e56de82-e439-4ce2-922c-2a6b4246a32a","event":"request_start","endpoint":"/api/pois-for-route","method":"POST","ip_address":"127.0.0.1","user_id":null}
{"timestamp":"2026-02-13 22:24:22.000000","request_id":"3e56de82-e439-4ce2-922c-2a6b4246a32a","event":"debug","phase":"VALIDATION","message":"Polyline received","latency_ms":5,"data":{"point_count":1041}}
{"timestamp":"2026-02-13 22:24:22.000000","request_id":"3e56de82-e439-4ce2-922c-2a6b4246a32a","event":"debug","phase":"VALIDATION","message":"Input validated","latency_ms":6,"data":{"polyline_points":1041,"categories":["hospital"],"radius_km":5}}
{"timestamp":"2026-02-13 22:24:22.000000","request_id":"3e56de82-e439-4ce2-922c-2a6b4246a32a","event":"debug","phase":"BBOX_QUERY","message":"Executing spatial query","latency_ms":8,"data":{"min_lat":19.019789954954952,"max_lat":28.658954045045046,"min_lng":72.82949895495496,"max_lng":77.39003204504505,"categories":["hospital"]}}
{"timestamp":"2026-02-13 22:24:22.000000","request_id":"3e56de82-e439-4ce2-922c-2a6b4246a32a","event":"debug","phase":"BBOX_RESULT","message":"Bounding box query completed","latency_ms":248,"data":{"pois_in_bbox":2721}}
{"timestamp":"2026-02-13 22:24:22.000000","request_id":"3e56de82-e439-4ce2-922c-2a6b4246a32a","event":"debug","phase":"DISTANCE_FILTER","message":"Starting distance-to-route filtering","latency_ms":248,"data":{"all_pois_count":2721,"buffer_meters":5000}}
{"timestamp":"2026-02-13 22:24:23.000000","request_id":"3e56de82-e439-4ce2-922c-2a6b4246a32a","event":"debug","phase":"DISTANCE_FILTER","message":"Filtering complete","latency_ms":653,"data":{"filtered_pois_count":42}}
{"timestamp":"2026-02-13 22:24:23.000000","request_id":"3e56de82-e439-4ce2-922c-2a6b4246a32a","event":"response_success","endpoint":"/api/pois-for-route","http_code":200,"latency_ms":654,"cache_hit":false,"cache_miss":false,"data_count":42}
{"timestamp":"2026-02-13 22:24:23.000000","request_id":"3e56de82-e439-4ce2-922c-2a6b4246a32a","event":"debug","phase":"RESPONSE","message":"Final POI count","latency_ms":654,"data":{"total_in_route":42,"returned":42,"by_category":{"hospital":42}}}
{"timestamp":"2026-02-13 22:24:40.000000","request_id":"fdb6dedb-3513-454f-b08c-3cf43c8ca860","event":"request_start","endpoint":"/api/pois-for-route","method":"POST","ip_address":"127.0.0.1","user_id":null}
{"timestamp":"2026-02-13 22:24:40.000000","request_id":"fdb6dedb-3513-454f-b08c-3cf43c8ca860","event":"debug","phase":"VALIDATION","message":"Polyline received","latency_ms":1,"data":{"point_count":1041}}
{"timestamp":"2026-02-13 22:24:40.000000","request_id":"fdb6dedb-3513-454f-b08c-3cf43c8ca860","event":"debug","phase":"VALIDATION","message":"Input validated","latency_ms":1,"data":{"polyline_points":1041,"categories":["restaurant"],"radius_km":5}}
{"timestamp":"2026-02-13 22:24:40.000000","request_id":"fdb6dedb-3513-454f-b08c-3cf43c8ca860","event":"debug","phase":"BBOX_QUERY","message":"Executing spatial query","latency_ms":2,"data":{"min_lat":19.019789954954952,"max_lat":28.658954045045046,"min_lng":72.82949895495496,"max_lng":77.39003204504505,"categories":["restaurant"]}}
{"timestamp":"2026-02-13 22:24:41.000000","request_id":"fdb6dedb-3513-454f-b08c-3cf43c8ca860","event":"debug","phase":"BBOX_RESULT","message":"Bounding box query completed","latency_ms":137,"data":{"pois_in_bbox":2744}}
{"timestamp":"2026-02-13 22:24:41.000000","request_id":"fdb6dedb-3513-454f-b08c-3cf43c8ca860","event":"debug","phase":"DISTANCE_FILTER","message":"Starting distance-to-route filtering","latency_ms":137,"data":{"all_pois_count":2744,"buffer_meters":5000}}
{"timestamp":"2026-02-13 22:24:41.000000","request_id":"fdb6dedb-3513-454f-b08c-3cf43c8ca860","event":"debug","phase":"DISTANCE_FILTER","message":"Filtering complete","latency_ms":549,"data":{"filtered_pois_count":52}}
{"timestamp":"2026-02-13 22:24:41.000000","request_id":"fdb6dedb-3513-454f-b08c-3cf43c8ca860","event":"response_success","endpoint":"/api/pois-for-route","http_code":200,"latency_ms":550,"cache_hit":false,"cache_miss":false,"data_count":52}
{"timestamp":"2026-02-13 22:24:41.000000","request_id":"fdb6dedb-3513-454f-b08c-3cf43c8ca860","event":"debug","phase":"RESPONSE","message":"Final POI count","latency_ms":550,"data":{"total_in_route":52,"returned":52,"by_category":{"restaurant":52}}}
{"timestamp":"2026-02-13 22:24:45.000000","request_id":"87afe288-7e07-4b38-a656-af06ffa24672","event":"request_start","endpoint":"/api/pois-for-route","method":"POST","ip_address":"127.0.0.1","user_id":null}
{"timestamp":"2026-02-13 22:24:45.000000","request_id":"87afe288-7e07-4b38-a656-af06ffa24672","event":"debug","phase":"VALIDATION","message":"Polyline received","latency_ms":1,"data":{"point_count":1041}}
{"timestamp":"2026-02-13 22:24:45.000000","request_id":"87afe288-7e07-4b38-a656-af06ffa24672","event":"debug","phase":"VALIDATION","message":"Input validated","latency_ms":1,"data":{"polyline_points":1041,"categories":["fuel"],"radius_km":5}}
{"timestamp":"2026-02-13 22:24:45.000000","request_id":"87afe288-7e07-4b38-a656-af06ffa24672","event":"debug","phase":"BBOX_QUERY","message":"Executing spatial query","latency_ms":1,"data":{"min_lat":19.019789954954952,"max_lat":28.658954045045046,"min_lng":72.82949895495496,"max_lng":77.39003204504505,"categories":["fuel"]}}
{"timestamp":"2026-02-13 22:24:46.000000","request_id":"87afe288-7e07-4b38-a656-af06ffa24672","event":"debug","phase":"BBOX_RESULT","message":"Bounding box query completed","latency_ms":122,"data":{"pois_in_bbox":2719}}
{"timestamp":"2026-02-13 22:24:46.000000","request_id":"87afe288-7e07-4b38-a656-af06ffa24672","event":"debug","phase":"DISTANCE_FILTER","message":"Starting distance-to-route filtering","latency_ms":123,"data":{"all_pois_count":2719,"buffer_meters":5000}}
{"timestamp":"2026-02-13 22:24:46.000000","request_id":"87afe288-7e07-4b38-a656-af06ffa24672","event":"debug","phase":"DISTANCE_FILTER","message":"Filtering complete","latency_ms":488,"data":{"filtered_pois_count":51}}
{"timestamp":"2026-02-13 22:24:46.000000","request_id":"87afe288-7e07-4b38-a656-af06ffa24672","event":"response_success","endpoint":"/api/pois-for-route","http_code":200,"latency_ms":489,"cache_hit":false,"cache_miss":false,"data_count":51}
{"timestamp":"2026-02-13 22:24:46.000000","request_id":"87afe288-7e07-4b38-a656-af06ffa24672","event":"debug","phase":"RESPONSE","message":"Final POI count","latency_ms":489,"data":{"total_in_route":51,"returned":51,"by_category":{"fuel":51}}}
{"timestamp":"2026-02-13 22:25:58.000000","request_id":"a4bd311a-0f7a-4013-9ba2-10eb02ccd08f","event":"request_start","endpoint":"/api/pois-for-route","method":"POST","ip_address":"127.0.0.1","user_id":null}
{"timestamp":"2026-02-13 22:25:58.000000","request_id":"a4bd311a-0f7a-4013-9ba2-10eb02ccd08f","event":"debug","phase":"VALIDATION","message":"Polyline received","latency_ms":2,"data":{"point_count":1041}}
{"timestamp":"2026-02-13 22:25:58.000000","request_id":"a4bd311a-0f7a-4013-9ba2-10eb02ccd08f","event":"debug","phase":"VALIDATION","message":"Input validated","latency_ms":2,"data":{"polyline_points":1041,"categories":["restaurant"],"radius_km":5}}
{"timestamp":"2026-02-13 22:25:58.000000","request_id":"a4bd311a-0f7a-4013-9ba2-10eb02ccd08f","event":"debug","phase":"BBOX_QUERY","message":"Executing spatial query","latency_ms":3,"data":{"min_lat":19.019789954954952,"max_lat":28.658954045045046,"min_lng":72.82949895495496,"max_lng":77.39003204504505,"categories":["restaurant"]}}
{"timestamp":"2026-02-13 22:25:58.000000","request_id":"a4bd311a-0f7a-4013-9ba2-10eb02ccd08f","event":"debug","phase":"BBOX_RESULT","message":"Bounding box query completed","latency_ms":142,"data":{"pois_in_bbox":2744}}
{"timestamp":"2026-02-13 22:25:58.000000","request_id":"a4bd311a-0f7a-4013-9ba2-10eb02ccd08f","event":"debug","phase":"DISTANCE_FILTER","message":"Starting distance-to-route filtering","latency_ms":143,"data":{"all_pois_count":2744,"buffer_meters":5000}}
{"timestamp":"2026-02-13 22:25:58.000000","request_id":"a4bd311a-0f7a-4013-9ba2-10eb02ccd08f","event":"debug","phase":"DISTANCE_FILTER","message":"Filtering complete","latency_ms":563,"data":{"filtered_pois_count":52}}
{"timestamp":"2026-02-13 22:25:58.000000","request_id":"a4bd311a-0f7a-4013-9ba2-10eb02ccd08f","event":"response_success","endpoint":"/api/pois-for-route","http_code":200,"latency_ms":564,"cache_hit":false,"cache_miss":false,"data_count":52}
{"timestamp":"2026-02-13 22:25:58.000000","request_id":"a4bd311a-0f7a-4013-9ba2-10eb02ccd08f","event":"debug","phase":"RESPONSE","message":"Final POI count","latency_ms":565,"data":{"total_in_route":52,"returned":52,"by_category":{"restaurant":52}}}
{"timestamp":"2026-02-13 22:26:14.000000","request_id":"e980392f-cad9-4480-8c76-371c8bef92ec","event":"request_start","endpoint":"/api/pois-for-route","method":"POST","ip_address":"127.0.0.1","user_id":null}
{"timestamp":"2026-02-13 22:26:14.000000","request_id":"e980392f-cad9-4480-8c76-371c8bef92ec","event":"debug","phase":"VALIDATION","message":"Polyline received","latency_ms":1,"data":{"point_count":1041}}
{"timestamp":"2026-02-13 22:26:14.000000","request_id":"e980392f-cad9-4480-8c76-371c8bef92ec","event":"debug","phase":"VALIDATION","message":"Input validated","latency_ms":1,"data":{"polyline_points":1041,"categories":["hospital"],"radius_km":5}}
{"timestamp":"2026-02-13 22:26:14.000000","request_id":"e980392f-cad9-4480-8c76-371c8bef92ec","event":"debug","phase":"BBOX_QUERY","message":"Executing spatial query","latency_ms":2,"data":{"min_lat":19.019789954954952,"max_lat":28.658954045045046,"min_lng":72.82949895495496,"max_lng":77.39003204504505,"categories":["hospital"]}}
{"timestamp":"2026-02-13 22:26:14.000000","request_id":"e980392f-cad9-4480-8c76-371c8bef92ec","event":"debug","phase":"BBOX_RESULT","message":"Bounding box query completed","latency_ms":119,"data":{"pois_in_bbox":2721}}
{"timestamp":"2026-02-13 22:26:14.000000","request_id":"e980392f-cad9-4480-8c76-371c8bef92ec","event":"debug","phase":"DISTANCE_FILTER","message":"Starting distance-to-route filtering","latency_ms":119,"data":{"all_pois_count":2721,"buffer_meters":5000}}
{"timestamp":"2026-02-13 22:26:15.000000","request_id":"e980392f-cad9-4480-8c76-371c8bef92ec","event":"debug","phase":"DISTANCE_FILTER","message":"Filtering complete","latency_ms":453,"data":{"filtered_pois_count":42}}
{"timestamp":"2026-02-13 22:26:15.000000","request_id":"e980392f-cad9-4480-8c76-371c8bef92ec","event":"response_success","endpoint":"/api/pois-for-route","http_code":200,"latency_ms":454,"cache_hit":false,"cache_miss":false,"data_count":42}
{"timestamp":"2026-02-13 22:26:15.000000","request_id":"e980392f-cad9-4480-8c76-371c8bef92ec","event":"debug","phase":"RESPONSE","message":"Final POI count","latency_ms":454,"data":{"total_in_route":42,"returned":42,"by_category":{"hospital":42}}}
{"timestamp":"2026-02-13 22:48:42.000000","request_id":"056bebbc-799e-4b93-bab9-26bba770d7e6","event":"request_start","endpoint":"/api/pois-for-route","method":"POST","ip_address":"127.0.0.1","user_id":null}
{"timestamp":"2026-02-13 22:48:42.000000","request_id":"056bebbc-799e-4b93-bab9-26bba770d7e6","event":"debug","phase":"VALIDATION","message":"Polyline received","latency_ms":3,"data":{"point_count":1041}}
{"timestamp":"2026-02-13 22:48:42.000000","request_id":"056bebbc-799e-4b93-bab9-26bba770d7e6","event":"debug","phase":"VALIDATION","message":"Input validated","latency_ms":3,"data":{"polyline_points":1041,"categories":["temple","fuel","charger","toll","restaurant","hospital"],"radius_km":3}}
{"timestamp":"2026-02-13 22:48:42.000000","request_id":"056bebbc-799e-4b93-bab9-26bba770d7e6","event":"debug","phase":"BBOX_QUERY","message":"Executing spatial query","latency_ms":4,"data":{"min_lat":19.03780797297297,"max_lat":28.640936027027028,"min_lng":72.84751697297297,"max_lng":77.37201402702703,"categories":["temple","fuel","charger","toll","restaurant","hospital"]}}
{"timestamp":"2026-02-13 22:48:43.000000","request_id":"056bebbc-799e-4b93-bab9-26bba770d7e6","event":"debug","phase":"BBOX_RESULT","message":"Bounding box query completed","latency_ms":170,"data":{"pois_in_bbox":5000}}
{"timestamp":"2026-02-13 22:48:43.000000","request_id":"056bebbc-799e-4b93-bab9-26bba770d7e6","event":"debug","phase":"DISTANCE_FILTER","message":"Starting distance-to-route filtering","latency_ms":170,"data":{"all_pois_count":5000,"buffer_meters":3000}}
{"timestamp":"2026-02-13 22:48:43.000000","request_id":"056bebbc-799e-4b93-bab9-26bba770d7e6","event":"debug","phase":"DISTANCE_FILTER","message":"Filtering complete","latency_ms":739,"data":{"filtered_pois_count":43}}
{"timestamp":"2026-02-13 22:48:43.000000","request_id":"056bebbc-799e-4b93-bab9-26bba770d7e6","event":"response_success","endpoint":"/api/pois-for-route","http_code":200,"latency_ms":741,"cache_hit":false,"cache_miss":false,"data_count":43}
{"timestamp":"2026-02-13 22:48:43.000000","request_id":"056bebbc-799e-4b93-bab9-26bba770d7e6","event":"debug","phase":"RESPONSE","message":"Final POI count","latency_ms":741,"data":{"total_in_route":43,"returned":43,"by_category":{"fuel":18,"restaurant":16,"hospital":9}}}
{"timestamp":"2026-02-13 22:49:09.000000","request_id":"0bfe4837-c93e-4252-bc68-dc631013d5fe","event":"request_start","endpoint":"/api/pois-for-route","method":"POST","ip_address":"127.0.0.1","user_id":null}
{"timestamp":"2026-02-13 22:49:09.000000","request_id":"0bfe4837-c93e-4252-bc68-dc631013d5fe","event":"debug","phase":"VALIDATION","message":"Polyline received","latency_ms":1,"data":{"point_count":1781}}
{"timestamp":"2026-02-13 22:49:09.000000","request_id":"0bfe4837-c93e-4252-bc68-dc631013d5fe","event":"debug","phase":"VALIDATION","message":"Input validated","latency_ms":2,"data":{"polyline_points":1781,"categories":["toll","restaurant","hospital","fuel","charger"],"radius_km":3}}
{"timestamp":"2026-02-13 22:49:09.000000","request_id":"0bfe4837-c93e-4252-bc68-dc631013d5fe","event":"debug","phase":"BBOX_QUERY","message":"Executing spatial query","latency_ms":3,"data":{"min_lat":13.077476972972974,"max_lat":28.640936027027028,"min_lng":77.18197997297297,"max_lng":80.29841002702703,"categories":["toll","restaurant","hospital","fuel","charger"]}}
{"timestamp":"2026-02-13 22:49:09.000000","request_id":"0bfe4837-c93e-4252-bc68-dc631013d5fe","event":"debug","phase":"BBOX_RESULT","message":"Bounding box query completed","latency_ms":132,"data":{"pois_in_bbox":5000}}
{"timestamp":"2026-02-13 22:49:09.000000","request_id":"0bfe4837-c93e-4252-bc68-dc631013d5fe","event":"debug","phase":"DISTANCE_FILTER","message":"Starting distance-to-route filtering","latency_ms":133,"data":{"all_pois_count":5000,"buffer_meters":3000}}
{"timestamp":"2026-02-13 22:49:09.000000","request_id":"0bfe4837-c93e-4252-bc68-dc631013d5fe","event":"debug","phase":"DISTANCE_FILTER","message":"Filtering complete","latency_ms":775,"data":{"filtered_pois_count":40}}
{"timestamp":"2026-02-13 22:49:09.000000","request_id":"0bfe4837-c93e-4252-bc68-dc631013d5fe","event":"response_success","endpoint":"/api/pois-for-route","http_code":200,"latency_ms":781,"cache_hit":false,"cache_miss":false,"data_count":40}
{"timestamp":"2026-02-13 22:49:09.000000","request_id":"0bfe4837-c93e-4252-bc68-dc631013d5fe","event":"debug","phase":"RESPONSE","message":"Final POI count","latency_ms":781,"data":{"total_in_route":40,"returned":40,"by_category":{"fuel":11,"restaurant":12,"hospital":17}}}
{"timestamp":"2026-02-13 22:49:25.000000","request_id":"986cf794-a381-4ed2-8600-014b48fa8012","event":"request_start","endpoint":"/api/pois-for-route","method":"POST","ip_address":"127.0.0.1","user_id":null}
{"timestamp":"2026-02-13 22:49:25.000000","request_id":"986cf794-a381-4ed2-8600-014b48fa8012","event":"debug","phase":"VALIDATION","message":"Polyline received","latency_ms":1,"data":{"point_count":1781}}
{"timestamp":"2026-02-13 22:49:25.000000","request_id":"986cf794-a381-4ed2-8600-014b48fa8012","event":"debug","phase":"VALIDATION","message":"Input validated","latency_ms":2,"data":{"polyline_points":1781,"categories":["temple","fuel","charger","toll","restaurant","hospital"],"radius_km":3}}
{"timestamp":"2026-02-13 22:49:25.000000","request_id":"986cf794-a381-4ed2-8600-014b48fa8012","event":"debug","phase":"BBOX_QUERY","message":"Executing spatial query","latency_ms":3,"data":{"min_lat":13.077476972972974,"max_lat":28.640936027027028,"min_lng":77.18197997297297,"max_lng":80.29841002702703,"categories":["temple","fuel","charger","toll","restaurant","hospital"]}}
{"timestamp":"2026-02-13 22:49:25.000000","request_id":"986cf794-a381-4ed2-8600-014b48fa8012","event":"debug","phase":"BBOX_RESULT","message":"Bounding box query completed","latency_ms":54,"data":{"pois_in_bbox":5000}}
{"timestamp":"2026-02-13 22:49:25.000000","request_id":"986cf794-a381-4ed2-8600-014b48fa8012","event":"debug","phase":"DISTANCE_FILTER","message":"Starting distance-to-route filtering","latency_ms":55,"data":{"all_pois_count":5000,"buffer_meters":3000}}
{"timestamp":"2026-02-13 22:49:25.000000","request_id":"986cf794-a381-4ed2-8600-014b48fa8012","event":"debug","phase":"DISTANCE_FILTER","message":"Filtering complete","latency_ms":556,"data":{"filtered_pois_count":40}}
{"timestamp":"2026-02-13 22:49:25.000000","request_id":"986cf794-a381-4ed2-8600-014b48fa8012","event":"response_success","endpoint":"/api/pois-for-route","http_code":200,"latency_ms":557,"cache_hit":false,"cache_miss":false,"data_count":40}
{"timestamp":"2026-02-13 22:49:25.000000","request_id":"986cf794-a381-4ed2-8600-014b48fa8012","event":"debug","phase":"RESPONSE","message":"Final POI count","latency_ms":557,"data":{"total_in_route":40,"returned":40,"by_category":{"fuel":11,"restaurant":12,"hospital":17}}}
{"timestamp":"2026-02-13 22:50:51.000000","request_id":"11dd0bd4-3858-4364-9f8a-4c8591b3749b","event":"request_start","endpoint":"/api/pois-for-route","method":"POST","ip_address":"127.0.0.1","user_id":null}
{"timestamp":"2026-02-13 22:50:51.000000","request_id":"11dd0bd4-3858-4364-9f8a-4c8591b3749b","event":"debug","phase":"VALIDATION","message":"Polyline received","latency_ms":2,"data":{"point_count":1781}}
{"timestamp":"2026-02-13 22:50:51.000000","request_id":"11dd0bd4-3858-4364-9f8a-4c8591b3749b","event":"debug","phase":"VALIDATION","message":"Input validated","latency_ms":3,"data":{"polyline_points":1781,"categories":["fuel"],"radius_km":5}}
{"timestamp":"2026-02-13 22:50:51.000000","request_id":"11dd0bd4-3858-4364-9f8a-4c8591b3749b","event":"debug","phase":"BBOX_QUERY","message":"Executing spatial query","latency_ms":4,"data":{"min_lat":13.059458954954955,"max_lat":28.658954045045046,"min_lng":77.16396195495496,"max_lng":80.31642804504504,"categories":["fuel"]}}
{"timestamp":"2026-02-13 22:50:51.000000","request_id":"11dd0bd4-3858-4364-9f8a-4c8591b3749b","event":"debug","phase":"BBOX_RESULT","message":"Bounding box query completed","latency_ms":261,"data":{"pois_in_bbox":3000}}
{"timestamp":"2026-02-13 22:50:51.000000","request_id":"11dd0bd4-3858-4364-9f8a-4c8591b3749b","event":"debug","phase":"DISTANCE_FILTER","message":"Starting distance-to-route filtering","latency_ms":261,"data":{"all_pois_count":3000,"buffer_meters":5000}}
{"timestamp":"2026-02-13 22:50:52.000000","request_id":"11dd0bd4-3858-4364-9f8a-4c8591b3749b","event":"debug","phase":"DISTANCE_FILTER","message":"Filtering complete","latency_ms":660,"data":{"filtered_pois_count":72}}
{"timestamp":"2026-02-13 22:50:52.000000","request_id":"11dd0bd4-3858-4364-9f8a-4c8591b3749b","event":"response_success","endpoint":"/api/pois-for-route","http_code":200,"latency_ms":661,"cache_hit":false,"cache_miss":false,"data_count":72}
{"timestamp":"2026-02-13 22:50:52.000000","request_id":"11dd0bd4-3858-4364-9f8a-4c8591b3749b","event":"debug","phase":"RESPONSE","message":"Final POI count","latency_ms":662,"data":{"total_in_route":72,"returned":72,"by_category":{"fuel":72}}}
{"timestamp":"2026-02-13 22:51:35.000000","request_id":"3c5bbbfd-018e-4723-8fff-69136a9cdead","event":"request_start","endpoint":"/api/pois-for-route","method":"POST","ip_address":"127.0.0.1","user_id":null}
{"timestamp":"2026-02-13 22:51:35.000000","request_id":"3c5bbbfd-018e-4723-8fff-69136a9cdead","event":"debug","phase":"VALIDATION","message":"Polyline received","latency_ms":2,"data":{"point_count":1781}}
{"timestamp":"2026-02-13 22:51:35.000000","request_id":"3c5bbbfd-018e-4723-8fff-69136a9cdead","event":"debug","phase":"VALIDATION","message":"Input validated","latency_ms":2,"data":{"polyline_points":1781,"categories":["fuel"],"radius_km":5}}
{"timestamp":"2026-02-13 22:51:35.000000","request_id":"3c5bbbfd-018e-4723-8fff-69136a9cdead","event":"debug","phase":"BBOX_QUERY","message":"Executing spatial query","latency_ms":3,"data":{"min_lat":13.059458954954955,"max_lat":28.658954045045046,"min_lng":77.16396195495496,"max_lng":80.31642804504504,"categories":["fuel"]}}
{"timestamp":"2026-02-13 22:51:35.000000","request_id":"3c5bbbfd-018e-4723-8fff-69136a9cdead","event":"debug","phase":"BBOX_RESULT","message":"Bounding box query completed","latency_ms":120,"data":{"pois_in_bbox":3000}}
{"timestamp":"2026-02-13 22:51:35.000000","request_id":"3c5bbbfd-018e-4723-8fff-69136a9cdead","event":"debug","phase":"DISTANCE_FILTER","message":"Starting distance-to-route filtering","latency_ms":121,"data":{"all_pois_count":3000,"buffer_meters":5000}}
{"timestamp":"2026-02-13 22:51:35.000000","request_id":"3c5bbbfd-018e-4723-8fff-69136a9cdead","event":"debug","phase":"DISTANCE_FILTER","message":"Filtering complete","latency_ms":496,"data":{"filtered_pois_count":72}}
{"timestamp":"2026-02-13 22:51:35.000000","request_id":"3c5bbbfd-018e-4723-8fff-69136a9cdead","event":"response_success","endpoint":"/api/pois-for-route","http_code":200,"latency_ms":496,"cache_hit":false,"cache_miss":false,"data_count":72}
{"timestamp":"2026-02-13 22:51:35.000000","request_id":"3c5bbbfd-018e-4723-8fff-69136a9cdead","event":"debug","phase":"RESPONSE","message":"Final POI count","latency_ms":496,"data":{"total_in_route":72,"returned":72,"by_category":{"fuel":72}}}
{"timestamp":"2026-02-13 22:51:35.000000","request_id":"9ee04d27-a161-491c-b7b4-c7ccd5e50f76","event":"request_start","endpoint":"/api/pois-for-route","method":"POST","ip_address":"127.0.0.1","user_id":null}
{"timestamp":"2026-02-13 22:51:35.000000","request_id":"9ee04d27-a161-491c-b7b4-c7ccd5e50f76","event":"debug","phase":"VALIDATION","message":"Polyline received","latency_ms":1,"data":{"point_count":1781}}
{"timestamp":"2026-02-13 22:51:35.000000","request_id":"9ee04d27-a161-491c-b7b4-c7ccd5e50f76","event":"debug","phase":"VALIDATION","message":"Input validated","latency_ms":2,"data":{"polyline_points":1781,"categories":["fuel"],"radius_km":5}}
{"timestamp":"2026-02-13 22:51:35.000000","request_id":"9ee04d27-a161-491c-b7b4-c7ccd5e50f76","event":"debug","phase":"BBOX_QUERY","message":"Executing spatial query","latency_ms":2,"data":{"min_lat":13.059458954954955,"max_lat":28.658954045045046,"min_lng":77.16396195495496,"max_lng":80.31642804504504,"categories":["fuel"]}}
{"timestamp":"2026-02-13 22:51:35.000000","request_id":"9ee04d27-a161-491c-b7b4-c7ccd5e50f76","event":"debug","phase":"BBOX_RESULT","message":"Bounding box query completed","latency_ms":106,"data":{"pois_in_bbox":3000}}
{"timestamp":"2026-02-13 22:51:35.000000","request_id":"9ee04d27-a161-491c-b7b4-c7ccd5e50f76","event":"debug","phase":"DISTANCE_FILTER","message":"Starting distance-to-route filtering","latency_ms":106,"data":{"all_pois_count":3000,"buffer_meters":5000}}
{"timestamp":"2026-02-13 22:51:36.000000","request_id":"9ee04d27-a161-491c-b7b4-c7ccd5e50f76","event":"debug","phase":"DISTANCE_FILTER","message":"Filtering complete","latency_ms":414,"data":{"filtered_pois_count":72}}
{"timestamp":"2026-02-13 22:51:36.000000","request_id":"9ee04d27-a161-491c-b7b4-c7ccd5e50f76","event":"response_success","endpoint":"/api/pois-for-route","http_code":200,"latency_ms":415,"cache_hit":false,"cache_miss":false,"data_count":72}
{"timestamp":"2026-02-13 22:51:36.000000","request_id":"9ee04d27-a161-491c-b7b4-c7ccd5e50f76","event":"debug","phase":"RESPONSE","message":"Final POI count","latency_ms":415,"data":{"total_in_route":72,"returned":72,"by_category":{"fuel":72}}}
{"timestamp":"2026-02-13 22:51:36.000000","request_id":"28257428-c589-40f9-ba38-9d3fef653f25","event":"request_start","endpoint":"/api/pois-for-route","method":"POST","ip_address":"127.0.0.1","user_id":null}
{"timestamp":"2026-02-13 22:51:36.000000","request_id":"28257428-c589-40f9-ba38-9d3fef653f25","event":"debug","phase":"VALIDATION","message":"Polyline received","latency_ms":1,"data":{"point_count":1781}}
{"timestamp":"2026-02-13 22:51:36.000000","request_id":"28257428-c589-40f9-ba38-9d3fef653f25","event":"debug","phase":"VALIDATION","message":"Input validated","latency_ms":1,"data":{"polyline_points":1781,"categories":["fuel"],"radius_km":5}}
{"timestamp":"2026-02-13 22:51:36.000000","request_id":"28257428-c589-40f9-ba38-9d3fef653f25","event":"debug","phase":"BBOX_QUERY","message":"Executing spatial query","latency_ms":2,"data":{"min_lat":13.059458954954955,"max_lat":28.658954045045046,"min_lng":77.16396195495496,"max_lng":80.31642804504504,"categories":["fuel"]}}
{"timestamp":"2026-02-13 22:51:36.000000","request_id":"28257428-c589-40f9-ba38-9d3fef653f25","event":"debug","phase":"BBOX_RESULT","message":"Bounding box query completed","latency_ms":95,"data":{"pois_in_bbox":3000}}
{"timestamp":"2026-02-13 22:51:36.000000","request_id":"28257428-c589-40f9-ba38-9d3fef653f25","event":"debug","phase":"DISTANCE_FILTER","message":"Starting distance-to-route filtering","latency_ms":95,"data":{"all_pois_count":3000,"buffer_meters":5000}}
{"timestamp":"2026-02-13 22:51:36.000000","request_id":"28257428-c589-40f9-ba38-9d3fef653f25","event":"debug","phase":"DISTANCE_FILTER","message":"Filtering complete","latency_ms":456,"data":{"filtered_pois_count":72}}
{"timestamp":"2026-02-13 22:51:36.000000","request_id":"28257428-c589-40f9-ba38-9d3fef653f25","event":"response_success","endpoint":"/api/pois-for-route","http_code":200,"latency_ms":456,"cache_hit":false,"cache_miss":false,"data_count":72}
{"timestamp":"2026-02-13 22:51:36.000000","request_id":"28257428-c589-40f9-ba38-9d3fef653f25","event":"debug","phase":"RESPONSE","message":"Final POI count","latency_ms":456,"data":{"total_in_route":72,"returned":72,"by_category":{"fuel":72}}}
{"timestamp":"2026-02-13 22:51:36.000000","request_id":"ef985fc0-81ce-4ecd-83a4-cacd37563607","event":"request_start","endpoint":"/api/pois-for-route","method":"POST","ip_address":"127.0.0.1","user_id":null}
{"timestamp":"2026-02-13 22:51:36.000000","request_id":"ef985fc0-81ce-4ecd-83a4-cacd37563607","event":"debug","phase":"VALIDATION","message":"Polyline received","latency_ms":1,"data":{"point_count":1781}}
{"timestamp":"2026-02-13 22:51:36.000000","request_id":"ef985fc0-81ce-4ecd-83a4-cacd37563607","event":"debug","phase":"VALIDATION","message":"Input validated","latency_ms":2,"data":{"polyline_points":1781,"categories":["fuel"],"radius_km":5}}
{"timestamp":"2026-02-13 22:51:36.000000","request_id":"ef985fc0-81ce-4ecd-83a4-cacd37563607","event":"debug","phase":"BBOX_QUERY","message":"Executing spatial query","latency_ms":2,"data":{"min_lat":13.059458954954955,"max_lat":28.658954045045046,"min_lng":77.16396195495496,"max_lng":80.31642804504504,"categories":["fuel"]}}
{"timestamp":"2026-02-13 22:51:36.000000","request_id":"ef985fc0-81ce-4ecd-83a4-cacd37563607","event":"debug","phase":"BBOX_RESULT","message":"Bounding box query completed","latency_ms":100,"data":{"pois_in_bbox":3000}}
{"timestamp":"2026-02-13 22:51:36.000000","request_id":"ef985fc0-81ce-4ecd-83a4-cacd37563607","event":"debug","phase":"DISTANCE_FILTER","message":"Starting distance-to-route filtering","latency_ms":100,"data":{"all_pois_count":3000,"buffer_meters":5000}}
{"timestamp":"2026-02-13 22:51:37.000000","request_id":"ef985fc0-81ce-4ecd-83a4-cacd37563607","event":"debug","phase":"DISTANCE_FILTER","message":"Filtering complete","latency_ms":484,"data":{"filtered_pois_count":72}}
{"timestamp":"2026-02-13 22:51:37.000000","request_id":"ef985fc0-81ce-4ecd-83a4-cacd37563607","event":"response_success","endpoint":"/api/pois-for-route","http_code":200,"latency_ms":485,"cache_hit":false,"cache_miss":false,"data_count":72}
{"timestamp":"2026-02-13 22:51:37.000000","request_id":"ef985fc0-81ce-4ecd-83a4-cacd37563607","event":"debug","phase":"RESPONSE","message":"Final POI count","latency_ms":485,"data":{"total_in_route":72,"returned":72,"by_category":{"fuel":72}}}
{"timestamp":"2026-02-13 22:51:37.000000","request_id":"ca52e55c-d64f-4f45-85b1-5e700a861387","event":"request_start","endpoint":"/api/pois-for-route","method":"POST","ip_address":"127.0.0.1","user_id":null}
{"timestamp":"2026-02-13 22:51:37.000000","request_id":"ca52e55c-d64f-4f45-85b1-5e700a861387","event":"debug","phase":"VALIDATION","message":"Polyline received","latency_ms":1,"data":{"point_count":1781}}
{"timestamp":"2026-02-13 22:51:37.000000","request_id":"ca52e55c-d64f-4f45-85b1-5e700a861387","event":"debug","phase":"VALIDATION","message":"Input validated","latency_ms":2,"data":{"polyline_points":1781,"categories":["fuel"],"radius_km":5}}
{"timestamp":"2026-02-13 22:51:37.000000","request_id":"ca52e55c-d64f-4f45-85b1-5e700a861387","event":"debug","phase":"BBOX_QUERY","message":"Executing spatial query","latency_ms":3,"data":{"min_lat":13.059458954954955,"max_lat":28.658954045045046,"min_lng":77.16396195495496,"max_lng":80.31642804504504,"categories":["fuel"]}}
{"timestamp":"2026-02-13 22:51:37.000000","request_id":"ca52e55c-d64f-4f45-85b1-5e700a861387","event":"debug","phase":"BBOX_RESULT","message":"Bounding box query completed","latency_ms":111,"data":{"pois_in_bbox":3000}}
{"timestamp":"2026-02-13 22:51:37.000000","request_id":"ca52e55c-d64f-4f45-85b1-5e700a861387","event":"debug","phase":"DISTANCE_FILTER","message":"Starting distance-to-route filtering","latency_ms":112,"data":{"all_pois_count":3000,"buffer_meters":5000}}
{"timestamp":"2026-02-13 22:51:37.000000","request_id":"ca52e55c-d64f-4f45-85b1-5e700a861387","event":"debug","phase":"DISTANCE_FILTER","message":"Filtering complete","latency_ms":502,"data":{"filtered_pois_count":72}}
{"timestamp":"2026-02-13 22:51:37.000000","request_id":"ca52e55c-d64f-4f45-85b1-5e700a861387","event":"response_success","endpoint":"/api/pois-for-route","http_code":200,"latency_ms":503,"cache_hit":false,"cache_miss":false,"data_count":72}
{"timestamp":"2026-02-13 22:51:37.000000","request_id":"ca52e55c-d64f-4f45-85b1-5e700a861387","event":"debug","phase":"RESPONSE","message":"Final POI count","latency_ms":503,"data":{"total_in_route":72,"returned":72,"by_category":{"fuel":72}}}
{"timestamp":"2026-02-13 22:51:41.000000","request_id":"11d68bb5-fc57-4178-876b-b58e174ef09c","event":"request_start","endpoint":"/api/pois-for-route","method":"POST","ip_address":"127.0.0.1","user_id":null}
{"timestamp":"2026-02-13 22:51:41.000000","request_id":"11d68bb5-fc57-4178-876b-b58e174ef09c","event":"debug","phase":"VALIDATION","message":"Polyline received","latency_ms":1,"data":{"point_count":1781}}
{"timestamp":"2026-02-13 22:51:41.000000","request_id":"11d68bb5-fc57-4178-876b-b58e174ef09c","event":"debug","phase":"VALIDATION","message":"Input validated","latency_ms":1,"data":{"polyline_points":1781,"categories":["fuel"],"radius_km":5}}
{"timestamp":"2026-02-13 22:51:41.000000","request_id":"11d68bb5-fc57-4178-876b-b58e174ef09c","event":"debug","phase":"BBOX_QUERY","message":"Executing spatial query","latency_ms":2,"data":{"min_lat":13.059458954954955,"max_lat":28.658954045045046,"min_lng":77.16396195495496,"max_lng":80.31642804504504,"categories":["fuel"]}}
{"timestamp":"2026-02-13 22:51:41.000000","request_id":"11d68bb5-fc57-4178-876b-b58e174ef09c","event":"debug","phase":"BBOX_RESULT","message":"Bounding box query completed","latency_ms":102,"data":{"pois_in_bbox":3000}}
{"timestamp":"2026-02-13 22:51:41.000000","request_id":"11d68bb5-fc57-4178-876b-b58e174ef09c","event":"debug","phase":"DISTANCE_FILTER","message":"Starting distance-to-route filtering","latency_ms":102,"data":{"all_pois_count":3000,"buffer_meters":5000}}
{"timestamp":"2026-02-13 22:51:42.000000","request_id":"11d68bb5-fc57-4178-876b-b58e174ef09c","event":"debug","phase":"DISTANCE_FILTER","message":"Filtering complete","latency_ms":453,"data":{"filtered_pois_count":72}}
{"timestamp":"2026-02-13 22:51:42.000000","request_id":"11d68bb5-fc57-4178-876b-b58e174ef09c","event":"response_success","endpoint":"/api/pois-for-route","http_code":200,"latency_ms":453,"cache_hit":false,"cache_miss":false,"data_count":72}
{"timestamp":"2026-02-13 22:51:42.000000","request_id":"11d68bb5-fc57-4178-876b-b58e174ef09c","event":"debug","phase":"RESPONSE","message":"Final POI count","latency_ms":454,"data":{"total_in_route":72,"returned":72,"by_category":{"fuel":72}}}
{"timestamp":"2026-02-13 22:51:42.000000","request_id":"9cc17870-f128-44bc-bd0c-db0cf350581e","event":"request_start","endpoint":"/api/pois-for-route","method":"POST","ip_address":"127.0.0.1","user_id":null}
{"timestamp":"2026-02-13 22:51:42.000000","request_id":"9cc17870-f128-44bc-bd0c-db0cf350581e","event":"debug","phase":"VALIDATION","message":"Polyline received","latency_ms":2,"data":{"point_count":1781}}
{"timestamp":"2026-02-13 22:51:42.000000","request_id":"9cc17870-f128-44bc-bd0c-db0cf350581e","event":"debug","phase":"VALIDATION","message":"Input validated","latency_ms":2,"data":{"polyline_points":1781,"categories":["fuel"],"radius_km":5}}
{"timestamp":"2026-02-13 22:51:42.000000","request_id":"9cc17870-f128-44bc-bd0c-db0cf350581e","event":"debug","phase":"BBOX_QUERY","message":"Executing spatial query","latency_ms":3,"data":{"min_lat":13.059458954954955,"max_lat":28.658954045045046,"min_lng":77.16396195495496,"max_lng":80.31642804504504,"categories":["fuel"]}}
{"timestamp":"2026-02-13 22:51:42.000000","request_id":"9cc17870-f128-44bc-bd0c-db0cf350581e","event":"debug","phase":"BBOX_RESULT","message":"Bounding box query completed","latency_ms":95,"data":{"pois_in_bbox":3000}}
{"timestamp":"2026-02-13 22:51:42.000000","request_id":"9cc17870-f128-44bc-bd0c-db0cf350581e","event":"debug","phase":"DISTANCE_FILTER","message":"Starting distance-to-route filtering","latency_ms":95,"data":{"all_pois_count":3000,"buffer_meters":5000}}
{"timestamp":"2026-02-13 22:51:42.000000","request_id":"9cc17870-f128-44bc-bd0c-db0cf350581e","event":"debug","phase":"DISTANCE_FILTER","message":"Filtering complete","latency_ms":425,"data":{"filtered_pois_count":72}}
{"timestamp":"2026-02-13 22:51:42.000000","request_id":"9cc17870-f128-44bc-bd0c-db0cf350581e","event":"response_success","endpoint":"/api/pois-for-route","http_code":200,"latency_ms":426,"cache_hit":false,"cache_miss":false,"data_count":72}
{"timestamp":"2026-02-13 22:51:42.000000","request_id":"9cc17870-f128-44bc-bd0c-db0cf350581e","event":"debug","phase":"RESPONSE","message":"Final POI count","latency_ms":426,"data":{"total_in_route":72,"returned":72,"by_category":{"fuel":72}}}
{"timestamp":"2026-02-13 22:51:42.000000","request_id":"18212ca7-c1bc-4f7a-981d-ae13f5697fcc","event":"request_start","endpoint":"/api/pois-for-route","method":"POST","ip_address":"127.0.0.1","user_id":null}
{"timestamp":"2026-02-13 22:51:42.000000","request_id":"18212ca7-c1bc-4f7a-981d-ae13f5697fcc","event":"debug","phase":"VALIDATION","message":"Polyline received","latency_ms":1,"data":{"point_count":1781}}
{"timestamp":"2026-02-13 22:51:42.000000","request_id":"18212ca7-c1bc-4f7a-981d-ae13f5697fcc","event":"debug","phase":"VALIDATION","message":"Input validated","latency_ms":2,"data":{"polyline_points":1781,"categories":["fuel"],"radius_km":5}}
{"timestamp":"2026-02-13 22:51:42.000000","request_id":"18212ca7-c1bc-4f7a-981d-ae13f5697fcc","event":"debug","phase":"BBOX_QUERY","message":"Executing spatial query","latency_ms":2,"data":{"min_lat":13.059458954954955,"max_lat":28.658954045045046,"min_lng":77.16396195495496,"max_lng":80.31642804504504,"categories":["fuel"]}}
{"timestamp":"2026-02-13 22:51:42.000000","request_id":"18212ca7-c1bc-4f7a-981d-ae13f5697fcc","event":"debug","phase":"BBOX_RESULT","message":"Bounding box query completed","latency_ms":95,"data":{"pois_in_bbox":3000}}
{"timestamp":"2026-02-13 22:51:42.000000","request_id":"18212ca7-c1bc-4f7a-981d-ae13f5697fcc","event":"debug","phase":"DISTANCE_FILTER","message":"Starting distance-to-route filtering","latency_ms":96,"data":{"all_pois_count":3000,"buffer_meters":5000}}
{"timestamp":"2026-02-13 22:51:43.000000","request_id":"18212ca7-c1bc-4f7a-981d-ae13f5697fcc","event":"debug","phase":"DISTANCE_FILTER","message":"Filtering complete","latency_ms":456,"data":{"filtered_pois_count":72}}
{"timestamp":"2026-02-13 22:51:43.000000","request_id":"18212ca7-c1bc-4f7a-981d-ae13f5697fcc","event":"response_success","endpoint":"/api/pois-for-route","http_code":200,"latency_ms":457,"cache_hit":false,"cache_miss":false,"data_count":72}
{"timestamp":"2026-02-13 22:51:43.000000","request_id":"18212ca7-c1bc-4f7a-981d-ae13f5697fcc","event":"debug","phase":"RESPONSE","message":"Final POI count","latency_ms":457,"data":{"total_in_route":72,"returned":72,"by_category":{"fuel":72}}}
{"timestamp":"2026-02-13 22:51:43.000000","request_id":"bc3ec9d4-1e57-4744-9bb4-b6237785147f","event":"request_start","endpoint":"/api/pois-for-route","method":"POST","ip_address":"127.0.0.1","user_id":null}
{"timestamp":"2026-02-13 22:51:43.000000","request_id":"bc3ec9d4-1e57-4744-9bb4-b6237785147f","event":"debug","phase":"VALIDATION","message":"Polyline received","latency_ms":2,"data":{"point_count":1781}}
{"timestamp":"2026-02-13 22:51:43.000000","request_id":"bc3ec9d4-1e57-4744-9bb4-b6237785147f","event":"debug","phase":"VALIDATION","message":"Input validated","latency_ms":2,"data":{"polyline_points":1781,"categories":["fuel"],"radius_km":5}}
{"timestamp":"2026-02-13 22:51:43.000000","request_id":"bc3ec9d4-1e57-4744-9bb4-b6237785147f","event":"debug","phase":"BBOX_QUERY","message":"Executing spatial query","latency_ms":2,"data":{"min_lat":13.059458954954955,"max_lat":28.658954045045046,"min_lng":77.16396195495496,"max_lng":80.31642804504504,"categories":["fuel"]}}
{"timestamp":"2026-02-13 22:51:43.000000","request_id":"bc3ec9d4-1e57-4744-9bb4-b6237785147f","event":"debug","phase":"BBOX_RESULT","message":"Bounding box query completed","latency_ms":102,"data":{"pois_in_bbox":3000}}
{"timestamp":"2026-02-13 22:51:43.000000","request_id":"bc3ec9d4-1e57-4744-9bb4-b6237785147f","event":"debug","phase":"DISTANCE_FILTER","message":"Starting distance-to-route filtering","latency_ms":103,"data":{"all_pois_count":3000,"buffer_meters":5000}}
{"timestamp":"2026-02-13 22:51:43.000000","request_id":"bc3ec9d4-1e57-4744-9bb4-b6237785147f","event":"debug","phase":"DISTANCE_FILTER","message":"Filtering complete","latency_ms":452,"data":{"filtered_pois_count":72}}
{"timestamp":"2026-02-13 22:51:43.000000","request_id":"bc3ec9d4-1e57-4744-9bb4-b6237785147f","event":"response_success","endpoint":"/api/pois-for-route","http_code":200,"latency_ms":452,"cache_hit":false,"cache_miss":false,"data_count":72}
{"timestamp":"2026-02-13 22:51:43.000000","request_id":"bc3ec9d4-1e57-4744-9bb4-b6237785147f","event":"debug","phase":"RESPONSE","message":"Final POI count","latency_ms":453,"data":{"total_in_route":72,"returned":72,"by_category":{"fuel":72}}}
{"timestamp":"2026-02-13 22:51:43.000000","request_id":"24acc950-2eac-4817-a4ac-3b28b4851270","event":"request_start","endpoint":"/api/pois-for-route","method":"POST","ip_address":"127.0.0.1","user_id":null}
{"timestamp":"2026-02-13 22:51:43.000000","request_id":"24acc950-2eac-4817-a4ac-3b28b4851270","event":"debug","phase":"VALIDATION","message":"Polyline received","latency_ms":1,"data":{"point_count":1781}}
{"timestamp":"2026-02-13 22:51:43.000000","request_id":"24acc950-2eac-4817-a4ac-3b28b4851270","event":"debug","phase":"VALIDATION","message":"Input validated","latency_ms":2,"data":{"polyline_points":1781,"categories":["fuel"],"radius_km":5}}
{"timestamp":"2026-02-13 22:51:43.000000","request_id":"24acc950-2eac-4817-a4ac-3b28b4851270","event":"debug","phase":"BBOX_QUERY","message":"Executing spatial query","latency_ms":3,"data":{"min_lat":13.059458954954955,"max_lat":28.658954045045046,"min_lng":77.16396195495496,"max_lng":80.31642804504504,"categories":["fuel"]}}
{"timestamp":"2026-02-13 22:51:43.000000","request_id":"24acc950-2eac-4817-a4ac-3b28b4851270","event":"debug","phase":"BBOX_RESULT","message":"Bounding box query completed","latency_ms":116,"data":{"pois_in_bbox":3000}}
{"timestamp":"2026-02-13 22:51:43.000000","request_id":"24acc950-2eac-4817-a4ac-3b28b4851270","event":"debug","phase":"DISTANCE_FILTER","message":"Starting distance-to-route filtering","latency_ms":116,"data":{"all_pois_count":3000,"buffer_meters":5000}}
{"timestamp":"2026-02-13 22:51:44.000000","request_id":"24acc950-2eac-4817-a4ac-3b28b4851270","event":"debug","phase":"DISTANCE_FILTER","message":"Filtering complete","latency_ms":486,"data":{"filtered_pois_count":72}}
{"timestamp":"2026-02-13 22:51:44.000000","request_id":"24acc950-2eac-4817-a4ac-3b28b4851270","event":"response_success","endpoint":"/api/pois-for-route","http_code":200,"latency_ms":487,"cache_hit":false,"cache_miss":false,"data_count":72}
{"timestamp":"2026-02-13 22:51:44.000000","request_id":"24acc950-2eac-4817-a4ac-3b28b4851270","event":"debug","phase":"RESPONSE","message":"Final POI count","latency_ms":487,"data":{"total_in_route":72,"returned":72,"by_category":{"fuel":72}}}
{"timestamp":"2026-02-13 22:51:44.000000","request_id":"8c3cb688-d808-4f3a-8c27-f01a52a74f06","event":"request_start","endpoint":"/api/pois-for-route","method":"POST","ip_address":"127.0.0.1","user_id":null}
{"timestamp":"2026-02-13 22:51:44.000000","request_id":"8c3cb688-d808-4f3a-8c27-f01a52a74f06","event":"debug","phase":"VALIDATION","message":"Polyline received","latency_ms":2,"data":{"point_count":1781}}
{"timestamp":"2026-02-13 22:51:44.000000","request_id":"8c3cb688-d808-4f3a-8c27-f01a52a74f06","event":"debug","phase":"VALIDATION","message":"Input validated","latency_ms":3,"data":{"polyline_points":1781,"categories":["fuel"],"radius_km":5}}
{"timestamp":"2026-02-13 22:51:44.000000","request_id":"8c3cb688-d808-4f3a-8c27-f01a52a74f06","event":"debug","phase":"BBOX_QUERY","message":"Executing spatial query","latency_ms":3,"data":{"min_lat":13.059458954954955,"max_lat":28.658954045045046,"min_lng":77.16396195495496,"max_lng":80.31642804504504,"categories":["fuel"]}}
{"timestamp":"2026-02-13 22:51:44.000000","request_id":"8c3cb688-d808-4f3a-8c27-f01a52a74f06","event":"debug","phase":"BBOX_RESULT","message":"Bounding box query completed","latency_ms":104,"data":{"pois_in_bbox":3000}}
{"timestamp":"2026-02-13 22:51:44.000000","request_id":"8c3cb688-d808-4f3a-8c27-f01a52a74f06","event":"debug","phase":"DISTANCE_FILTER","message":"Starting distance-to-route filtering","latency_ms":105,"data":{"all_pois_count":3000,"buffer_meters":5000}}
{"timestamp":"2026-02-13 22:51:44.000000","request_id":"8c3cb688-d808-4f3a-8c27-f01a52a74f06","event":"debug","phase":"DISTANCE_FILTER","message":"Filtering complete","latency_ms":461,"data":{"filtered_pois_count":72}}
{"timestamp":"2026-02-13 22:51:44.000000","request_id":"8c3cb688-d808-4f3a-8c27-f01a52a74f06","event":"response_success","endpoint":"/api/pois-for-route","http_code":200,"latency_ms":461,"cache_hit":false,"cache_miss":false,"data_count":72}
{"timestamp":"2026-02-13 22:51:44.000000","request_id":"8c3cb688-d808-4f3a-8c27-f01a52a74f06","event":"debug","phase":"RESPONSE","message":"Final POI count","latency_ms":462,"data":{"total_in_route":72,"returned":72,"by_category":{"fuel":72}}}
{"timestamp":"2026-02-13 22:51:44.000000","request_id":"f98a1a40-2f74-418c-8a0a-234191b57d8e","event":"request_start","endpoint":"/api/pois-for-route","method":"POST","ip_address":"127.0.0.1","user_id":null}
{"timestamp":"2026-02-13 22:51:44.000000","request_id":"f98a1a40-2f74-418c-8a0a-234191b57d8e","event":"debug","phase":"VALIDATION","message":"Polyline received","latency_ms":1,"data":{"point_count":1781}}
{"timestamp":"2026-02-13 22:51:44.000000","request_id":"f98a1a40-2f74-418c-8a0a-234191b57d8e","event":"debug","phase":"VALIDATION","message":"Input validated","latency_ms":1,"data":{"polyline_points":1781,"categories":["fuel"],"radius_km":5}}
{"timestamp":"2026-02-13 22:51:44.000000","request_id":"f98a1a40-2f74-418c-8a0a-234191b57d8e","event":"debug","phase":"BBOX_QUERY","message":"Executing spatial query","latency_ms":2,"data":{"min_lat":13.059458954954955,"max_lat":28.658954045045046,"min_lng":77.16396195495496,"max_lng":80.31642804504504,"categories":["fuel"]}}
{"timestamp":"2026-02-13 22:51:44.000000","request_id":"f98a1a40-2f74-418c-8a0a-234191b57d8e","event":"debug","phase":"BBOX_RESULT","message":"Bounding box query completed","latency_ms":116,"data":{"pois_in_bbox":3000}}
{"timestamp":"2026-02-13 22:51:44.000000","request_id":"f98a1a40-2f74-418c-8a0a-234191b57d8e","event":"debug","phase":"DISTANCE_FILTER","message":"Starting distance-to-route filtering","latency_ms":117,"data":{"all_pois_count":3000,"buffer_meters":5000}}
{"timestamp":"2026-02-13 22:51:45.000000","request_id":"f98a1a40-2f74-418c-8a0a-234191b57d8e","event":"debug","phase":"DISTANCE_FILTER","message":"Filtering complete","latency_ms":494,"data":{"filtered_pois_count":72}}
{"timestamp":"2026-02-13 22:51:45.000000","request_id":"f98a1a40-2f74-418c-8a0a-234191b57d8e","event":"response_success","endpoint":"/api/pois-for-route","http_code":200,"latency_ms":494,"cache_hit":false,"cache_miss":false,"data_count":72}
{"timestamp":"2026-02-13 22:51:45.000000","request_id":"f98a1a40-2f74-418c-8a0a-234191b57d8e","event":"debug","phase":"RESPONSE","message":"Final POI count","latency_ms":495,"data":{"total_in_route":72,"returned":72,"by_category":{"fuel":72}}}
{"timestamp":"2026-02-13 22:51:45.000000","request_id":"6f32a1eb-276d-4e5f-84fc-1d147e806471","event":"request_start","endpoint":"/api/pois-for-route","method":"POST","ip_address":"127.0.0.1","user_id":null}
{"timestamp":"2026-02-13 22:51:45.000000","request_id":"6f32a1eb-276d-4e5f-84fc-1d147e806471","event":"debug","phase":"VALIDATION","message":"Polyline received","latency_ms":1,"data":{"point_count":1781}}
{"timestamp":"2026-02-13 22:51:45.000000","request_id":"6f32a1eb-276d-4e5f-84fc-1d147e806471","event":"debug","phase":"VALIDATION","message":"Input validated","latency_ms":2,"data":{"polyline_points":1781,"categories":["fuel"],"radius_km":5}}
{"timestamp":"2026-02-13 22:51:45.000000","request_id":"6f32a1eb-276d-4e5f-84fc-1d147e806471","event":"debug","phase":"BBOX_QUERY","message":"Executing spatial query","latency_ms":2,"data":{"min_lat":13.059458954954955,"max_lat":28.658954045045046,"min_lng":77.16396195495496,"max_lng":80.31642804504504,"categories":["fuel"]}}
{"timestamp":"2026-02-13 22:51:45.000000","request_id":"6f32a1eb-276d-4e5f-84fc-1d147e806471","event":"debug","phase":"BBOX_RESULT","message":"Bounding box query completed","latency_ms":99,"data":{"pois_in_bbox":3000}}
{"timestamp":"2026-02-13 22:51:45.000000","request_id":"6f32a1eb-276d-4e5f-84fc-1d147e806471","event":"debug","phase":"DISTANCE_FILTER","message":"Starting distance-to-route filtering","latency_ms":99,"data":{"all_pois_count":3000,"buffer_meters":5000}}
{"timestamp":"2026-02-13 22:51:45.000000","request_id":"6f32a1eb-276d-4e5f-84fc-1d147e806471","event":"debug","phase":"DISTANCE_FILTER","message":"Filtering complete","latency_ms":418,"data":{"filtered_pois_count":72}}
{"timestamp":"2026-02-13 22:51:45.000000","request_id":"6f32a1eb-276d-4e5f-84fc-1d147e806471","event":"response_success","endpoint":"/api/pois-for-route","http_code":200,"latency_ms":418,"cache_hit":false,"cache_miss":false,"data_count":72}
{"timestamp":"2026-02-13 22:51:45.000000","request_id":"6f32a1eb-276d-4e5f-84fc-1d147e806471","event":"debug","phase":"RESPONSE","message":"Final POI count","latency_ms":419,"data":{"total_in_route":72,"returned":72,"by_category":{"fuel":72}}}
{"timestamp":"2026-02-13 22:51:45.000000","request_id":"7746c6ac-be80-420d-a121-64b3c08f3218","event":"request_start","endpoint":"/api/pois-for-route","method":"POST","ip_address":"127.0.0.1","user_id":null}
{"timestamp":"2026-02-13 22:51:45.000000","request_id":"7746c6ac-be80-420d-a121-64b3c08f3218","event":"debug","phase":"VALIDATION","message":"Polyline received","latency_ms":1,"data":{"point_count":1781}}
{"timestamp":"2026-02-13 22:51:45.000000","request_id":"7746c6ac-be80-420d-a121-64b3c08f3218","event":"debug","phase":"VALIDATION","message":"Input validated","latency_ms":2,"data":{"polyline_points":1781,"categories":["fuel"],"radius_km":5}}
{"timestamp":"2026-02-13 22:51:45.000000","request_id":"7746c6ac-be80-420d-a121-64b3c08f3218","event":"debug","phase":"BBOX_QUERY","message":"Executing spatial query","latency_ms":2,"data":{"min_lat":13.059458954954955,"max_lat":28.658954045045046,"min_lng":77.16396195495496,"max_lng":80.31642804504504,"categories":["fuel"]}}
{"timestamp":"2026-02-13 22:51:45.000000","request_id":"7746c6ac-be80-420d-a121-64b3c08f3218","event":"debug","phase":"BBOX_RESULT","message":"Bounding box query completed","latency_ms":92,"data":{"pois_in_bbox":3000}}
{"timestamp":"2026-02-13 22:51:45.000000","request_id":"7746c6ac-be80-420d-a121-64b3c08f3218","event":"debug","phase":"DISTANCE_FILTER","message":"Starting distance-to-route filtering","latency_ms":93,"data":{"all_pois_count":3000,"buffer_meters":5000}}
{"timestamp":"2026-02-13 22:51:46.000000","request_id":"7746c6ac-be80-420d-a121-64b3c08f3218","event":"debug","phase":"DISTANCE_FILTER","message":"Filtering complete","latency_ms":444,"data":{"filtered_pois_count":72}}
{"timestamp":"2026-02-13 22:51:46.000000","request_id":"7746c6ac-be80-420d-a121-64b3c08f3218","event":"response_success","endpoint":"/api/pois-for-route","http_code":200,"latency_ms":445,"cache_hit":false,"cache_miss":false,"data_count":72}
{"timestamp":"2026-02-13 22:51:46.000000","request_id":"7746c6ac-be80-420d-a121-64b3c08f3218","event":"debug","phase":"RESPONSE","message":"Final POI count","latency_ms":445,"data":{"total_in_route":72,"returned":72,"by_category":{"fuel":72}}}
{"timestamp":"2026-02-13 22:51:48.000000","request_id":"14eda14d-bcf8-4950-baba-466ba681bc58","event":"request_start","endpoint":"/api/pois-for-route","method":"POST","ip_address":"127.0.0.1","user_id":null}
{"timestamp":"2026-02-13 22:51:48.000000","request_id":"14eda14d-bcf8-4950-baba-466ba681bc58","event":"debug","phase":"VALIDATION","message":"Polyline received","latency_ms":2,"data":{"point_count":1781}}
{"timestamp":"2026-02-13 22:51:48.000000","request_id":"14eda14d-bcf8-4950-baba-466ba681bc58","event":"debug","phase":"VALIDATION","message":"Input validated","latency_ms":2,"data":{"polyline_points":1781,"categories":["fuel"],"radius_km":5}}
{"timestamp":"2026-02-13 22:51:48.000000","request_id":"14eda14d-bcf8-4950-baba-466ba681bc58","event":"debug","phase":"BBOX_QUERY","message":"Executing spatial query","latency_ms":2,"data":{"min_lat":13.059458954954955,"max_lat":28.658954045045046,"min_lng":77.16396195495496,"max_lng":80.31642804504504,"categories":["fuel"]}}
{"timestamp":"2026-02-13 22:51:48.000000","request_id":"14eda14d-bcf8-4950-baba-466ba681bc58","event":"debug","phase":"BBOX_RESULT","message":"Bounding box query completed","latency_ms":101,"data":{"pois_in_bbox":3000}}
{"timestamp":"2026-02-13 22:51:48.000000","request_id":"14eda14d-bcf8-4950-baba-466ba681bc58","event":"debug","phase":"DISTANCE_FILTER","message":"Starting distance-to-route filtering","latency_ms":102,"data":{"all_pois_count":3000,"buffer_meters":5000}}
{"timestamp":"2026-02-13 22:51:48.000000","request_id":"14eda14d-bcf8-4950-baba-466ba681bc58","event":"debug","phase":"DISTANCE_FILTER","message":"Filtering complete","latency_ms":456,"data":{"filtered_pois_count":72}}
{"timestamp":"2026-02-13 22:51:48.000000","request_id":"14eda14d-bcf8-4950-baba-466ba681bc58","event":"response_success","endpoint":"/api/pois-for-route","http_code":200,"latency_ms":456,"cache_hit":false,"cache_miss":false,"data_count":72}
{"timestamp":"2026-02-13 22:51:48.000000","request_id":"14eda14d-bcf8-4950-baba-466ba681bc58","event":"debug","phase":"RESPONSE","message":"Final POI count","latency_ms":456,"data":{"total_in_route":72,"returned":72,"by_category":{"fuel":72}}}
{"timestamp":"2026-02-13 22:51:57.000000","request_id":"6b6a142c-6b15-45c9-987c-458b657a6f5f","event":"request_start","endpoint":"/api/pois-for-route","method":"POST","ip_address":"127.0.0.1","user_id":null}
{"timestamp":"2026-02-13 22:51:57.000000","request_id":"6b6a142c-6b15-45c9-987c-458b657a6f5f","event":"debug","phase":"VALIDATION","message":"Polyline received","latency_ms":2,"data":{"point_count":1781}}
{"timestamp":"2026-02-13 22:51:57.000000","request_id":"6b6a142c-6b15-45c9-987c-458b657a6f5f","event":"debug","phase":"VALIDATION","message":"Input validated","latency_ms":2,"data":{"polyline_points":1781,"categories":["fuel"],"radius_km":4}}
{"timestamp":"2026-02-13 22:51:57.000000","request_id":"6b6a142c-6b15-45c9-987c-458b657a6f5f","event":"debug","phase":"BBOX_QUERY","message":"Executing spatial query","latency_ms":5,"data":{"min_lat":13.068467963963965,"max_lat":28.649945036036037,"min_lng":77.17297096396396,"max_lng":80.30741903603604,"categories":["fuel"]}}
{"timestamp":"2026-02-13 22:51:57.000000","request_id":"6b6a142c-6b15-45c9-987c-458b657a6f5f","event":"debug","phase":"BBOX_RESULT","message":"Bounding box query completed","latency_ms":101,"data":{"pois_in_bbox":2975}}
{"timestamp":"2026-02-13 22:51:57.000000","request_id":"6b6a142c-6b15-45c9-987c-458b657a6f5f","event":"debug","phase":"DISTANCE_FILTER","message":"Starting distance-to-route filtering","latency_ms":102,"data":{"all_pois_count":2975,"buffer_meters":4000}}
{"timestamp":"2026-02-13 22:51:57.000000","request_id":"6b6a142c-6b15-45c9-987c-458b657a6f5f","event":"debug","phase":"DISTANCE_FILTER","message":"Filtering complete","latency_ms":488,"data":{"filtered_pois_count":51}}
{"timestamp":"2026-02-13 22:51:57.000000","request_id":"6b6a142c-6b15-45c9-987c-458b657a6f5f","event":"response_success","endpoint":"/api/pois-for-route","http_code":200,"latency_ms":489,"cache_hit":false,"cache_miss":false,"data_count":51}
{"timestamp":"2026-02-13 22:51:57.000000","request_id":"6b6a142c-6b15-45c9-987c-458b657a6f5f","event":"debug","phase":"RESPONSE","message":"Final POI count","latency_ms":489,"data":{"total_in_route":51,"returned":51,"by_category":{"fuel":51}}}
{"timestamp":"2026-02-13 22:51:57.000000","request_id":"e2838dab-ce04-4f08-a95a-3c18ea4cc6ee","event":"request_start","endpoint":"/api/pois-for-route","method":"POST","ip_address":"127.0.0.1","user_id":null}
{"timestamp":"2026-02-13 22:51:57.000000","request_id":"e2838dab-ce04-4f08-a95a-3c18ea4cc6ee","event":"debug","phase":"VALIDATION","message":"Polyline received","latency_ms":1,"data":{"point_count":1781}}
{"timestamp":"2026-02-13 22:51:57.000000","request_id":"e2838dab-ce04-4f08-a95a-3c18ea4cc6ee","event":"debug","phase":"VALIDATION","message":"Input validated","latency_ms":2,"data":{"polyline_points":1781,"categories":["fuel"],"radius_km":3}}
{"timestamp":"2026-02-13 22:51:57.000000","request_id":"e2838dab-ce04-4f08-a95a-3c18ea4cc6ee","event":"debug","phase":"BBOX_QUERY","message":"Executing spatial query","latency_ms":2,"data":{"min_lat":13.077476972972974,"max_lat":28.640936027027028,"min_lng":77.18197997297297,"max_lng":80.29841002702703,"categories":["fuel"]}}
{"timestamp":"2026-02-13 22:51:57.000000","request_id":"e2838dab-ce04-4f08-a95a-3c18ea4cc6ee","event":"debug","phase":"BBOX_RESULT","message":"Bounding box query completed","latency_ms":103,"data":{"pois_in_bbox":2957}}
{"timestamp":"2026-02-13 22:51:57.000000","request_id":"e2838dab-ce04-4f08-a95a-3c18ea4cc6ee","event":"debug","phase":"DISTANCE_FILTER","message":"Starting distance-to-route filtering","latency_ms":104,"data":{"all_pois_count":2957,"buffer_meters":3000}}
{"timestamp":"2026-02-13 22:51:58.000000","request_id":"e2838dab-ce04-4f08-a95a-3c18ea4cc6ee","event":"debug","phase":"DISTANCE_FILTER","message":"Filtering complete","latency_ms":464,"data":{"filtered_pois_count":27}}
{"timestamp":"2026-02-13 22:51:58.000000","request_id":"e2838dab-ce04-4f08-a95a-3c18ea4cc6ee","event":"response_success","endpoint":"/api/pois-for-route","http_code":200,"latency_ms":465,"cache_hit":false,"cache_miss":false,"data_count":27}
{"timestamp":"2026-02-13 22:51:58.000000","request_id":"e2838dab-ce04-4f08-a95a-3c18ea4cc6ee","event":"debug","phase":"RESPONSE","message":"Final POI count","latency_ms":465,"data":{"total_in_route":27,"returned":27,"by_category":{"fuel":27}}}
{"timestamp":"2026-02-13 22:51:58.000000","request_id":"eaca7a3a-4604-4cca-92e4-e1d63397e153","event":"request_start","endpoint":"/api/pois-for-route","method":"POST","ip_address":"127.0.0.1","user_id":null}
{"timestamp":"2026-02-13 22:51:58.000000","request_id":"eaca7a3a-4604-4cca-92e4-e1d63397e153","event":"debug","phase":"VALIDATION","message":"Polyline received","latency_ms":1,"data":{"point_count":1781}}
{"timestamp":"2026-02-13 22:51:58.000000","request_id":"eaca7a3a-4604-4cca-92e4-e1d63397e153","event":"debug","phase":"VALIDATION","message":"Input validated","latency_ms":2,"data":{"polyline_points":1781,"categories":["fuel"],"radius_km":3}}
{"timestamp":"2026-02-13 22:51:58.000000","request_id":"eaca7a3a-4604-4cca-92e4-e1d63397e153","event":"debug","phase":"BBOX_QUERY","message":"Executing spatial query","latency_ms":2,"data":{"min_lat":13.077476972972974,"max_lat":28.640936027027028,"min_lng":77.18197997297297,"max_lng":80.29841002702703,"categories":["fuel"]}}
{"timestamp":"2026-02-13 22:51:58.000000","request_id":"eaca7a3a-4604-4cca-92e4-e1d63397e153","event":"debug","phase":"BBOX_RESULT","message":"Bounding box query completed","latency_ms":106,"data":{"pois_in_bbox":2957}}
{"timestamp":"2026-02-13 22:51:58.000000","request_id":"eaca7a3a-4604-4cca-92e4-e1d63397e153","event":"debug","phase":"DISTANCE_FILTER","message":"Starting distance-to-route filtering","latency_ms":106,"data":{"all_pois_count":2957,"buffer_meters":3000}}
{"timestamp":"2026-02-13 22:51:58.000000","request_id":"eaca7a3a-4604-4cca-92e4-e1d63397e153","event":"debug","phase":"DISTANCE_FILTER","message":"Filtering complete","latency_ms":406,"data":{"filtered_pois_count":27}}
{"timestamp":"2026-02-13 22:51:58.000000","request_id":"eaca7a3a-4604-4cca-92e4-e1d63397e153","event":"response_success","endpoint":"/api/pois-for-route","http_code":200,"latency_ms":406,"cache_hit":false,"cache_miss":false,"data_count":27}
{"timestamp":"2026-02-13 22:51:58.000000","request_id":"eaca7a3a-4604-4cca-92e4-e1d63397e153","event":"debug","phase":"RESPONSE","message":"Final POI count","latency_ms":407,"data":{"total_in_route":27,"returned":27,"by_category":{"fuel":27}}}
{"timestamp":"2026-02-13 22:51:58.000000","request_id":"fabc4bea-cdb2-4abc-9456-ef2240bf28b9","event":"request_start","endpoint":"/api/pois-for-route","method":"POST","ip_address":"127.0.0.1","user_id":null}
{"timestamp":"2026-02-13 22:51:58.000000","request_id":"fabc4bea-cdb2-4abc-9456-ef2240bf28b9","event":"debug","phase":"VALIDATION","message":"Polyline received","latency_ms":1,"data":{"point_count":1781}}
{"timestamp":"2026-02-13 22:51:58.000000","request_id":"fabc4bea-cdb2-4abc-9456-ef2240bf28b9","event":"debug","phase":"VALIDATION","message":"Input validated","latency_ms":1,"data":{"polyline_points":1781,"categories":["fuel"],"radius_km":3}}
{"timestamp":"2026-02-13 22:51:58.000000","request_id":"fabc4bea-cdb2-4abc-9456-ef2240bf28b9","event":"debug","phase":"BBOX_QUERY","message":"Executing spatial query","latency_ms":1,"data":{"min_lat":13.077476972972974,"max_lat":28.640936027027028,"min_lng":77.18197997297297,"max_lng":80.29841002702703,"categories":["fuel"]}}
{"timestamp":"2026-02-13 22:51:58.000000","request_id":"fabc4bea-cdb2-4abc-9456-ef2240bf28b9","event":"debug","phase":"BBOX_RESULT","message":"Bounding box query completed","latency_ms":100,"data":{"pois_in_bbox":2957}}
{"timestamp":"2026-02-13 22:51:58.000000","request_id":"fabc4bea-cdb2-4abc-9456-ef2240bf28b9","event":"debug","phase":"DISTANCE_FILTER","message":"Starting distance-to-route filtering","latency_ms":100,"data":{"all_pois_count":2957,"buffer_meters":3000}}
{"timestamp":"2026-02-13 22:51:58.000000","request_id":"fabc4bea-cdb2-4abc-9456-ef2240bf28b9","event":"debug","phase":"DISTANCE_FILTER","message":"Filtering complete","latency_ms":448,"data":{"filtered_pois_count":27}}
{"timestamp":"2026-02-13 22:51:58.000000","request_id":"fabc4bea-cdb2-4abc-9456-ef2240bf28b9","event":"response_success","endpoint":"/api/pois-for-route","http_code":200,"latency_ms":449,"cache_hit":false,"cache_miss":false,"data_count":27}
{"timestamp":"2026-02-13 22:51:58.000000","request_id":"fabc4bea-cdb2-4abc-9456-ef2240bf28b9","event":"debug","phase":"RESPONSE","message":"Final POI count","latency_ms":449,"data":{"total_in_route":27,"returned":27,"by_category":{"fuel":27}}}
{"timestamp":"2026-02-13 22:52:00.000000","request_id":"4935563b-bf40-4a3b-857e-12f331df40ff","event":"request_start","endpoint":"/api/pois-for-route","method":"POST","ip_address":"127.0.0.1","user_id":null}
{"timestamp":"2026-02-13 22:52:00.000000","request_id":"4935563b-bf40-4a3b-857e-12f331df40ff","event":"debug","phase":"VALIDATION","message":"Polyline received","latency_ms":1,"data":{"point_count":1781}}
{"timestamp":"2026-02-13 22:52:00.000000","request_id":"4935563b-bf40-4a3b-857e-12f331df40ff","event":"debug","phase":"VALIDATION","message":"Input validated","latency_ms":2,"data":{"polyline_points":1781,"categories":["fuel"],"radius_km":3}}
{"timestamp":"2026-02-13 22:52:00.000000","request_id":"4935563b-bf40-4a3b-857e-12f331df40ff","event":"debug","phase":"BBOX_QUERY","message":"Executing spatial query","latency_ms":2,"data":{"min_lat":13.077476972972974,"max_lat":28.640936027027028,"min_lng":77.18197997297297,"max_lng":80.29841002702703,"categories":["fuel"]}}
{"timestamp":"2026-02-13 22:52:00.000000","request_id":"4935563b-bf40-4a3b-857e-12f331df40ff","event":"debug","phase":"BBOX_RESULT","message":"Bounding box query completed","latency_ms":100,"data":{"pois_in_bbox":2957}}
{"timestamp":"2026-02-13 22:52:00.000000","request_id":"4935563b-bf40-4a3b-857e-12f331df40ff","event":"debug","phase":"DISTANCE_FILTER","message":"Starting distance-to-route filtering","latency_ms":101,"data":{"all_pois_count":2957,"buffer_meters":3000}}
{"timestamp":"2026-02-13 22:52:01.000000","request_id":"4935563b-bf40-4a3b-857e-12f331df40ff","event":"debug","phase":"DISTANCE_FILTER","message":"Filtering complete","latency_ms":471,"data":{"filtered_pois_count":27}}
{"timestamp":"2026-02-13 22:52:01.000000","request_id":"4935563b-bf40-4a3b-857e-12f331df40ff","event":"response_success","endpoint":"/api/pois-for-route","http_code":200,"latency_ms":472,"cache_hit":false,"cache_miss":false,"data_count":27}
{"timestamp":"2026-02-13 22:52:01.000000","request_id":"4935563b-bf40-4a3b-857e-12f331df40ff","event":"debug","phase":"RESPONSE","message":"Final POI count","latency_ms":472,"data":{"total_in_route":27,"returned":27,"by_category":{"fuel":27}}}
{"timestamp":"2026-02-13 22:52:01.000000","request_id":"03a97980-d2b9-4d39-b1f3-182b902b162c","event":"request_start","endpoint":"/api/pois-for-route","method":"POST","ip_address":"127.0.0.1","user_id":null}
{"timestamp":"2026-02-13 22:52:01.000000","request_id":"03a97980-d2b9-4d39-b1f3-182b902b162c","event":"debug","phase":"VALIDATION","message":"Polyline received","latency_ms":2,"data":{"point_count":1781}}
{"timestamp":"2026-02-13 22:52:01.000000","request_id":"03a97980-d2b9-4d39-b1f3-182b902b162c","event":"debug","phase":"VALIDATION","message":"Input validated","latency_ms":2,"data":{"polyline_points":1781,"categories":["fuel"],"radius_km":3}}
{"timestamp":"2026-02-13 22:52:01.000000","request_id":"03a97980-d2b9-4d39-b1f3-182b902b162c","event":"debug","phase":"BBOX_QUERY","message":"Executing spatial query","latency_ms":3,"data":{"min_lat":13.077476972972974,"max_lat":28.640936027027028,"min_lng":77.18197997297297,"max_lng":80.29841002702703,"categories":["fuel"]}}
{"timestamp":"2026-02-13 22:52:01.000000","request_id":"03a97980-d2b9-4d39-b1f3-182b902b162c","event":"debug","phase":"BBOX_RESULT","message":"Bounding box query completed","latency_ms":98,"data":{"pois_in_bbox":2957}}
{"timestamp":"2026-02-13 22:52:01.000000","request_id":"03a97980-d2b9-4d39-b1f3-182b902b162c","event":"debug","phase":"DISTANCE_FILTER","message":"Starting distance-to-route filtering","latency_ms":99,"data":{"all_pois_count":2957,"buffer_meters":3000}}
{"timestamp":"2026-02-13 22:52:01.000000","request_id":"03a97980-d2b9-4d39-b1f3-182b902b162c","event":"debug","phase":"DISTANCE_FILTER","message":"Filtering complete","latency_ms":431,"data":{"filtered_pois_count":27}}
{"timestamp":"2026-02-13 22:52:01.000000","request_id":"03a97980-d2b9-4d39-b1f3-182b902b162c","event":"response_success","endpoint":"/api/pois-for-route","http_code":200,"latency_ms":431,"cache_hit":false,"cache_miss":false,"data_count":27}
{"timestamp":"2026-02-13 22:52:01.000000","request_id":"03a97980-d2b9-4d39-b1f3-182b902b162c","event":"debug","phase":"RESPONSE","message":"Final POI count","latency_ms":431,"data":{"total_in_route":27,"returned":27,"by_category":{"fuel":27}}}
{"timestamp":"2026-02-13 22:52:01.000000","request_id":"41affcb3-7920-456a-bcee-fd31f4cb9057","event":"request_start","endpoint":"/api/pois-for-route","method":"POST","ip_address":"127.0.0.1","user_id":null}
{"timestamp":"2026-02-13 22:52:01.000000","request_id":"41affcb3-7920-456a-bcee-fd31f4cb9057","event":"debug","phase":"VALIDATION","message":"Polyline received","latency_ms":1,"data":{"point_count":1781}}
{"timestamp":"2026-02-13 22:52:01.000000","request_id":"41affcb3-7920-456a-bcee-fd31f4cb9057","event":"debug","phase":"VALIDATION","message":"Input validated","latency_ms":2,"data":{"polyline_points":1781,"categories":["fuel"],"radius_km":4}}
{"timestamp":"2026-02-13 22:52:01.000000","request_id":"41affcb3-7920-456a-bcee-fd31f4cb9057","event":"debug","phase":"BBOX_QUERY","message":"Executing spatial query","latency_ms":2,"data":{"min_lat":13.068467963963965,"max_lat":28.649945036036037,"min_lng":77.17297096396396,"max_lng":80.30741903603604,"categories":["fuel"]}}
{"timestamp":"2026-02-13 22:52:01.000000","request_id":"41affcb3-7920-456a-bcee-fd31f4cb9057","event":"debug","phase":"BBOX_RESULT","message":"Bounding box query completed","latency_ms":96,"data":{"pois_in_bbox":2975}}
{"timestamp":"2026-02-13 22:52:01.000000","request_id":"41affcb3-7920-456a-bcee-fd31f4cb9057","event":"debug","phase":"DISTANCE_FILTER","message":"Starting distance-to-route filtering","latency_ms":97,"data":{"all_pois_count":2975,"buffer_meters":4000}}
{"timestamp":"2026-02-13 22:52:02.000000","request_id":"41affcb3-7920-456a-bcee-fd31f4cb9057","event":"debug","phase":"DISTANCE_FILTER","message":"Filtering complete","latency_ms":406,"data":{"filtered_pois_count":51}}
{"timestamp":"2026-02-13 22:52:02.000000","request_id":"41affcb3-7920-456a-bcee-fd31f4cb9057","event":"response_success","endpoint":"/api/pois-for-route","http_code":200,"latency_ms":406,"cache_hit":false,"cache_miss":false,"data_count":51}
{"timestamp":"2026-02-13 22:52:02.000000","request_id":"41affcb3-7920-456a-bcee-fd31f4cb9057","event":"debug","phase":"RESPONSE","message":"Final POI count","latency_ms":406,"data":{"total_in_route":51,"returned":51,"by_category":{"fuel":51}}}
{"timestamp":"2026-02-13 22:52:02.000000","request_id":"21b45003-058c-42c8-a9e4-c21c58afccfa","event":"request_start","endpoint":"/api/pois-for-route","method":"POST","ip_address":"127.0.0.1","user_id":null}
{"timestamp":"2026-02-13 22:52:02.000000","request_id":"21b45003-058c-42c8-a9e4-c21c58afccfa","event":"debug","phase":"VALIDATION","message":"Polyline received","latency_ms":2,"data":{"point_count":1781}}
{"timestamp":"2026-02-13 22:52:02.000000","request_id":"21b45003-058c-42c8-a9e4-c21c58afccfa","event":"debug","phase":"VALIDATION","message":"Input validated","latency_ms":2,"data":{"polyline_points":1781,"categories":["fuel"],"radius_km":5}}
{"timestamp":"2026-02-13 22:52:02.000000","request_id":"21b45003-058c-42c8-a9e4-c21c58afccfa","event":"debug","phase":"BBOX_QUERY","message":"Executing spatial query","latency_ms":3,"data":{"min_lat":13.059458954954955,"max_lat":28.658954045045046,"min_lng":77.16396195495496,"max_lng":80.31642804504504,"categories":["fuel"]}}
{"timestamp":"2026-02-13 22:52:02.000000","request_id":"21b45003-058c-42c8-a9e4-c21c58afccfa","event":"debug","phase":"BBOX_RESULT","message":"Bounding box query completed","latency_ms":98,"data":{"pois_in_bbox":3000}}
{"timestamp":"2026-02-13 22:52:02.000000","request_id":"21b45003-058c-42c8-a9e4-c21c58afccfa","event":"debug","phase":"DISTANCE_FILTER","message":"Starting distance-to-route filtering","latency_ms":98,"data":{"all_pois_count":3000,"buffer_meters":5000}}
{"timestamp":"2026-02-13 22:52:02.000000","request_id":"21b45003-058c-42c8-a9e4-c21c58afccfa","event":"debug","phase":"DISTANCE_FILTER","message":"Filtering complete","latency_ms":426,"data":{"filtered_pois_count":72}}
{"timestamp":"2026-02-13 22:52:02.000000","request_id":"21b45003-058c-42c8-a9e4-c21c58afccfa","event":"response_success","endpoint":"/api/pois-for-route","http_code":200,"latency_ms":427,"cache_hit":false,"cache_miss":false,"data_count":72}
{"timestamp":"2026-02-13 22:52:02.000000","request_id":"21b45003-058c-42c8-a9e4-c21c58afccfa","event":"debug","phase":"RESPONSE","message":"Final POI count","latency_ms":427,"data":{"total_in_route":72,"returned":72,"by_category":{"fuel":72}}}
{"timestamp":"2026-02-13 22:52:02.000000","request_id":"9bf447c2-e339-4945-aa15-43cbae5f5e4c","event":"request_start","endpoint":"/api/pois-for-route","method":"POST","ip_address":"127.0.0.1","user_id":null}
{"timestamp":"2026-02-13 22:52:02.000000","request_id":"9bf447c2-e339-4945-aa15-43cbae5f5e4c","event":"debug","phase":"VALIDATION","message":"Polyline received","latency_ms":0,"data":{"point_count":1781}}
{"timestamp":"2026-02-13 22:52:02.000000","request_id":"9bf447c2-e339-4945-aa15-43cbae5f5e4c","event":"debug","phase":"VALIDATION","message":"Input validated","latency_ms":1,"data":{"polyline_points":1781,"categories":["fuel"],"radius_km":6}}
{"timestamp":"2026-02-13 22:52:02.000000","request_id":"9bf447c2-e339-4945-aa15-43cbae5f5e4c","event":"debug","phase":"BBOX_QUERY","message":"Executing spatial query","latency_ms":1,"data":{"min_lat":13.050449945945946,"max_lat":28.667963054054052,"min_lng":77.15495294594595,"max_lng":80.32543705405405,"categories":["fuel"]}}
{"timestamp":"2026-02-13 22:52:02.000000","request_id":"9bf447c2-e339-4945-aa15-43cbae5f5e4c","event":"debug","phase":"BBOX_RESULT","message":"Bounding box query completed","latency_ms":95,"data":{"pois_in_bbox":3024}}
{"timestamp":"2026-02-13 22:52:02.000000","request_id":"9bf447c2-e339-4945-aa15-43cbae5f5e4c","event":"debug","phase":"DISTANCE_FILTER","message":"Starting distance-to-route filtering","latency_ms":95,"data":{"all_pois_count":3024,"buffer_meters":6000}}
{"timestamp":"2026-02-13 22:52:03.000000","request_id":"9bf447c2-e339-4945-aa15-43cbae5f5e4c","event":"debug","phase":"DISTANCE_FILTER","message":"Filtering complete","latency_ms":446,"data":{"filtered_pois_count":92}}
{"timestamp":"2026-02-13 22:52:03.000000","request_id":"9bf447c2-e339-4945-aa15-43cbae5f5e4c","event":"response_success","endpoint":"/api/pois-for-route","http_code":200,"latency_ms":447,"cache_hit":false,"cache_miss":false,"data_count":92}
{"timestamp":"2026-02-13 22:52:03.000000","request_id":"9bf447c2-e339-4945-aa15-43cbae5f5e4c","event":"debug","phase":"RESPONSE","message":"Final POI count","latency_ms":447,"data":{"total_in_route":92,"returned":92,"by_category":{"fuel":92}}}
{"timestamp":"2026-02-13 22:52:03.000000","request_id":"69b8d4b8-7923-4114-9a8f-99b76f4210ca","event":"request_start","endpoint":"/api/pois-for-route","method":"POST","ip_address":"127.0.0.1","user_id":null}
{"timestamp":"2026-02-13 22:52:03.000000","request_id":"69b8d4b8-7923-4114-9a8f-99b76f4210ca","event":"debug","phase":"VALIDATION","message":"Polyline received","latency_ms":1,"data":{"point_count":1781}}
{"timestamp":"2026-02-13 22:52:03.000000","request_id":"69b8d4b8-7923-4114-9a8f-99b76f4210ca","event":"debug","phase":"VALIDATION","message":"Input validated","latency_ms":2,"data":{"polyline_points":1781,"categories":["fuel"],"radius_km":7}}
{"timestamp":"2026-02-13 22:52:03.000000","request_id":"69b8d4b8-7923-4114-9a8f-99b76f4210ca","event":"debug","phase":"BBOX_QUERY","message":"Executing spatial query","latency_ms":2,"data":{"min_lat":13.041440936936937,"max_lat":28.67697206306306,"min_lng":77.14594393693693,"max_lng":80.33444606306307,"categories":["fuel"]}}
{"timestamp":"2026-02-13 22:52:03.000000","request_id":"69b8d4b8-7923-4114-9a8f-99b76f4210ca","event":"debug","phase":"BBOX_RESULT","message":"Bounding box query completed","latency_ms":58,"data":{"pois_in_bbox":3040}}
{"timestamp":"2026-02-13 22:52:03.000000","request_id":"69b8d4b8-7923-4114-9a8f-99b76f4210ca","event":"debug","phase":"DISTANCE_FILTER","message":"Starting distance-to-route filtering","latency_ms":58,"data":{"all_pois_count":3040,"buffer_meters":7000}}
{"timestamp":"2026-02-13 22:52:03.000000","request_id":"69b8d4b8-7923-4114-9a8f-99b76f4210ca","event":"debug","phase":"DISTANCE_FILTER","message":"Filtering complete","latency_ms":368,"data":{"filtered_pois_count":114}}
{"timestamp":"2026-02-13 22:52:03.000000","request_id":"69b8d4b8-7923-4114-9a8f-99b76f4210ca","event":"response_success","endpoint":"/api/pois-for-route","http_code":200,"latency_ms":368,"cache_hit":false,"cache_miss":false,"data_count":100}
{"timestamp":"2026-02-13 22:52:03.000000","request_id":"69b8d4b8-7923-4114-9a8f-99b76f4210ca","event":"debug","phase":"RESPONSE","message":"Final POI count","latency_ms":369,"data":{"total_in_route":114,"returned":100,"by_category":{"fuel":114}}}
{"timestamp":"2026-02-13 22:52:04.000000","request_id":"2421d5c1-9344-416c-8193-09e8706380b9","event":"request_start","endpoint":"/api/pois-for-route","method":"POST","ip_address":"127.0.0.1","user_id":null}
{"timestamp":"2026-02-13 22:52:04.000000","request_id":"2421d5c1-9344-416c-8193-09e8706380b9","event":"debug","phase":"VALIDATION","message":"Polyline received","latency_ms":1,"data":{"point_count":1781}}
{"timestamp":"2026-02-13 22:52:04.000000","request_id":"2421d5c1-9344-416c-8193-09e8706380b9","event":"debug","phase":"VALIDATION","message":"Input validated","latency_ms":1,"data":{"polyline_points":1781,"categories":["fuel"],"radius_km":8}}
{"timestamp":"2026-02-13 22:52:04.000000","request_id":"2421d5c1-9344-416c-8193-09e8706380b9","event":"debug","phase":"BBOX_QUERY","message":"Executing spatial query","latency_ms":1,"data":{"min_lat":13.032431927927929,"max_lat":28.68598107207207,"min_lng":77.13693492792792,"max_lng":80.34345507207208,"categories":["fuel"]}}
{"timestamp":"2026-02-13 22:52:04.000000","request_id":"2421d5c1-9344-416c-8193-09e8706380b9","event":"debug","phase":"BBOX_RESULT","message":"Bounding box query completed","latency_ms":92,"data":{"pois_in_bbox":3063}}
{"timestamp":"2026-02-13 22:52:04.000000","request_id":"2421d5c1-9344-416c-8193-09e8706380b9","event":"debug","phase":"DISTANCE_FILTER","message":"Starting distance-to-route filtering","latency_ms":92,"data":{"all_pois_count":3063,"buffer_meters":8000}}
{"timestamp":"2026-02-13 22:52:04.000000","request_id":"2421d5c1-9344-416c-8193-09e8706380b9","event":"debug","phase":"DISTANCE_FILTER","message":"Filtering complete","latency_ms":447,"data":{"filtered_pois_count":138}}
{"timestamp":"2026-02-13 22:52:04.000000","request_id":"2421d5c1-9344-416c-8193-09e8706380b9","event":"response_success","endpoint":"/api/pois-for-route","http_code":200,"latency_ms":448,"cache_hit":false,"cache_miss":false,"data_count":100}
{"timestamp":"2026-02-13 22:52:04.000000","request_id":"2421d5c1-9344-416c-8193-09e8706380b9","event":"debug","phase":"RESPONSE","message":"Final POI count","latency_ms":448,"data":{"total_in_route":138,"returned":100,"by_category":{"fuel":138}}}
{"timestamp":"2026-02-13 22:52:04.000000","request_id":"2eab1bcc-d3d6-400a-a9bb-debed8e57a3b","event":"request_start","endpoint":"/api/pois-for-route","method":"POST","ip_address":"127.0.0.1","user_id":null}
{"timestamp":"2026-02-13 22:52:04.000000","request_id":"2eab1bcc-d3d6-400a-a9bb-debed8e57a3b","event":"debug","phase":"VALIDATION","message":"Polyline received","latency_ms":2,"data":{"point_count":1781}}
{"timestamp":"2026-02-13 22:52:04.000000","request_id":"2eab1bcc-d3d6-400a-a9bb-debed8e57a3b","event":"debug","phase":"VALIDATION","message":"Input validated","latency_ms":2,"data":{"polyline_points":1781,"categories":["fuel"],"radius_km":9}}
{"timestamp":"2026-02-13 22:52:04.000000","request_id":"2eab1bcc-d3d6-400a-a9bb-debed8e57a3b","event":"debug","phase":"BBOX_QUERY","message":"Executing spatial query","latency_ms":3,"data":{"min_lat":13.02342291891892,"max_lat":28.69499008108108,"min_lng":77.12792591891892,"max_lng":80.35246408108108,"categories":["fuel"]}}
{"timestamp":"2026-02-13 22:52:04.000000","request_id":"2eab1bcc-d3d6-400a-a9bb-debed8e57a3b","event":"debug","phase":"BBOX_RESULT","message":"Bounding box query completed","latency_ms":107,"data":{"pois_in_bbox":3090}}
{"timestamp":"2026-02-13 22:52:04.000000","request_id":"2eab1bcc-d3d6-400a-a9bb-debed8e57a3b","event":"debug","phase":"DISTANCE_FILTER","message":"Starting distance-to-route filtering","latency_ms":107,"data":{"all_pois_count":3090,"buffer_meters":9000}}
{"timestamp":"2026-02-13 22:52:05.000000","request_id":"2eab1bcc-d3d6-400a-a9bb-debed8e57a3b","event":"debug","phase":"DISTANCE_FILTER","message":"Filtering complete","latency_ms":472,"data":{"filtered_pois_count":171}}
{"timestamp":"2026-02-13 22:52:05.000000","request_id":"2eab1bcc-d3d6-400a-a9bb-debed8e57a3b","event":"response_success","endpoint":"/api/pois-for-route","http_code":200,"latency_ms":473,"cache_hit":false,"cache_miss":false,"data_count":100}
{"timestamp":"2026-02-13 22:52:05.000000","request_id":"2eab1bcc-d3d6-400a-a9bb-debed8e57a3b","event":"debug","phase":"RESPONSE","message":"Final POI count","latency_ms":473,"data":{"total_in_route":171,"returned":100,"by_category":{"fuel":171}}}
{"timestamp":"2026-02-13 22:52:05.000000","request_id":"b0ad45ad-3169-4d9e-bc8b-f9561db32a8d","event":"request_start","endpoint":"/api/pois-for-route","method":"POST","ip_address":"127.0.0.1","user_id":null}
{"timestamp":"2026-02-13 22:52:05.000000","request_id":"b0ad45ad-3169-4d9e-bc8b-f9561db32a8d","event":"debug","phase":"VALIDATION","message":"Polyline received","latency_ms":1,"data":{"point_count":1781}}
{"timestamp":"2026-02-13 22:52:05.000000","request_id":"b0ad45ad-3169-4d9e-bc8b-f9561db32a8d","event":"debug","phase":"VALIDATION","message":"Input validated","latency_ms":1,"data":{"polyline_points":1781,"categories":["fuel"],"radius_km":10}}
{"timestamp":"2026-02-13 22:52:05.000000","request_id":"b0ad45ad-3169-4d9e-bc8b-f9561db32a8d","event":"debug","phase":"BBOX_QUERY","message":"Executing spatial query","latency_ms":2,"data":{"min_lat":13.01441390990991,"max_lat":28.70399909009009,"min_lng":77.11891690990991,"max_lng":80.36147309009009,"categories":["fuel"]}}
{"timestamp":"2026-02-13 22:52:05.000000","request_id":"b0ad45ad-3169-4d9e-bc8b-f9561db32a8d","event":"debug","phase":"BBOX_RESULT","message":"Bounding box query completed","latency_ms":100,"data":{"pois_in_bbox":3107}}
{"timestamp":"2026-02-13 22:52:05.000000","request_id":"b0ad45ad-3169-4d9e-bc8b-f9561db32a8d","event":"debug","phase":"DISTANCE_FILTER","message":"Starting distance-to-route filtering","latency_ms":101,"data":{"all_pois_count":3107,"buffer_meters":10000}}
{"timestamp":"2026-02-13 22:52:05.000000","request_id":"b0ad45ad-3169-4d9e-bc8b-f9561db32a8d","event":"debug","phase":"DISTANCE_FILTER","message":"Filtering complete","latency_ms":419,"data":{"filtered_pois_count":190}}
{"timestamp":"2026-02-13 22:52:05.000000","request_id":"b0ad45ad-3169-4d9e-bc8b-f9561db32a8d","event":"response_success","endpoint":"/api/pois-for-route","http_code":200,"latency_ms":419,"cache_hit":false,"cache_miss":false,"data_count":100}
{"timestamp":"2026-02-13 22:52:05.000000","request_id":"b0ad45ad-3169-4d9e-bc8b-f9561db32a8d","event":"debug","phase":"RESPONSE","message":"Final POI count","latency_ms":420,"data":{"total_in_route":190,"returned":100,"by_category":{"fuel":190}}}
{"timestamp":"2026-02-13 22:52:05.000000","request_id":"85c1db2d-2910-414d-a5bc-820be134808d","event":"request_start","endpoint":"/api/pois-for-route","method":"POST","ip_address":"127.0.0.1","user_id":null}
{"timestamp":"2026-02-13 22:52:05.000000","request_id":"85c1db2d-2910-414d-a5bc-820be134808d","event":"debug","phase":"VALIDATION","message":"Polyline received","latency_ms":2,"data":{"point_count":1781}}
{"timestamp":"2026-02-13 22:52:05.000000","request_id":"85c1db2d-2910-414d-a5bc-820be134808d","event":"debug","phase":"VALIDATION","message":"Input validated","latency_ms":2,"data":{"polyline_points":1781,"categories":["fuel"],"radius_km":11}}
{"timestamp":"2026-02-13 22:52:05.000000","request_id":"85c1db2d-2910-414d-a5bc-820be134808d","event":"debug","phase":"BBOX_QUERY","message":"Executing spatial query","latency_ms":3,"data":{"min_lat":13.005404900900901,"max_lat":28.7130080990991,"min_lng":77.10990790090091,"max_lng":80.37048209909909,"categories":["fuel"]}}
{"timestamp":"2026-02-13 22:52:05.000000","request_id":"85c1db2d-2910-414d-a5bc-820be134808d","event":"debug","phase":"BBOX_RESULT","message":"Bounding box query completed","latency_ms":82,"data":{"pois_in_bbox":3128}}
{"timestamp":"2026-02-13 22:52:05.000000","request_id":"85c1db2d-2910-414d-a5bc-820be134808d","event":"debug","phase":"DISTANCE_FILTER","message":"Starting distance-to-route filtering","latency_ms":82,"data":{"all_pois_count":3128,"buffer_meters":11000}}
{"timestamp":"2026-02-13 22:52:06.000000","request_id":"85c1db2d-2910-414d-a5bc-820be134808d","event":"debug","phase":"DISTANCE_FILTER","message":"Filtering complete","latency_ms":382,"data":{"filtered_pois_count":208}}
{"timestamp":"2026-02-13 22:52:06.000000","request_id":"85c1db2d-2910-414d-a5bc-820be134808d","event":"response_success","endpoint":"/api/pois-for-route","http_code":200,"latency_ms":383,"cache_hit":false,"cache_miss":false,"data_count":100}
{"timestamp":"2026-02-13 22:52:06.000000","request_id":"85c1db2d-2910-414d-a5bc-820be134808d","event":"debug","phase":"RESPONSE","message":"Final POI count","latency_ms":383,"data":{"total_in_route":208,"returned":100,"by_category":{"fuel":208}}}
{"timestamp":"2026-02-13 22:52:09.000000","request_id":"a666a167-d5ad-4d28-ac82-eea19c3dc58c","event":"request_start","endpoint":"/api/pois-for-route","method":"POST","ip_address":"127.0.0.1","user_id":null}
{"timestamp":"2026-02-13 22:52:09.000000","request_id":"a666a167-d5ad-4d28-ac82-eea19c3dc58c","event":"debug","phase":"VALIDATION","message":"Polyline received","latency_ms":2,"data":{"point_count":1781}}
{"timestamp":"2026-02-13 22:52:09.000000","request_id":"a666a167-d5ad-4d28-ac82-eea19c3dc58c","event":"debug","phase":"VALIDATION","message":"Input validated","latency_ms":3,"data":{"polyline_points":1781,"categories":["fuel"],"radius_km":10}}
{"timestamp":"2026-02-13 22:52:09.000000","request_id":"a666a167-d5ad-4d28-ac82-eea19c3dc58c","event":"debug","phase":"BBOX_QUERY","message":"Executing spatial query","latency_ms":3,"data":{"min_lat":13.01441390990991,"max_lat":28.70399909009009,"min_lng":77.11891690990991,"max_lng":80.36147309009009,"categories":["fuel"]}}
{"timestamp":"2026-02-13 22:52:09.000000","request_id":"a666a167-d5ad-4d28-ac82-eea19c3dc58c","event":"debug","phase":"BBOX_RESULT","message":"Bounding box query completed","latency_ms":98,"data":{"pois_in_bbox":3107}}
{"timestamp":"2026-02-13 22:52:09.000000","request_id":"a666a167-d5ad-4d28-ac82-eea19c3dc58c","event":"debug","phase":"DISTANCE_FILTER","message":"Starting distance-to-route filtering","latency_ms":98,"data":{"all_pois_count":3107,"buffer_meters":10000}}
{"timestamp":"2026-02-13 22:52:09.000000","request_id":"a666a167-d5ad-4d28-ac82-eea19c3dc58c","event":"debug","phase":"DISTANCE_FILTER","message":"Filtering complete","latency_ms":438,"data":{"filtered_pois_count":190}}
{"timestamp":"2026-02-13 22:52:09.000000","request_id":"a666a167-d5ad-4d28-ac82-eea19c3dc58c","event":"response_success","endpoint":"/api/pois-for-route","http_code":200,"latency_ms":439,"cache_hit":false,"cache_miss":false,"data_count":100}
{"timestamp":"2026-02-13 22:52:09.000000","request_id":"a666a167-d5ad-4d28-ac82-eea19c3dc58c","event":"debug","phase":"RESPONSE","message":"Final POI count","latency_ms":439,"data":{"total_in_route":190,"returned":100,"by_category":{"fuel":190}}}
{"timestamp":"2026-02-13 22:52:20.000000","request_id":"889ae819-f245-4a8d-be26-de9daf044610","event":"request_start","endpoint":"/api/pois-for-route","method":"POST","ip_address":"127.0.0.1","user_id":null}
{"timestamp":"2026-02-13 22:52:20.000000","request_id":"889ae819-f245-4a8d-be26-de9daf044610","event":"debug","phase":"VALIDATION","message":"Polyline received","latency_ms":2,"data":{"point_count":1781}}
{"timestamp":"2026-02-13 22:52:20.000000","request_id":"889ae819-f245-4a8d-be26-de9daf044610","event":"debug","phase":"VALIDATION","message":"Input validated","latency_ms":3,"data":{"polyline_points":1781,"categories":["restaurant"],"radius_km":10}}
{"timestamp":"2026-02-13 22:52:20.000000","request_id":"889ae819-f245-4a8d-be26-de9daf044610","event":"debug","phase":"BBOX_QUERY","message":"Executing spatial query","latency_ms":3,"data":{"min_lat":13.01441390990991,"max_lat":28.70399909009009,"min_lng":77.11891690990991,"max_lng":80.36147309009009,"categories":["restaurant"]}}
{"timestamp":"2026-02-13 22:52:21.000000","request_id":"889ae819-f245-4a8d-be26-de9daf044610","event":"debug","phase":"BBOX_RESULT","message":"Bounding box query completed","latency_ms":126,"data":{"pois_in_bbox":3144}}
{"timestamp":"2026-02-13 22:52:21.000000","request_id":"889ae819-f245-4a8d-be26-de9daf044610","event":"debug","phase":"DISTANCE_FILTER","message":"Starting distance-to-route filtering","latency_ms":127,"data":{"all_pois_count":3144,"buffer_meters":10000}}
{"timestamp":"2026-02-13 22:52:21.000000","request_id":"889ae819-f245-4a8d-be26-de9daf044610","event":"debug","phase":"DISTANCE_FILTER","message":"Filtering complete","latency_ms":474,"data":{"filtered_pois_count":199}}
{"timestamp":"2026-02-13 22:52:21.000000","request_id":"889ae819-f245-4a8d-be26-de9daf044610","event":"response_success","endpoint":"/api/pois-for-route","http_code":200,"latency_ms":475,"cache_hit":false,"cache_miss":false,"data_count":100}
{"timestamp":"2026-02-13 22:52:21.000000","request_id":"889ae819-f245-4a8d-be26-de9daf044610","event":"debug","phase":"RESPONSE","message":"Final POI count","latency_ms":475,"data":{"total_in_route":199,"returned":100,"by_category":{"restaurant":199}}}
{"timestamp":"2026-02-13 22:52:30.000000","request_id":"c459e8da-a973-4f16-94a3-ef9ca852a225","event":"request_start","endpoint":"/api/pois-for-route","method":"POST","ip_address":"127.0.0.1","user_id":null}
{"timestamp":"2026-02-13 22:52:30.000000","request_id":"c459e8da-a973-4f16-94a3-ef9ca852a225","event":"debug","phase":"VALIDATION","message":"Polyline received","latency_ms":1,"data":{"point_count":1781}}
{"timestamp":"2026-02-13 22:52:30.000000","request_id":"c459e8da-a973-4f16-94a3-ef9ca852a225","event":"debug","phase":"VALIDATION","message":"Input validated","latency_ms":2,"data":{"polyline_points":1781,"categories":["hospital"],"radius_km":10}}
{"timestamp":"2026-02-13 22:52:30.000000","request_id":"c459e8da-a973-4f16-94a3-ef9ca852a225","event":"debug","phase":"BBOX_QUERY","message":"Executing spatial query","latency_ms":2,"data":{"min_lat":13.01441390990991,"max_lat":28.70399909009009,"min_lng":77.11891690990991,"max_lng":80.36147309009009,"categories":["hospital"]}}
{"timestamp":"2026-02-13 22:52:30.000000","request_id":"c459e8da-a973-4f16-94a3-ef9ca852a225","event":"debug","phase":"BBOX_RESULT","message":"Bounding box query completed","latency_ms":125,"data":{"pois_in_bbox":3201}}
{"timestamp":"2026-02-13 22:52:30.000000","request_id":"c459e8da-a973-4f16-94a3-ef9ca852a225","event":"debug","phase":"DISTANCE_FILTER","message":"Starting distance-to-route filtering","latency_ms":125,"data":{"all_pois_count":3201,"buffer_meters":10000}}
{"timestamp":"2026-02-13 22:52:31.000000","request_id":"c459e8da-a973-4f16-94a3-ef9ca852a225","event":"debug","phase":"DISTANCE_FILTER","message":"Filtering complete","latency_ms":464,"data":{"filtered_pois_count":205}}
{"timestamp":"2026-02-13 22:52:31.000000","request_id":"c459e8da-a973-4f16-94a3-ef9ca852a225","event":"response_success","endpoint":"/api/pois-for-route","http_code":200,"latency_ms":464,"cache_hit":false,"cache_miss":false,"data_count":100}
{"timestamp":"2026-02-13 22:52:31.000000","request_id":"c459e8da-a973-4f16-94a3-ef9ca852a225","event":"debug","phase":"RESPONSE","message":"Final POI count","latency_ms":465,"data":{"total_in_route":205,"returned":100,"by_category":{"hospital":205}}}
{"timestamp":"2026-02-13 22:52:44.000000","request_id":"02622277-bce6-4c11-a8c1-d834d5195ebc","event":"request_start","endpoint":"/api/trips","method":"POST","ip_address":"127.0.0.1","user_id":null}
{"timestamp":"2026-02-13 22:52:44.000000","request_id":"02622277-bce6-4c11-a8c1-d834d5195ebc","event":"debug","phase":"TRIPS","message":"Using direct trip data format","latency_ms":25,"data":[]}
{"timestamp":"2026-02-13 22:52:44.000000","request_id":"02622277-bce6-4c11-a8c1-d834d5195ebc","event":"debug","phase":"TRIP_SAVE","message":"Prepared trip data","latency_ms":37,"data":{"source":"delhi","destination":"chennai","mode":"car","distance_km":2112.18,"stops_count":10}}
{"timestamp":"2026-02-13 22:52:44.000000","request_id":"02622277-bce6-4c11-a8c1-d834d5195ebc","event":"response_success","endpoint":"/api/trips","http_code":201,"latency_ms":89,"cache_hit":false,"cache_miss":false,"data_count":1}
{"timestamp":"2026-02-13 22:52:44.000000","request_id":"02622277-bce6-4c11-a8c1-d834d5195ebc","event":"debug","phase":"TRIP_SAVE","message":"Trip saved successfully","latency_ms":90,"data":{"trip_id":83}}
{"timestamp":"2026-02-13 22:52:46.000000","request_id":"77be4fcf-f49e-4980-bd1c-3a34b97129a6","event":"request_start","endpoint":"/api/trips","method":"GET","ip_address":"127.0.0.1","user_id":null}
{"timestamp":"2026-02-13 22:52:46.000000","request_id":"77be4fcf-f49e-4980-bd1c-3a34b97129a6","event":"response_success","endpoint":"/api/trips","http_code":200,"latency_ms":5,"cache_hit":false,"cache_miss":false,"data_count":20}
{"timestamp":"2026-02-13 22:52:46.000000","request_id":"b458213f-d7ab-40c0-b2b0-02c52084c56d","event":"request_start","endpoint":"/api/trips","method":"GET","ip_address":"127.0.0.1","user_id":null}
{"timestamp":"2026-02-13 22:52:47.000000","request_id":"b458213f-d7ab-40c0-b2b0-02c52084c56d","event":"response_success","endpoint":"/api/trips","http_code":200,"latency_ms":1,"cache_hit":false,"cache_miss":false,"data_count":20}
{"timestamp":"2026-02-13 22:52:49.000000","request_id":"075205e3-4c4e-4345-902a-bae3250d0a05","event":"request_start","endpoint":"/api/trips","method":"GET","ip_address":"127.0.0.1","user_id":null}
{"timestamp":"2026-02-13 22:52:49.000000","request_id":"075205e3-4c4e-4345-902a-bae3250d0a05","event":"response_success","endpoint":"/api/trips","http_code":200,"latency_ms":2,"cache_hit":false,"cache_miss":false,"data_count":null}
{"timestamp":"2026-02-13 22:52:49.000000","request_id":"30c56a98-6dcb-48d8-a054-864b9e661c22","event":"request_start","endpoint":"/api/trips","method":"GET","ip_address":"127.0.0.1","user_id":null}
{"timestamp":"2026-02-13 22:52:49.000000","request_id":"30c56a98-6dcb-48d8-a054-864b9e661c22","event":"response_success","endpoint":"/api/trips","http_code":200,"latency_ms":1,"cache_hit":false,"cache_miss":false,"data_count":null}
{"timestamp":"2026-02-13 22:53:18.000000","request_id":"628d511d-c559-4f32-a454-537ba16c75c3","event":"request_start","endpoint":"/api/trips","method":"GET","ip_address":"127.0.0.1","user_id":null}
{"timestamp":"2026-02-13 22:53:18.000000","request_id":"628d511d-c559-4f32-a454-537ba16c75c3","event":"response_success","endpoint":"/api/trips","http_code":200,"latency_ms":2,"cache_hit":false,"cache_miss":false,"data_count":20}
{"timestamp":"2026-02-13 22:53:18.000000","request_id":"987fc47b-e138-452b-b764-63817c16bab5","event":"request_start","endpoint":"/api/trips","method":"GET","ip_address":"127.0.0.1","user_id":null}
{"timestamp":"2026-02-13 22:53:18.000000","request_id":"987fc47b-e138-452b-b764-63817c16bab5","event":"response_success","endpoint":"/api/trips","http_code":200,"latency_ms":2,"cache_hit":false,"cache_miss":false,"data_count":20}
{"timestamp":"2026-02-13 23:20:02.000000","request_id":"93719f4b-75be-4ae7-921e-3a61331c8436","event":"request_start","endpoint":"/api/trips","method":"GET","ip_address":"127.0.0.1","user_id":null}
{"timestamp":"2026-02-13 23:20:02.000000","request_id":"93719f4b-75be-4ae7-921e-3a61331c8436","event":"response_success","endpoint":"/api/trips","http_code":200,"latency_ms":28,"cache_hit":false,"cache_miss":false,"data_count":20}
{"timestamp":"2026-02-13 23:20:02.000000","request_id":"ed2cf8f4-7d02-410b-a8c8-d9e2080a9094","event":"request_start","endpoint":"/api/trips","method":"GET","ip_address":"127.0.0.1","user_id":null}
{"timestamp":"2026-02-13 23:20:02.000000","request_id":"ed2cf8f4-7d02-410b-a8c8-d9e2080a9094","event":"response_success","endpoint":"/api/trips","http_code":200,"latency_ms":5,"cache_hit":false,"cache_miss":false,"data_count":20}
{"timestamp":"2026-02-13 23:32:36.000000","request_id":"bebba681-c33f-4e56-a67d-118a6ad9de39","event":"request_start","endpoint":"/api/pois-for-route","method":"POST","ip_address":"127.0.0.1","user_id":null}
{"timestamp":"2026-02-13 23:32:36.000000","request_id":"bebba681-c33f-4e56-a67d-118a6ad9de39","event":"debug","phase":"VALIDATION","message":"Polyline received","latency_ms":2,"data":{"point_count":630}}
{"timestamp":"2026-02-13 23:32:36.000000","request_id":"bebba681-c33f-4e56-a67d-118a6ad9de39","event":"debug","phase":"VALIDATION","message":"Input validated","latency_ms":3,"data":{"polyline_points":630,"categories":["temple","fuel","charger","toll","restaurant","hospital"],"radius_km":3}}
{"timestamp":"2026-02-13 23:32:36.000000","request_id":"bebba681-c33f-4e56-a67d-118a6ad9de39","event":"debug","phase":"BBOX_QUERY","message":"Executing spatial query","latency_ms":4,"data":{"min_lat":13.056419972972973,"max_lat":17.744660027027027,"min_lng":79.83148197297297,"max_lng":83.31710702702703,"categories":["temple","fuel","charger","toll","restaurant","hospital"]}}
{"timestamp":"2026-02-13 23:32:36.000000","request_id":"bebba681-c33f-4e56-a67d-118a6ad9de39","event":"debug","phase":"BBOX_RESULT","message":"Bounding box query completed","latency_ms":163,"data":{"pois_in_bbox":3038}}
{"timestamp":"2026-02-13 23:32:36.000000","request_id":"bebba681-c33f-4e56-a67d-118a6ad9de39","event":"debug","phase":"DISTANCE_FILTER","message":"Starting distance-to-route filtering","latency_ms":163,"data":{"all_pois_count":3038,"buffer_meters":3000}}
{"timestamp":"2026-02-13 23:32:37.000000","request_id":"bebba681-c33f-4e56-a67d-118a6ad9de39","event":"debug","phase":"DISTANCE_FILTER","message":"Filtering complete","latency_ms":480,"data":{"filtered_pois_count":48}}
{"timestamp":"2026-02-13 23:32:37.000000","request_id":"bebba681-c33f-4e56-a67d-118a6ad9de39","event":"response_success","endpoint":"/api/pois-for-route","http_code":200,"latency_ms":483,"cache_hit":false,"cache_miss":false,"data_count":48}
{"timestamp":"2026-02-13 23:32:37.000000","request_id":"bebba681-c33f-4e56-a67d-118a6ad9de39","event":"debug","phase":"RESPONSE","message":"Final POI count","latency_ms":484,"data":{"total_in_route":48,"returned":48,"by_category":{"fuel":11,"restaurant":14,"hospital":23}}}
{"timestamp":"2026-02-13 23:34:00.000000","request_id":"15b2e76a-fb19-46fc-b5ad-79d9c7d8d4cd","event":"request_start","endpoint":"/api/pois-for-route","method":"POST","ip_address":"127.0.0.1","user_id":null}
{"timestamp":"2026-02-13 23:34:00.000000","request_id":"15b2e76a-fb19-46fc-b5ad-79d9c7d8d4cd","event":"debug","phase":"VALIDATION","message":"Polyline received","latency_ms":0,"data":{"point_count":630}}
{"timestamp":"2026-02-13 23:34:00.000000","request_id":"15b2e76a-fb19-46fc-b5ad-79d9c7d8d4cd","event":"debug","phase":"VALIDATION","message":"Input validated","latency_ms":1,"data":{"polyline_points":630,"categories":["temple","fuel","charger","toll","restaurant","hospital"],"radius_km":3}}
{"timestamp":"2026-02-13 23:34:00.000000","request_id":"15b2e76a-fb19-46fc-b5ad-79d9c7d8d4cd","event":"debug","phase":"BBOX_QUERY","message":"Executing spatial query","latency_ms":2,"data":{"min_lat":13.056419972972973,"max_lat":17.744660027027027,"min_lng":79.83148197297297,"max_lng":83.31710702702703,"categories":["temple","fuel","charger","toll","restaurant","hospital"]}}
{"timestamp":"2026-02-13 23:34:00.000000","request_id":"15b2e76a-fb19-46fc-b5ad-79d9c7d8d4cd","event":"debug","phase":"BBOX_RESULT","message":"Bounding box query completed","latency_ms":32,"data":{"pois_in_bbox":3038}}
{"timestamp":"2026-02-13 23:34:00.000000","request_id":"15b2e76a-fb19-46fc-b5ad-79d9c7d8d4cd","event":"debug","phase":"DISTANCE_FILTER","message":"Starting distance-to-route filtering","latency_ms":33,"data":{"all_pois_count":3038,"buffer_meters":3000}}
{"timestamp":"2026-02-13 23:34:01.000000","request_id":"15b2e76a-fb19-46fc-b5ad-79d9c7d8d4cd","event":"debug","phase":"DISTANCE_FILTER","message":"Filtering complete","latency_ms":361,"data":{"filtered_pois_count":48}}
{"timestamp":"2026-02-13 23:34:01.000000","request_id":"15b2e76a-fb19-46fc-b5ad-79d9c7d8d4cd","event":"response_success","endpoint":"/api/pois-for-route","http_code":200,"latency_ms":363,"cache_hit":false,"cache_miss":false,"data_count":48}
{"timestamp":"2026-02-13 23:34:01.000000","request_id":"15b2e76a-fb19-46fc-b5ad-79d9c7d8d4cd","event":"debug","phase":"RESPONSE","message":"Final POI count","latency_ms":364,"data":{"total_in_route":48,"returned":48,"by_category":{"fuel":11,"restaurant":14,"hospital":23}}}
{"timestamp":"2026-02-13 23:36:56.000000","request_id":"fb10182a-b78d-4823-acf3-d9af04419ee5","event":"request_start","endpoint":"/api/pois-for-route","method":"POST","ip_address":"127.0.0.1","user_id":null}
{"timestamp":"2026-02-13 23:36:56.000000","request_id":"fb10182a-b78d-4823-acf3-d9af04419ee5","event":"debug","phase":"VALIDATION","message":"Polyline received","latency_ms":0,"data":{"point_count":614}}
{"timestamp":"2026-02-13 23:36:56.000000","request_id":"fb10182a-b78d-4823-acf3-d9af04419ee5","event":"debug","phase":"VALIDATION","message":"Input validated","latency_ms":1,"data":{"polyline_points":614,"categories":["temple","fuel","charger","toll","restaurant","hospital"],"radius_km":3}}
{"timestamp":"2026-02-13 23:36:56.000000","request_id":"fb10182a-b78d-4823-acf3-d9af04419ee5","event":"debug","phase":"BBOX_QUERY","message":"Executing spatial query","latency_ms":5,"data":{"min_lat":13.056419972972973,"max_lat":17.717640027027027,"min_lng":79.83148197297297,"max_lng":83.24795302702704,"categories":["temple","fuel","charger","toll","restaurant","hospital"]}}
{"timestamp":"2026-02-13 23:36:56.000000","request_id":"fb10182a-b78d-4823-acf3-d9af04419ee5","event":"debug","phase":"BBOX_RESULT","message":"Bounding box query completed","latency_ms":37,"data":{"pois_in_bbox":2966}}
{"timestamp":"2026-02-13 23:36:56.000000","request_id":"fb10182a-b78d-4823-acf3-d9af04419ee5","event":"debug","phase":"DISTANCE_FILTER","message":"Starting distance-to-route filtering","latency_ms":38,"data":{"all_pois_count":2966,"buffer_meters":3000}}
{"timestamp":"2026-02-13 23:36:56.000000","request_id":"fb10182a-b78d-4823-acf3-d9af04419ee5","event":"debug","phase":"DISTANCE_FILTER","message":"Filtering complete","latency_ms":338,"data":{"filtered_pois_count":47}}
{"timestamp":"2026-02-13 23:36:56.000000","request_id":"fb10182a-b78d-4823-acf3-d9af04419ee5","event":"response_success","endpoint":"/api/pois-for-route","http_code":200,"latency_ms":339,"cache_hit":false,"cache_miss":false,"data_count":47}
{"timestamp":"2026-02-13 23:36:56.000000","request_id":"fb10182a-b78d-4823-acf3-d9af04419ee5","event":"debug","phase":"RESPONSE","message":"Final POI count","latency_ms":339,"data":{"total_in_route":47,"returned":47,"by_category":{"fuel":11,"restaurant":13,"hospital":23}}}
{"timestamp":"2026-02-13 23:37:55.000000","request_id":"8968e309-5fda-441b-a239-ca6646cfe794","event":"request_start","endpoint":"/api/pois-for-route","method":"POST","ip_address":"127.0.0.1","user_id":null}
{"timestamp":"2026-02-13 23:37:55.000000","request_id":"8968e309-5fda-441b-a239-ca6646cfe794","event":"debug","phase":"VALIDATION","message":"Polyline received","latency_ms":0,"data":{"point_count":322}}
{"timestamp":"2026-02-13 23:37:55.000000","request_id":"8968e309-5fda-441b-a239-ca6646cfe794","event":"debug","phase":"VALIDATION","message":"Input validated","latency_ms":1,"data":{"polyline_points":322,"categories":["temple","fuel","charger","toll","restaurant","hospital"],"radius_km":3}}
{"timestamp":"2026-02-13 23:37:55.000000","request_id":"8968e309-5fda-441b-a239-ca6646cfe794","event":"debug","phase":"BBOX_QUERY","message":"Executing spatial query","latency_ms":1,"data":{"min_lat":13.056419972972973,"max_lat":16.53824302702703,"min_lng":79.83148197297297,"max_lng":80.66074102702703,"categories":["temple","fuel","charger","toll","restaurant","hospital"]}}
{"timestamp":"2026-02-13 23:37:55.000000","request_id":"8968e309-5fda-441b-a239-ca6646cfe794","event":"debug","phase":"BBOX_RESULT","message":"Bounding box query completed","latency_ms":19,"data":{"pois_in_bbox":521}}
{"timestamp":"2026-02-13 23:37:55.000000","request_id":"8968e309-5fda-441b-a239-ca6646cfe794","event":"debug","phase":"DISTANCE_FILTER","message":"Starting distance-to-route filtering","latency_ms":19,"data":{"all_pois_count":521,"buffer_meters":3000}}
{"timestamp":"2026-02-13 23:37:55.000000","request_id":"8968e309-5fda-441b-a239-ca6646cfe794","event":"debug","phase":"DISTANCE_FILTER","message":"Filtering complete","latency_ms":71,"data":{"filtered_pois_count":29}}
{"timestamp":"2026-02-13 23:37:55.000000","request_id":"8968e309-5fda-441b-a239-ca6646cfe794","event":"response_success","endpoint":"/api/pois-for-route","http_code":200,"latency_ms":71,"cache_hit":false,"cache_miss":false,"data_count":29}
{"timestamp":"2026-02-13 23:37:55.000000","request_id":"8968e309-5fda-441b-a239-ca6646cfe794","event":"debug","phase":"RESPONSE","message":"Final POI count","latency_ms":71,"data":{"total_in_route":29,"returned":29,"by_category":{"restaurant":10,"fuel":9,"hospital":10}}}
{"timestamp":"2026-02-13 23:44:25.000000","request_id":"f7250fa3-52cf-46ba-b62a-cdbb7b88a40b","event":"request_start","endpoint":"/api/pois-for-route","method":"POST","ip_address":"127.0.0.1","user_id":null}
{"timestamp":"2026-02-13 23:44:25.000000","request_id":"f7250fa3-52cf-46ba-b62a-cdbb7b88a40b","event":"debug","phase":"VALIDATION","message":"Polyline received","latency_ms":3,"data":{"point_count":1214}}
{"timestamp":"2026-02-13 23:44:25.000000","request_id":"f7250fa3-52cf-46ba-b62a-cdbb7b88a40b","event":"debug","phase":"VALIDATION","message":"Input validated","latency_ms":3,"data":{"polyline_points":1214,"categories":["temple","fuel","charger","toll","restaurant","hospital"],"radius_km":3}}
{"timestamp":"2026-02-13 23:44:25.000000","request_id":"f7250fa3-52cf-46ba-b62a-cdbb7b88a40b","event":"debug","phase":"BBOX_QUERY","message":"Executing spatial query","latency_ms":5,"data":{"min_lat":18.905445972972974,"max_lat":30.756797027027027,"min_lng":72.80421497297297,"max_lng":76.83582902702703,"categories":["temple","fuel","charger","toll","restaurant","hospital"]}}
{"timestamp":"2026-02-13 23:44:25.000000","request_id":"f7250fa3-52cf-46ba-b62a-cdbb7b88a40b","event":"debug","phase":"BBOX_RESULT","message":"Bounding box query completed","latency_ms":159,"data":{"pois_in_bbox":5000}}
{"timestamp":"2026-02-13 23:44:25.000000","request_id":"f7250fa3-52cf-46ba-b62a-cdbb7b88a40b","event":"debug","phase":"DISTANCE_FILTER","message":"Starting distance-to-route filtering","latency_ms":160,"data":{"all_pois_count":5000,"buffer_meters":3000}}
{"timestamp":"2026-02-13 23:44:26.000000","request_id":"f7250fa3-52cf-46ba-b62a-cdbb7b88a40b","event":"debug","phase":"DISTANCE_FILTER","message":"Filtering complete","latency_ms":650,"data":{"filtered_pois_count":49}}
{"timestamp":"2026-02-13 23:44:26.000000","request_id":"f7250fa3-52cf-46ba-b62a-cdbb7b88a40b","event":"response_success","endpoint":"/api/pois-for-route","http_code":200,"latency_ms":651,"cache_hit":false,"cache_miss":false,"data_count":49}
{"timestamp":"2026-02-13 23:44:26.000000","request_id":"f7250fa3-52cf-46ba-b62a-cdbb7b88a40b","event":"debug","phase":"RESPONSE","message":"Final POI count","latency_ms":652,"data":{"total_in_route":49,"returned":49,"by_category":{"restaurant":23,"fuel":12,"hospital":14}}}
{"timestamp":"2026-02-13 23:47:12.000000","request_id":"71366195-0eb5-4f31-9f32-ea60d1d848ed","event":"request_start","endpoint":"/api/pois-for-route","method":"POST","ip_address":"127.0.0.1","user_id":null}
{"timestamp":"2026-02-13 23:47:12.000000","request_id":"71366195-0eb5-4f31-9f32-ea60d1d848ed","event":"debug","phase":"VALIDATION","message":"Polyline received","latency_ms":2,"data":{"point_count":1888}}
{"timestamp":"2026-02-13 23:47:12.000000","request_id":"71366195-0eb5-4f31-9f32-ea60d1d848ed","event":"debug","phase":"VALIDATION","message":"Input validated","latency_ms":3,"data":{"polyline_points":1888,"categories":["temple","fuel","charger","toll","restaurant","hospital"],"radius_km":3}}
{"timestamp":"2026-02-13 23:47:12.000000","request_id":"71366195-0eb5-4f31-9f32-ea60d1d848ed","event":"debug","phase":"BBOX_QUERY","message":"Executing spatial query","latency_ms":3,"data":{"min_lat":13.077476972972974,"max_lat":30.76032402702703,"min_lng":76.75236797297296,"max_lng":80.29841002702703,"categories":["temple","fuel","charger","toll","restaurant","hospital"]}}
{"timestamp":"2026-02-13 23:47:13.000000","request_id":"71366195-0eb5-4f31-9f32-ea60d1d848ed","event":"debug","phase":"BBOX_RESULT","message":"Bounding box query completed","latency_ms":116,"data":{"pois_in_bbox":5000}}
{"timestamp":"2026-02-13 23:47:13.000000","request_id":"71366195-0eb5-4f31-9f32-ea60d1d848ed","event":"debug","phase":"DISTANCE_FILTER","message":"Starting distance-to-route filtering","latency_ms":116,"data":{"all_pois_count":5000,"buffer_meters":3000}}
{"timestamp":"2026-02-13 23:47:13.000000","request_id":"71366195-0eb5-4f31-9f32-ea60d1d848ed","event":"debug","phase":"DISTANCE_FILTER","message":"Filtering complete","latency_ms":678,"data":{"filtered_pois_count":32}}
{"timestamp":"2026-02-13 23:47:13.000000","request_id":"71366195-0eb5-4f31-9f32-ea60d1d848ed","event":"response_success","endpoint":"/api/pois-for-route","http_code":200,"latency_ms":679,"cache_hit":false,"cache_miss":false,"data_count":32}
{"timestamp":"2026-02-13 23:47:13.000000","request_id":"71366195-0eb5-4f31-9f32-ea60d1d848ed","event":"debug","phase":"RESPONSE","message":"Final POI count","latency_ms":679,"data":{"total_in_route":32,"returned":32,"by_category":{"restaurant":9,"fuel":8,"hospital":15}}}
{"timestamp":"2026-02-13 23:52:18.000000","request_id":"79e533c6-29b9-45c2-95f2-0cff666c7e0b","event":"request_start","endpoint":"/api/pois-for-route","method":"POST","ip_address":"127.0.0.1","user_id":null}
{"timestamp":"2026-02-13 23:52:18.000000","request_id":"79e533c6-29b9-45c2-95f2-0cff666c7e0b","event":"debug","phase":"VALIDATION","message":"Polyline received","latency_ms":2,"data":{"point_count":518}}
{"timestamp":"2026-02-13 23:52:18.000000","request_id":"79e533c6-29b9-45c2-95f2-0cff666c7e0b","event":"debug","phase":"VALIDATION","message":"Input validated","latency_ms":2,"data":{"polyline_points":518,"categories":["toll","restaurant","hospital","fuel","charger"],"radius_km":3}}
{"timestamp":"2026-02-13 23:52:18.000000","request_id":"79e533c6-29b9-45c2-95f2-0cff666c7e0b","event":"debug","phase":"BBOX_QUERY","message":"Executing spatial query","latency_ms":3,"data":{"min_lat":16.990519972972972,"max_lat":17.80569202702703,"min_lng":78.44743597297297,"max_lng":83.40641702702703,"categories":["toll","restaurant","hospital","fuel","charger"]}}
{"timestamp":"2026-02-13 23:52:18.000000","request_id":"79e533c6-29b9-45c2-95f2-0cff666c7e0b","event":"debug","phase":"BBOX_RESULT","message":"Bounding box query completed","latency_ms":38,"data":{"pois_in_bbox":740}}
{"timestamp":"2026-02-13 23:52:18.000000","request_id":"79e533c6-29b9-45c2-95f2-0cff666c7e0b","event":"debug","phase":"DISTANCE_FILTER","message":"Starting distance-to-route filtering","latency_ms":39,"data":{"all_pois_count":740,"buffer_meters":3000}}
{"timestamp":"2026-02-13 23:52:18.000000","request_id":"79e533c6-29b9-45c2-95f2-0cff666c7e0b","event":"debug","phase":"DISTANCE_FILTER","message":"Filtering complete","latency_ms":118,"data":{"filtered_pois_count":45}}
{"timestamp":"2026-02-13 23:52:18.000000","request_id":"79e533c6-29b9-45c2-95f2-0cff666c7e0b","event":"response_success","endpoint":"/api/pois-for-route","http_code":200,"latency_ms":123,"cache_hit":false,"cache_miss":false,"data_count":45}
{"timestamp":"2026-02-13 23:52:18.000000","request_id":"79e533c6-29b9-45c2-95f2-0cff666c7e0b","event":"debug","phase":"RESPONSE","message":"Final POI count","latency_ms":124,"data":{"total_in_route":45,"returned":45,"by_category":{"fuel":15,"restaurant":11,"hospital":19}}}
{"timestamp":"2026-02-13 23:58:24.000000","request_id":"ae8ffd6d-3208-4e91-b869-d4cd77857329","event":"request_start","endpoint":"/api/pois-for-route","method":"POST","ip_address":"127.0.0.1","user_id":null}
{"timestamp":"2026-02-13 23:58:24.000000","request_id":"ae8ffd6d-3208-4e91-b869-d4cd77857329","event":"debug","phase":"VALIDATION","message":"Polyline received","latency_ms":5,"data":{"point_count":1475}}
{"timestamp":"2026-02-13 23:58:24.000000","request_id":"ae8ffd6d-3208-4e91-b869-d4cd77857329","event":"debug","phase":"VALIDATION","message":"Input validated","latency_ms":6,"data":{"polyline_points":1475,"categories":["temple","fuel","charger","toll","restaurant","hospital"],"radius_km":3}}
{"timestamp":"2026-02-13 23:58:24.000000","request_id":"ae8ffd6d-3208-4e91-b869-d4cd77857329","event":"debug","phase":"BBOX_QUERY","message":"Executing spatial query","latency_ms":6,"data":{"min_lat":16.484260972972972,"max_lat":28.63870802702703,"min_lng":77.20057397297298,"max_lng":80.64302902702703,"categories":["temple","fuel","charger","toll","restaurant","hospital"]}}
{"timestamp":"2026-02-13 23:58:24.000000","request_id":"ae8ffd6d-3208-4e91-b869-d4cd77857329","event":"debug","phase":"BBOX_RESULT","message":"Bounding box query completed","latency_ms":221,"data":{"pois_in_bbox":5000}}
{"timestamp":"2026-02-13 23:58:24.000000","request_id":"ae8ffd6d-3208-4e91-b869-d4cd77857329","event":"debug","phase":"DISTANCE_FILTER","message":"Starting distance-to-route filtering","latency_ms":222,"data":{"all_pois_count":5000,"buffer_meters":3000}}
{"timestamp":"2026-02-13 23:58:25.000000","request_id":"ae8ffd6d-3208-4e91-b869-d4cd77857329","event":"debug","phase":"DISTANCE_FILTER","message":"Filtering complete","latency_ms":862,"data":{"filtered_pois_count":56}}
{"timestamp":"2026-02-13 23:58:25.000000","request_id":"ae8ffd6d-3208-4e91-b869-d4cd77857329","event":"response_success","endpoint":"/api/pois-for-route","http_code":200,"latency_ms":869,"cache_hit":false,"cache_miss":false,"data_count":56}
{"timestamp":"2026-02-13 23:58:25.000000","request_id":"ae8ffd6d-3208-4e91-b869-d4cd77857329","event":"debug","phase":"RESPONSE","message":"Final POI count","latency_ms":869,"data":{"total_in_route":56,"returned":56,"by_category":{"fuel":21,"restaurant":19,"hospital":16}}}
