{"timestamp":"2026-02-25 07:01:59.000000","request_id":"289037d0-9551-4031-9812-46091cfa4d5b","event":"request_start","endpoint":"/api/trips","method":"GET","ip_address":"127.0.0.1","user_id":null}
{"timestamp":"2026-02-25 07:01:59.000000","request_id":"289037d0-9551-4031-9812-46091cfa4d5b","event":"response_success","endpoint":"/api/trips","http_code":200,"latency_ms":31,"cache_hit":false,"cache_miss":false,"data_count":26}
{"timestamp":"2026-02-25 07:01:59.000000","request_id":"cbfad284-9c7f-4740-a72d-1ec9b7c27297","event":"request_start","endpoint":"/api/trips","method":"GET","ip_address":"127.0.0.1","user_id":null}
{"timestamp":"2026-02-25 07:01:59.000000","request_id":"cbfad284-9c7f-4740-a72d-1ec9b7c27297","event":"response_success","endpoint":"/api/trips","http_code":200,"latency_ms":6,"cache_hit":false,"cache_miss":false,"data_count":26}
{"timestamp":"2026-02-25 07:15:28.000000","request_id":"8a586545-6938-40e3-a80c-efc182b6bcf0","event":"request_start","endpoint":"/api/pois-for-route","method":"POST","ip_address":"127.0.0.1","user_id":null}
{"timestamp":"2026-02-25 07:15:28.000000","request_id":"8a586545-6938-40e3-a80c-efc182b6bcf0","event":"debug","phase":"VALIDATION","message":"Polyline received","latency_ms":0,"data":{"point_count":235}}
{"timestamp":"2026-02-25 07:15:28.000000","request_id":"8a586545-6938-40e3-a80c-efc182b6bcf0","event":"debug","phase":"VALIDATION","message":"Input validated","latency_ms":1,"data":{"polyline_points":235,"categories":["temple","fuel","charger","toll","restaurant","hospital"],"radius_km":3}}
{"timestamp":"2026-02-25 07:15:28.000000","request_id":"8a586545-6938-40e3-a80c-efc182b6bcf0","event":"debug","phase":"BBOX_QUERY","message":"Executing spatial query","latency_ms":1,"data":{"min_lat":16.48287297297297,"max_lat":17.387531027027027,"min_lng":78.44743597297297,"max_lng":80.64302902702703,"categories":["temple","fuel","charger","toll","restaurant","hospital"]}}
{"timestamp":"2026-02-25 07:15:28.000000","request_id":"8a586545-6938-40e3-a80c-efc182b6bcf0","event":"debug","phase":"BBOX_RESULT","message":"Bounding box query completed","latency_ms":224,"data":{"pois_in_bbox":426}}
{"timestamp":"2026-02-25 07:15:28.000000","request_id":"8a586545-6938-40e3-a80c-efc182b6bcf0","event":"debug","phase":"DISTANCE_FILTER","message":"Starting distance-to-route filtering","latency_ms":224,"data":{"all_pois_count":426,"buffer_meters":3000}}
{"timestamp":"2026-02-25 07:15:28.000000","request_id":"8a586545-6938-40e3-a80c-efc182b6bcf0","event":"debug","phase":"DISTANCE_FILTER","message":"Filtering complete","latency_ms":256,"data":{"filtered_pois_count":24}}
{"timestamp":"2026-02-25 07:15:28.000000","request_id":"8a586545-6938-40e3-a80c-efc182b6bcf0","event":"response_success","endpoint":"/api/pois-for-route","http_code":200,"latency_ms":256,"cache_hit":false,"cache_miss":false,"data_count":24}
{"timestamp":"2026-02-25 07:15:28.000000","request_id":"8a586545-6938-40e3-a80c-efc182b6bcf0","event":"debug","phase":"RESPONSE","message":"Final POI count","latency_ms":256,"data":{"total_in_route":24,"returned":24,"by_category":{"restaurant":3,"fuel":9,"hospital":9,"temple":3}}}
{"timestamp":"2026-02-25 07:15:51.000000","request_id":"ec7f3a31-ef76-4be1-bae9-af66d8a15a96","event":"request_start","endpoint":"/api/pois-for-route","method":"POST","ip_address":"127.0.0.1","user_id":null}
{"timestamp":"2026-02-25 07:15:51.000000","request_id":"ec7f3a31-ef76-4be1-bae9-af66d8a15a96","event":"debug","phase":"VALIDATION","message":"Polyline received","latency_ms":3,"data":{"point_count":11}}
{"timestamp":"2026-02-25 07:15:51.000000","request_id":"ec7f3a31-ef76-4be1-bae9-af66d8a15a96","event":"debug","phase":"VALIDATION","message":"Input validated","latency_ms":3,"data":{"polyline_points":11,"categories":["temple","restaurant"],"radius_km":5}}
{"timestamp":"2026-02-25 07:15:51.000000","request_id":"ec7f3a31-ef76-4be1-bae9-af66d8a15a96","event":"debug","phase":"BBOX_QUERY","message":"Executing spatial query","latency_ms":3,"data":{"min_lat":16.466485954954955,"max_lat":17.405634045045048,"min_lng":78.42901595495496,"max_lng":80.66109204504504,"categories":["temple","restaurant"]}}
{"timestamp":"2026-02-25 07:15:51.000000","request_id":"ec7f3a31-ef76-4be1-bae9-af66d8a15a96","event":"debug","phase":"BBOX_RESULT","message":"Bounding box query completed","latency_ms":231,"data":{"pois_in_bbox":180}}
{"timestamp":"2026-02-25 07:15:51.000000","request_id":"ec7f3a31-ef76-4be1-bae9-af66d8a15a96","event":"debug","phase":"DISTANCE_FILTER","message":"Starting distance-to-route filtering","latency_ms":231,"data":{"all_pois_count":180,"buffer_meters":5000}}
{"timestamp":"2026-02-25 07:15:51.000000","request_id":"ec7f3a31-ef76-4be1-bae9-af66d8a15a96","event":"debug","phase":"DISTANCE_FILTER","message":"Filtering complete","latency_ms":234,"data":{"filtered_pois_count":7}}
{"timestamp":"2026-02-25 07:15:51.000000","request_id":"ec7f3a31-ef76-4be1-bae9-af66d8a15a96","event":"response_success","endpoint":"/api/pois-for-route","http_code":200,"latency_ms":235,"cache_hit":false,"cache_miss":false,"data_count":7}
{"timestamp":"2026-02-25 07:15:51.000000","request_id":"ec7f3a31-ef76-4be1-bae9-af66d8a15a96","event":"debug","phase":"RESPONSE","message":"Final POI count","latency_ms":235,"data":{"total_in_route":7,"returned":7,"by_category":{"restaurant":4,"temple":3}}}
{"timestamp":"2026-02-25 07:15:51.000000","request_id":"c05f7c2d-7b37-469c-958b-8dd36604bbfb","event":"request_start","endpoint":"/api/pois-for-route","method":"POST","ip_address":"127.0.0.1","user_id":null}
{"timestamp":"2026-02-25 07:15:51.000000","request_id":"c05f7c2d-7b37-469c-958b-8dd36604bbfb","event":"debug","phase":"VALIDATION","message":"Polyline received","latency_ms":0,"data":{"point_count":11}}
{"timestamp":"2026-02-25 07:15:51.000000","request_id":"c05f7c2d-7b37-469c-958b-8dd36604bbfb","event":"debug","phase":"VALIDATION","message":"Input validated","latency_ms":0,"data":{"polyline_points":11,"categories":["temple","restaurant"],"radius_km":5}}
{"timestamp":"2026-02-25 07:15:52.000000","request_id":"c05f7c2d-7b37-469c-958b-8dd36604bbfb","event":"debug","phase":"BBOX_QUERY","message":"Executing spatial query","latency_ms":0,"data":{"min_lat":16.466485954954955,"max_lat":17.405634045045048,"min_lng":78.42901595495496,"max_lng":80.66109204504504,"categories":["temple","restaurant"]}}
{"timestamp":"2026-02-25 07:15:52.000000","request_id":"c05f7c2d-7b37-469c-958b-8dd36604bbfb","event":"debug","phase":"BBOX_RESULT","message":"Bounding box query completed","latency_ms":46,"data":{"pois_in_bbox":180}}
{"timestamp":"2026-02-25 07:15:52.000000","request_id":"c05f7c2d-7b37-469c-958b-8dd36604bbfb","event":"debug","phase":"DISTANCE_FILTER","message":"Starting distance-to-route filtering","latency_ms":46,"data":{"all_pois_count":180,"buffer_meters":5000}}
{"timestamp":"2026-02-25 07:15:52.000000","request_id":"c05f7c2d-7b37-469c-958b-8dd36604bbfb","event":"debug","phase":"DISTANCE_FILTER","message":"Filtering complete","latency_ms":49,"data":{"filtered_pois_count":7}}
{"timestamp":"2026-02-25 07:15:52.000000","request_id":"c05f7c2d-7b37-469c-958b-8dd36604bbfb","event":"response_success","endpoint":"/api/pois-for-route","http_code":200,"latency_ms":49,"cache_hit":false,"cache_miss":false,"data_count":7}
{"timestamp":"2026-02-25 07:15:52.000000","request_id":"c05f7c2d-7b37-469c-958b-8dd36604bbfb","event":"debug","phase":"RESPONSE","message":"Final POI count","latency_ms":50,"data":{"total_in_route":7,"returned":7,"by_category":{"restaurant":4,"temple":3}}}
{"timestamp":"2026-02-25 07:16:09.000000","request_id":"c26d61c4-c93f-4dc1-870f-f8fc2704ff2d","event":"request_start","endpoint":"/api/pois-for-route","method":"POST","ip_address":"127.0.0.1","user_id":null}
{"timestamp":"2026-02-25 07:16:09.000000","request_id":"c26d61c4-c93f-4dc1-870f-f8fc2704ff2d","event":"debug","phase":"VALIDATION","message":"Polyline received","latency_ms":0,"data":{"point_count":235}}
{"timestamp":"2026-02-25 07:16:09.000000","request_id":"c26d61c4-c93f-4dc1-870f-f8fc2704ff2d","event":"debug","phase":"VALIDATION","message":"Input validated","latency_ms":0,"data":{"polyline_points":235,"categories":["temple","fuel","charger","toll","restaurant","hospital"],"radius_km":3}}
{"timestamp":"2026-02-25 07:16:09.000000","request_id":"c26d61c4-c93f-4dc1-870f-f8fc2704ff2d","event":"debug","phase":"BBOX_QUERY","message":"Executing spatial query","latency_ms":1,"data":{"min_lat":16.48287297297297,"max_lat":17.387531027027027,"min_lng":78.44743597297297,"max_lng":80.64302902702703,"categories":["temple","fuel","charger","toll","restaurant","hospital"]}}
{"timestamp":"2026-02-25 07:16:09.000000","request_id":"c26d61c4-c93f-4dc1-870f-f8fc2704ff2d","event":"debug","phase":"BBOX_RESULT","message":"Bounding box query completed","latency_ms":26,"data":{"pois_in_bbox":426}}
{"timestamp":"2026-02-25 07:16:09.000000","request_id":"c26d61c4-c93f-4dc1-870f-f8fc2704ff2d","event":"debug","phase":"DISTANCE_FILTER","message":"Starting distance-to-route filtering","latency_ms":27,"data":{"all_pois_count":426,"buffer_meters":3000}}
{"timestamp":"2026-02-25 07:16:09.000000","request_id":"c26d61c4-c93f-4dc1-870f-f8fc2704ff2d","event":"debug","phase":"DISTANCE_FILTER","message":"Filtering complete","latency_ms":56,"data":{"filtered_pois_count":24}}
{"timestamp":"2026-02-25 07:16:09.000000","request_id":"c26d61c4-c93f-4dc1-870f-f8fc2704ff2d","event":"response_success","endpoint":"/api/pois-for-route","http_code":200,"latency_ms":56,"cache_hit":false,"cache_miss":false,"data_count":24}
{"timestamp":"2026-02-25 07:16:09.000000","request_id":"c26d61c4-c93f-4dc1-870f-f8fc2704ff2d","event":"debug","phase":"RESPONSE","message":"Final POI count","latency_ms":56,"data":{"total_in_route":24,"returned":24,"by_category":{"restaurant":3,"fuel":9,"hospital":9,"temple":3}}}
{"timestamp":"2026-02-25 07:16:18.000000","request_id":"3e158a1d-7dbf-440d-9b36-85e8178f4525","event":"request_start","endpoint":"/api/pois-for-route","method":"POST","ip_address":"127.0.0.1","user_id":null}
{"timestamp":"2026-02-25 07:16:18.000000","request_id":"3e158a1d-7dbf-440d-9b36-85e8178f4525","event":"debug","phase":"VALIDATION","message":"Polyline received","latency_ms":1,"data":{"point_count":10}}
{"timestamp":"2026-02-25 07:16:18.000000","request_id":"3e158a1d-7dbf-440d-9b36-85e8178f4525","event":"debug","phase":"VALIDATION","message":"Input validated","latency_ms":1,"data":{"polyline_points":10,"categories":["temple","restaurant"],"radius_km":5}}
{"timestamp":"2026-02-25 07:16:18.000000","request_id":"3e158a1d-7dbf-440d-9b36-85e8178f4525","event":"debug","phase":"BBOX_QUERY","message":"Executing spatial query","latency_ms":17,"data":{"min_lat":16.461154954954953,"max_lat":17.43004504504505,"min_lng":78.42935495495496,"max_lng":80.69304504504504,"categories":["temple","restaurant"]}}
{"timestamp":"2026-02-25 07:16:18.000000","request_id":"3e158a1d-7dbf-440d-9b36-85e8178f4525","event":"debug","phase":"BBOX_RESULT","message":"Bounding box query completed","latency_ms":49,"data":{"pois_in_bbox":188}}
{"timestamp":"2026-02-25 07:16:18.000000","request_id":"3e158a1d-7dbf-440d-9b36-85e8178f4525","event":"debug","phase":"DISTANCE_FILTER","message":"Starting distance-to-route filtering","latency_ms":49,"data":{"all_pois_count":188,"buffer_meters":5000}}
{"timestamp":"2026-02-25 07:16:18.000000","request_id":"3e158a1d-7dbf-440d-9b36-85e8178f4525","event":"debug","phase":"DISTANCE_FILTER","message":"Filtering complete","latency_ms":53,"data":{"filtered_pois_count":1}}
{"timestamp":"2026-02-25 07:16:18.000000","request_id":"3e158a1d-7dbf-440d-9b36-85e8178f4525","event":"response_success","endpoint":"/api/pois-for-route","http_code":200,"latency_ms":53,"cache_hit":false,"cache_miss":false,"data_count":1}
{"timestamp":"2026-02-25 07:16:18.000000","request_id":"3e158a1d-7dbf-440d-9b36-85e8178f4525","event":"debug","phase":"RESPONSE","message":"Final POI count","latency_ms":53,"data":{"total_in_route":1,"returned":1,"by_category":{"restaurant":1}}}
{"timestamp":"2026-02-25 07:16:18.000000","request_id":"c1287f66-4dff-480e-b3ad-f410dac79f0c","event":"request_start","endpoint":"/api/pois-for-route","method":"POST","ip_address":"127.0.0.1","user_id":null}
{"timestamp":"2026-02-25 07:16:18.000000","request_id":"c1287f66-4dff-480e-b3ad-f410dac79f0c","event":"debug","phase":"VALIDATION","message":"Polyline received","latency_ms":0,"data":{"point_count":10}}
{"timestamp":"2026-02-25 07:16:18.000000","request_id":"c1287f66-4dff-480e-b3ad-f410dac79f0c","event":"debug","phase":"VALIDATION","message":"Input validated","latency_ms":1,"data":{"polyline_points":10,"categories":["temple","restaurant"],"radius_km":5}}
{"timestamp":"2026-02-25 07:16:18.000000","request_id":"c1287f66-4dff-480e-b3ad-f410dac79f0c","event":"debug","phase":"BBOX_QUERY","message":"Executing spatial query","latency_ms":1,"data":{"min_lat":16.461154954954953,"max_lat":17.43004504504505,"min_lng":78.42935495495496,"max_lng":80.69304504504504,"categories":["temple","restaurant"]}}
{"timestamp":"2026-02-25 07:16:18.000000","request_id":"c1287f66-4dff-480e-b3ad-f410dac79f0c","event":"debug","phase":"BBOX_RESULT","message":"Bounding box query completed","latency_ms":15,"data":{"pois_in_bbox":188}}
{"timestamp":"2026-02-25 07:16:18.000000","request_id":"c1287f66-4dff-480e-b3ad-f410dac79f0c","event":"debug","phase":"DISTANCE_FILTER","message":"Starting distance-to-route filtering","latency_ms":15,"data":{"all_pois_count":188,"buffer_meters":5000}}
{"timestamp":"2026-02-25 07:16:18.000000","request_id":"c1287f66-4dff-480e-b3ad-f410dac79f0c","event":"debug","phase":"DISTANCE_FILTER","message":"Filtering complete","latency_ms":17,"data":{"filtered_pois_count":1}}
{"timestamp":"2026-02-25 07:16:18.000000","request_id":"c1287f66-4dff-480e-b3ad-f410dac79f0c","event":"response_success","endpoint":"/api/pois-for-route","http_code":200,"latency_ms":18,"cache_hit":false,"cache_miss":false,"data_count":1}
{"timestamp":"2026-02-25 07:16:18.000000","request_id":"c1287f66-4dff-480e-b3ad-f410dac79f0c","event":"debug","phase":"RESPONSE","message":"Final POI count","latency_ms":18,"data":{"total_in_route":1,"returned":1,"by_category":{"restaurant":1}}}
{"timestamp":"2026-02-25 07:16:45.000000","request_id":"041294e3-4dd4-46e4-96c1-e31b57304e57","event":"request_start","endpoint":"/api/pois-for-route","method":"POST","ip_address":"127.0.0.1","user_id":null}
{"timestamp":"2026-02-25 07:16:45.000000","request_id":"041294e3-4dd4-46e4-96c1-e31b57304e57","event":"debug","phase":"VALIDATION","message":"Polyline received","latency_ms":1,"data":{"point_count":10}}
{"timestamp":"2026-02-25 07:16:45.000000","request_id":"041294e3-4dd4-46e4-96c1-e31b57304e57","event":"debug","phase":"VALIDATION","message":"Input validated","latency_ms":1,"data":{"polyline_points":10,"categories":["temple"],"radius_km":5}}
{"timestamp":"2026-02-25 07:16:45.000000","request_id":"041294e3-4dd4-46e4-96c1-e31b57304e57","event":"debug","phase":"BBOX_QUERY","message":"Executing spatial query","latency_ms":2,"data":{"min_lat":16.461154954954953,"max_lat":17.43004504504505,"min_lng":78.42935495495496,"max_lng":80.69304504504504,"categories":["temple"]}}
{"timestamp":"2026-02-25 07:16:45.000000","request_id":"041294e3-4dd4-46e4-96c1-e31b57304e57","event":"debug","phase":"BBOX_RESULT","message":"Bounding box query completed","latency_ms":34,"data":{"pois_in_bbox":63}}
{"timestamp":"2026-02-25 07:16:45.000000","request_id":"041294e3-4dd4-46e4-96c1-e31b57304e57","event":"debug","phase":"DISTANCE_FILTER","message":"Starting distance-to-route filtering","latency_ms":34,"data":{"all_pois_count":63,"buffer_meters":5000}}
{"timestamp":"2026-02-25 07:16:45.000000","request_id":"041294e3-4dd4-46e4-96c1-e31b57304e57","event":"debug","phase":"DISTANCE_FILTER","message":"Filtering complete","latency_ms":35,"data":{"filtered_pois_count":0}}
{"timestamp":"2026-02-25 07:16:45.000000","request_id":"041294e3-4dd4-46e4-96c1-e31b57304e57","event":"response_error","endpoint":"/api/pois-for-route","http_code":200,"error_code":"POI_ZERO_RESULTS","message":"No POIs found within criteria","latency_ms":35,"user_id":null,"details":null}
{"timestamp":"2026-02-25 07:16:45.000000","request_id":"041294e3-4dd4-46e4-96c1-e31b57304e57","event":"debug","phase":"RESPONSE","message":"Final POI count","latency_ms":36,"data":{"total_in_route":0,"returned":0,"by_category":[]}}
{"timestamp":"2026-02-25 07:16:46.000000","request_id":"e6d3f6cb-ce1f-4334-8686-b254d21da3e3","event":"request_start","endpoint":"/api/pois-for-route","method":"POST","ip_address":"127.0.0.1","user_id":null}
{"timestamp":"2026-02-25 07:16:46.000000","request_id":"e6d3f6cb-ce1f-4334-8686-b254d21da3e3","event":"debug","phase":"VALIDATION","message":"Polyline received","latency_ms":0,"data":{"point_count":10}}
{"timestamp":"2026-02-25 07:16:46.000000","request_id":"e6d3f6cb-ce1f-4334-8686-b254d21da3e3","event":"debug","phase":"VALIDATION","message":"Input validated","latency_ms":0,"data":{"polyline_points":10,"categories":["restaurant"],"radius_km":5}}
{"timestamp":"2026-02-25 07:16:46.000000","request_id":"e6d3f6cb-ce1f-4334-8686-b254d21da3e3","event":"debug","phase":"BBOX_QUERY","message":"Executing spatial query","latency_ms":0,"data":{"min_lat":16.461154954954953,"max_lat":17.43004504504505,"min_lng":78.42935495495496,"max_lng":80.69304504504504,"categories":["restaurant"]}}
{"timestamp":"2026-02-25 07:16:46.000000","request_id":"e6d3f6cb-ce1f-4334-8686-b254d21da3e3","event":"debug","phase":"BBOX_RESULT","message":"Bounding box query completed","latency_ms":10,"data":{"pois_in_bbox":125}}
{"timestamp":"2026-02-25 07:16:46.000000","request_id":"e6d3f6cb-ce1f-4334-8686-b254d21da3e3","event":"debug","phase":"DISTANCE_FILTER","message":"Starting distance-to-route filtering","latency_ms":10,"data":{"all_pois_count":125,"buffer_meters":5000}}
{"timestamp":"2026-02-25 07:16:46.000000","request_id":"e6d3f6cb-ce1f-4334-8686-b254d21da3e3","event":"debug","phase":"DISTANCE_FILTER","message":"Filtering complete","latency_ms":12,"data":{"filtered_pois_count":1}}
{"timestamp":"2026-02-25 07:16:46.000000","request_id":"e6d3f6cb-ce1f-4334-8686-b254d21da3e3","event":"response_success","endpoint":"/api/pois-for-route","http_code":200,"latency_ms":12,"cache_hit":false,"cache_miss":false,"data_count":1}
{"timestamp":"2026-02-25 07:16:46.000000","request_id":"e6d3f6cb-ce1f-4334-8686-b254d21da3e3","event":"debug","phase":"RESPONSE","message":"Final POI count","latency_ms":12,"data":{"total_in_route":1,"returned":1,"by_category":{"restaurant":1}}}
{"timestamp":"2026-02-25 07:16:49.000000","request_id":"41b75212-037e-43e7-80f6-b1491df1842a","event":"request_start","endpoint":"/api/pois-for-route","method":"POST","ip_address":"127.0.0.1","user_id":null}
{"timestamp":"2026-02-25 07:16:49.000000","request_id":"41b75212-037e-43e7-80f6-b1491df1842a","event":"debug","phase":"VALIDATION","message":"Polyline received","latency_ms":0,"data":{"point_count":10}}
{"timestamp":"2026-02-25 07:16:49.000000","request_id":"41b75212-037e-43e7-80f6-b1491df1842a","event":"debug","phase":"VALIDATION","message":"Input validated","latency_ms":0,"data":{"polyline_points":10,"categories":["temple","restaurant"],"radius_km":5}}
{"timestamp":"2026-02-25 07:16:49.000000","request_id":"41b75212-037e-43e7-80f6-b1491df1842a","event":"debug","phase":"BBOX_QUERY","message":"Executing spatial query","latency_ms":0,"data":{"min_lat":16.461154954954953,"max_lat":17.43004504504505,"min_lng":78.42935495495496,"max_lng":80.69304504504504,"categories":["temple","restaurant"]}}
{"timestamp":"2026-02-25 07:16:49.000000","request_id":"41b75212-037e-43e7-80f6-b1491df1842a","event":"debug","phase":"BBOX_RESULT","message":"Bounding box query completed","latency_ms":10,"data":{"pois_in_bbox":188}}
{"timestamp":"2026-02-25 07:16:49.000000","request_id":"41b75212-037e-43e7-80f6-b1491df1842a","event":"debug","phase":"DISTANCE_FILTER","message":"Starting distance-to-route filtering","latency_ms":10,"data":{"all_pois_count":188,"buffer_meters":5000}}
{"timestamp":"2026-02-25 07:16:49.000000","request_id":"41b75212-037e-43e7-80f6-b1491df1842a","event":"debug","phase":"DISTANCE_FILTER","message":"Filtering complete","latency_ms":13,"data":{"filtered_pois_count":1}}
{"timestamp":"2026-02-25 07:16:49.000000","request_id":"41b75212-037e-43e7-80f6-b1491df1842a","event":"response_success","endpoint":"/api/pois-for-route","http_code":200,"latency_ms":13,"cache_hit":false,"cache_miss":false,"data_count":1}
{"timestamp":"2026-02-25 07:16:49.000000","request_id":"41b75212-037e-43e7-80f6-b1491df1842a","event":"debug","phase":"RESPONSE","message":"Final POI count","latency_ms":13,"data":{"total_in_route":1,"returned":1,"by_category":{"restaurant":1}}}
{"timestamp":"2026-02-25 07:17:17.000000","request_id":"3c7f726b-0ffd-4594-921b-0cc2a4bc9c06","event":"request_start","endpoint":"/api/pois-for-route","method":"POST","ip_address":"127.0.0.1","user_id":null}
{"timestamp":"2026-02-25 07:17:17.000000","request_id":"3c7f726b-0ffd-4594-921b-0cc2a4bc9c06","event":"debug","phase":"VALIDATION","message":"Polyline received","latency_ms":0,"data":{"point_count":235}}
{"timestamp":"2026-02-25 07:17:17.000000","request_id":"3c7f726b-0ffd-4594-921b-0cc2a4bc9c06","event":"debug","phase":"VALIDATION","message":"Input validated","latency_ms":0,"data":{"polyline_points":235,"categories":["temple","fuel","charger","toll","restaurant","hospital"],"radius_km":3}}
{"timestamp":"2026-02-25 07:17:17.000000","request_id":"3c7f726b-0ffd-4594-921b-0cc2a4bc9c06","event":"debug","phase":"BBOX_QUERY","message":"Executing spatial query","latency_ms":0,"data":{"min_lat":16.48287297297297,"max_lat":17.387531027027027,"min_lng":78.44743597297297,"max_lng":80.64302902702703,"categories":["temple","fuel","charger","toll","restaurant","hospital"]}}
{"timestamp":"2026-02-25 07:17:17.000000","request_id":"3c7f726b-0ffd-4594-921b-0cc2a4bc9c06","event":"debug","phase":"BBOX_RESULT","message":"Bounding box query completed","latency_ms":9,"data":{"pois_in_bbox":426}}
{"timestamp":"2026-02-25 07:17:17.000000","request_id":"3c7f726b-0ffd-4594-921b-0cc2a4bc9c06","event":"debug","phase":"DISTANCE_FILTER","message":"Starting distance-to-route filtering","latency_ms":9,"data":{"all_pois_count":426,"buffer_meters":3000}}
{"timestamp":"2026-02-25 07:17:17.000000","request_id":"3c7f726b-0ffd-4594-921b-0cc2a4bc9c06","event":"debug","phase":"DISTANCE_FILTER","message":"Filtering complete","latency_ms":31,"data":{"filtered_pois_count":24}}
{"timestamp":"2026-02-25 07:17:17.000000","request_id":"3c7f726b-0ffd-4594-921b-0cc2a4bc9c06","event":"response_success","endpoint":"/api/pois-for-route","http_code":200,"latency_ms":32,"cache_hit":false,"cache_miss":false,"data_count":24}
{"timestamp":"2026-02-25 07:17:17.000000","request_id":"3c7f726b-0ffd-4594-921b-0cc2a4bc9c06","event":"debug","phase":"RESPONSE","message":"Final POI count","latency_ms":32,"data":{"total_in_route":24,"returned":24,"by_category":{"restaurant":3,"fuel":9,"hospital":9,"temple":3}}}
{"timestamp":"2026-02-25 07:18:03.000000","request_id":"b77e62f3-985a-424c-b3ee-42e86eae5752","event":"request_start","endpoint":"/api/pois-for-route","method":"POST","ip_address":"127.0.0.1","user_id":null}
{"timestamp":"2026-02-25 07:18:03.000000","request_id":"b77e62f3-985a-424c-b3ee-42e86eae5752","event":"debug","phase":"VALIDATION","message":"Polyline received","latency_ms":0,"data":{"point_count":11}}
{"timestamp":"2026-02-25 07:18:03.000000","request_id":"b77e62f3-985a-424c-b3ee-42e86eae5752","event":"debug","phase":"VALIDATION","message":"Input validated","latency_ms":1,"data":{"polyline_points":11,"categories":["temple","restaurant"],"radius_km":5}}
{"timestamp":"2026-02-25 07:18:03.000000","request_id":"b77e62f3-985a-424c-b3ee-42e86eae5752","event":"debug","phase":"BBOX_QUERY","message":"Executing spatial query","latency_ms":1,"data":{"min_lat":16.466485954954955,"max_lat":17.405634045045048,"min_lng":78.42901595495496,"max_lng":80.66109204504504,"categories":["temple","restaurant"]}}
{"timestamp":"2026-02-25 07:18:03.000000","request_id":"b77e62f3-985a-424c-b3ee-42e86eae5752","event":"debug","phase":"BBOX_RESULT","message":"Bounding box query completed","latency_ms":102,"data":{"pois_in_bbox":180}}
{"timestamp":"2026-02-25 07:18:03.000000","request_id":"b77e62f3-985a-424c-b3ee-42e86eae5752","event":"debug","phase":"DISTANCE_FILTER","message":"Starting distance-to-route filtering","latency_ms":102,"data":{"all_pois_count":180,"buffer_meters":5000}}
{"timestamp":"2026-02-25 07:18:03.000000","request_id":"b77e62f3-985a-424c-b3ee-42e86eae5752","event":"debug","phase":"DISTANCE_FILTER","message":"Filtering complete","latency_ms":105,"data":{"filtered_pois_count":7}}
{"timestamp":"2026-02-25 07:18:03.000000","request_id":"b77e62f3-985a-424c-b3ee-42e86eae5752","event":"response_success","endpoint":"/api/pois-for-route","http_code":200,"latency_ms":105,"cache_hit":false,"cache_miss":false,"data_count":7}
{"timestamp":"2026-02-25 07:18:03.000000","request_id":"b77e62f3-985a-424c-b3ee-42e86eae5752","event":"debug","phase":"RESPONSE","message":"Final POI count","latency_ms":106,"data":{"total_in_route":7,"returned":7,"by_category":{"restaurant":4,"temple":3}}}
{"timestamp":"2026-02-25 07:18:03.000000","request_id":"6dbf82c9-7306-4ef0-ba07-a5242967dca6","event":"request_start","endpoint":"/api/pois-for-route","method":"POST","ip_address":"127.0.0.1","user_id":null}
{"timestamp":"2026-02-25 07:18:03.000000","request_id":"6dbf82c9-7306-4ef0-ba07-a5242967dca6","event":"debug","phase":"VALIDATION","message":"Polyline received","latency_ms":0,"data":{"point_count":11}}
{"timestamp":"2026-02-25 07:18:03.000000","request_id":"6dbf82c9-7306-4ef0-ba07-a5242967dca6","event":"debug","phase":"VALIDATION","message":"Input validated","latency_ms":0,"data":{"polyline_points":11,"categories":["temple","restaurant"],"radius_km":5}}
{"timestamp":"2026-02-25 07:18:03.000000","request_id":"6dbf82c9-7306-4ef0-ba07-a5242967dca6","event":"debug","phase":"BBOX_QUERY","message":"Executing spatial query","latency_ms":0,"data":{"min_lat":16.466485954954955,"max_lat":17.405634045045048,"min_lng":78.42901595495496,"max_lng":80.66109204504504,"categories":["temple","restaurant"]}}
{"timestamp":"2026-02-25 07:18:03.000000","request_id":"6dbf82c9-7306-4ef0-ba07-a5242967dca6","event":"debug","phase":"BBOX_RESULT","message":"Bounding box query completed","latency_ms":9,"data":{"pois_in_bbox":180}}
{"timestamp":"2026-02-25 07:18:03.000000","request_id":"6dbf82c9-7306-4ef0-ba07-a5242967dca6","event":"debug","phase":"DISTANCE_FILTER","message":"Starting distance-to-route filtering","latency_ms":9,"data":{"all_pois_count":180,"buffer_meters":5000}}
{"timestamp":"2026-02-25 07:18:03.000000","request_id":"6dbf82c9-7306-4ef0-ba07-a5242967dca6","event":"debug","phase":"DISTANCE_FILTER","message":"Filtering complete","latency_ms":11,"data":{"filtered_pois_count":7}}
{"timestamp":"2026-02-25 07:18:03.000000","request_id":"6dbf82c9-7306-4ef0-ba07-a5242967dca6","event":"response_success","endpoint":"/api/pois-for-route","http_code":200,"latency_ms":11,"cache_hit":false,"cache_miss":false,"data_count":7}
{"timestamp":"2026-02-25 07:18:03.000000","request_id":"6dbf82c9-7306-4ef0-ba07-a5242967dca6","event":"debug","phase":"RESPONSE","message":"Final POI count","latency_ms":11,"data":{"total_in_route":7,"returned":7,"by_category":{"restaurant":4,"temple":3}}}
{"timestamp":"2026-02-25 07:19:16.000000","request_id":"8751c7a3-8e09-4abe-97bc-6199523ebc65","event":"request_start","endpoint":"/api/pois-for-route","method":"POST","ip_address":"127.0.0.1","user_id":null}
{"timestamp":"2026-02-25 07:19:16.000000","request_id":"8751c7a3-8e09-4abe-97bc-6199523ebc65","event":"debug","phase":"VALIDATION","message":"Polyline received","latency_ms":1,"data":{"point_count":10}}
{"timestamp":"2026-02-25 07:19:16.000000","request_id":"8751c7a3-8e09-4abe-97bc-6199523ebc65","event":"debug","phase":"VALIDATION","message":"Input validated","latency_ms":1,"data":{"polyline_points":10,"categories":["temple","restaurant"],"radius_km":5}}
{"timestamp":"2026-02-25 07:19:16.000000","request_id":"8751c7a3-8e09-4abe-97bc-6199523ebc65","event":"debug","phase":"BBOX_QUERY","message":"Executing spatial query","latency_ms":1,"data":{"min_lat":16.461154954954953,"max_lat":17.43004504504505,"min_lng":78.42935495495496,"max_lng":80.69304504504504,"categories":["temple","restaurant"]}}
{"timestamp":"2026-02-25 07:19:16.000000","request_id":"8751c7a3-8e09-4abe-97bc-6199523ebc65","event":"debug","phase":"BBOX_RESULT","message":"Bounding box query completed","latency_ms":177,"data":{"pois_in_bbox":188}}
{"timestamp":"2026-02-25 07:19:16.000000","request_id":"8751c7a3-8e09-4abe-97bc-6199523ebc65","event":"debug","phase":"DISTANCE_FILTER","message":"Starting distance-to-route filtering","latency_ms":178,"data":{"all_pois_count":188,"buffer_meters":5000}}
{"timestamp":"2026-02-25 07:19:16.000000","request_id":"8751c7a3-8e09-4abe-97bc-6199523ebc65","event":"debug","phase":"DISTANCE_FILTER","message":"Filtering complete","latency_ms":181,"data":{"filtered_pois_count":1}}
{"timestamp":"2026-02-25 07:19:16.000000","request_id":"8751c7a3-8e09-4abe-97bc-6199523ebc65","event":"response_success","endpoint":"/api/pois-for-route","http_code":200,"latency_ms":181,"cache_hit":false,"cache_miss":false,"data_count":1}
{"timestamp":"2026-02-25 07:19:16.000000","request_id":"8751c7a3-8e09-4abe-97bc-6199523ebc65","event":"debug","phase":"RESPONSE","message":"Final POI count","latency_ms":182,"data":{"total_in_route":1,"returned":1,"by_category":{"restaurant":1}}}
{"timestamp":"2026-02-25 07:19:16.000000","request_id":"2116a89f-bfd6-4c43-8404-cca330462d3b","event":"request_start","endpoint":"/api/pois-for-route","method":"POST","ip_address":"127.0.0.1","user_id":null}
{"timestamp":"2026-02-25 07:19:16.000000","request_id":"2116a89f-bfd6-4c43-8404-cca330462d3b","event":"debug","phase":"VALIDATION","message":"Polyline received","latency_ms":0,"data":{"point_count":10}}
{"timestamp":"2026-02-25 07:19:16.000000","request_id":"2116a89f-bfd6-4c43-8404-cca330462d3b","event":"debug","phase":"VALIDATION","message":"Input validated","latency_ms":0,"data":{"polyline_points":10,"categories":["temple","restaurant"],"radius_km":5}}
{"timestamp":"2026-02-25 07:19:16.000000","request_id":"2116a89f-bfd6-4c43-8404-cca330462d3b","event":"debug","phase":"BBOX_QUERY","message":"Executing spatial query","latency_ms":0,"data":{"min_lat":16.461154954954953,"max_lat":17.43004504504505,"min_lng":78.42935495495496,"max_lng":80.69304504504504,"categories":["temple","restaurant"]}}
{"timestamp":"2026-02-25 07:19:17.000000","request_id":"2116a89f-bfd6-4c43-8404-cca330462d3b","event":"debug","phase":"BBOX_RESULT","message":"Bounding box query completed","latency_ms":327,"data":{"pois_in_bbox":188}}
{"timestamp":"2026-02-25 07:19:17.000000","request_id":"2116a89f-bfd6-4c43-8404-cca330462d3b","event":"debug","phase":"DISTANCE_FILTER","message":"Starting distance-to-route filtering","latency_ms":328,"data":{"all_pois_count":188,"buffer_meters":5000}}
{"timestamp":"2026-02-25 07:19:17.000000","request_id":"2116a89f-bfd6-4c43-8404-cca330462d3b","event":"debug","phase":"DISTANCE_FILTER","message":"Filtering complete","latency_ms":345,"data":{"filtered_pois_count":1}}
{"timestamp":"2026-02-25 07:19:17.000000","request_id":"2116a89f-bfd6-4c43-8404-cca330462d3b","event":"response_success","endpoint":"/api/pois-for-route","http_code":200,"latency_ms":345,"cache_hit":false,"cache_miss":false,"data_count":1}
{"timestamp":"2026-02-25 07:19:17.000000","request_id":"2116a89f-bfd6-4c43-8404-cca330462d3b","event":"debug","phase":"RESPONSE","message":"Final POI count","latency_ms":346,"data":{"total_in_route":1,"returned":1,"by_category":{"restaurant":1}}}
{"timestamp":"2026-02-25 07:24:25.000000","request_id":"9f10aa8f-ddd7-4ca2-90a9-0ae1e3a55098","event":"request_start","endpoint":"/api/pois-for-route","method":"POST","ip_address":"127.0.0.1","user_id":null}
{"timestamp":"2026-02-25 07:24:25.000000","request_id":"9f10aa8f-ddd7-4ca2-90a9-0ae1e3a55098","event":"debug","phase":"VALIDATION","message":"Polyline received","latency_ms":1,"data":{"point_count":10}}
{"timestamp":"2026-02-25 07:24:25.000000","request_id":"9f10aa8f-ddd7-4ca2-90a9-0ae1e3a55098","event":"debug","phase":"VALIDATION","message":"Input validated","latency_ms":1,"data":{"polyline_points":10,"categories":["temple","restaurant"],"radius_km":5}}
{"timestamp":"2026-02-25 07:24:25.000000","request_id":"9f10aa8f-ddd7-4ca2-90a9-0ae1e3a55098","event":"debug","phase":"BBOX_QUERY","message":"Executing spatial query","latency_ms":2,"data":{"min_lat":16.461154954954953,"max_lat":17.43004504504505,"min_lng":78.42935495495496,"max_lng":80.69304504504504,"categories":["temple","restaurant"]}}
{"timestamp":"2026-02-25 07:24:25.000000","request_id":"9f10aa8f-ddd7-4ca2-90a9-0ae1e3a55098","event":"debug","phase":"BBOX_RESULT","message":"Bounding box query completed","latency_ms":282,"data":{"pois_in_bbox":188}}
{"timestamp":"2026-02-25 07:24:25.000000","request_id":"9f10aa8f-ddd7-4ca2-90a9-0ae1e3a55098","event":"debug","phase":"DISTANCE_FILTER","message":"Starting distance-to-route filtering","latency_ms":282,"data":{"all_pois_count":188,"buffer_meters":5000}}
{"timestamp":"2026-02-25 07:24:25.000000","request_id":"9f10aa8f-ddd7-4ca2-90a9-0ae1e3a55098","event":"debug","phase":"DISTANCE_FILTER","message":"Filtering complete","latency_ms":285,"data":{"filtered_pois_count":1}}
{"timestamp":"2026-02-25 07:24:25.000000","request_id":"9f10aa8f-ddd7-4ca2-90a9-0ae1e3a55098","event":"response_success","endpoint":"/api/pois-for-route","http_code":200,"latency_ms":285,"cache_hit":false,"cache_miss":false,"data_count":1}
{"timestamp":"2026-02-25 07:24:25.000000","request_id":"9f10aa8f-ddd7-4ca2-90a9-0ae1e3a55098","event":"debug","phase":"RESPONSE","message":"Final POI count","latency_ms":285,"data":{"total_in_route":1,"returned":1,"by_category":{"restaurant":1}}}
{"timestamp":"2026-02-25 07:24:25.000000","request_id":"90ed4186-b7f7-42b9-8311-3bac6ec2394d","event":"request_start","endpoint":"/api/pois-for-route","method":"POST","ip_address":"127.0.0.1","user_id":null}
{"timestamp":"2026-02-25 07:24:25.000000","request_id":"90ed4186-b7f7-42b9-8311-3bac6ec2394d","event":"debug","phase":"VALIDATION","message":"Polyline received","latency_ms":0,"data":{"point_count":10}}
{"timestamp":"2026-02-25 07:24:25.000000","request_id":"90ed4186-b7f7-42b9-8311-3bac6ec2394d","event":"debug","phase":"VALIDATION","message":"Input validated","latency_ms":0,"data":{"polyline_points":10,"categories":["temple","restaurant"],"radius_km":5}}
{"timestamp":"2026-02-25 07:24:25.000000","request_id":"90ed4186-b7f7-42b9-8311-3bac6ec2394d","event":"debug","phase":"BBOX_QUERY","message":"Executing spatial query","latency_ms":0,"data":{"min_lat":16.461154954954953,"max_lat":17.43004504504505,"min_lng":78.42935495495496,"max_lng":80.69304504504504,"categories":["temple","restaurant"]}}
{"timestamp":"2026-02-25 07:24:25.000000","request_id":"90ed4186-b7f7-42b9-8311-3bac6ec2394d","event":"debug","phase":"BBOX_RESULT","message":"Bounding box query completed","latency_ms":40,"data":{"pois_in_bbox":188}}
{"timestamp":"2026-02-25 07:24:25.000000","request_id":"90ed4186-b7f7-42b9-8311-3bac6ec2394d","event":"debug","phase":"DISTANCE_FILTER","message":"Starting distance-to-route filtering","latency_ms":40,"data":{"all_pois_count":188,"buffer_meters":5000}}
{"timestamp":"2026-02-25 07:24:25.000000","request_id":"90ed4186-b7f7-42b9-8311-3bac6ec2394d","event":"debug","phase":"DISTANCE_FILTER","message":"Filtering complete","latency_ms":41,"data":{"filtered_pois_count":1}}
{"timestamp":"2026-02-25 07:24:25.000000","request_id":"90ed4186-b7f7-42b9-8311-3bac6ec2394d","event":"response_success","endpoint":"/api/pois-for-route","http_code":200,"latency_ms":41,"cache_hit":false,"cache_miss":false,"data_count":1}
{"timestamp":"2026-02-25 07:24:25.000000","request_id":"90ed4186-b7f7-42b9-8311-3bac6ec2394d","event":"debug","phase":"RESPONSE","message":"Final POI count","latency_ms":41,"data":{"total_in_route":1,"returned":1,"by_category":{"restaurant":1}}}
{"timestamp":"2026-02-25 07:25:30.000000","request_id":"d89c6f71-9ed1-4e4c-9dde-c92b0b308667","event":"request_start","endpoint":"/api/pois-for-route","method":"POST","ip_address":"127.0.0.1","user_id":null}
{"timestamp":"2026-02-25 07:25:30.000000","request_id":"d89c6f71-9ed1-4e4c-9dde-c92b0b308667","event":"debug","phase":"VALIDATION","message":"Polyline received","latency_ms":1,"data":{"point_count":10}}
{"timestamp":"2026-02-25 07:25:30.000000","request_id":"d89c6f71-9ed1-4e4c-9dde-c92b0b308667","event":"debug","phase":"VALIDATION","message":"Input validated","latency_ms":1,"data":{"polyline_points":10,"categories":["temple","restaurant"],"radius_km":5}}
{"timestamp":"2026-02-25 07:25:30.000000","request_id":"d89c6f71-9ed1-4e4c-9dde-c92b0b308667","event":"debug","phase":"BBOX_QUERY","message":"Executing spatial query","latency_ms":1,"data":{"min_lat":16.461154954954953,"max_lat":17.43004504504505,"min_lng":78.42935495495496,"max_lng":80.69304504504504,"categories":["temple","restaurant"]}}
{"timestamp":"2026-02-25 07:25:30.000000","request_id":"d89c6f71-9ed1-4e4c-9dde-c92b0b308667","event":"debug","phase":"BBOX_RESULT","message":"Bounding box query completed","latency_ms":33,"data":{"pois_in_bbox":188}}
{"timestamp":"2026-02-25 07:25:30.000000","request_id":"d89c6f71-9ed1-4e4c-9dde-c92b0b308667","event":"debug","phase":"DISTANCE_FILTER","message":"Starting distance-to-route filtering","latency_ms":33,"data":{"all_pois_count":188,"buffer_meters":5000}}
{"timestamp":"2026-02-25 07:25:30.000000","request_id":"d89c6f71-9ed1-4e4c-9dde-c92b0b308667","event":"debug","phase":"DISTANCE_FILTER","message":"Filtering complete","latency_ms":35,"data":{"filtered_pois_count":1}}
{"timestamp":"2026-02-25 07:25:30.000000","request_id":"d89c6f71-9ed1-4e4c-9dde-c92b0b308667","event":"response_success","endpoint":"/api/pois-for-route","http_code":200,"latency_ms":36,"cache_hit":false,"cache_miss":false,"data_count":1}
{"timestamp":"2026-02-25 07:25:30.000000","request_id":"d89c6f71-9ed1-4e4c-9dde-c92b0b308667","event":"debug","phase":"RESPONSE","message":"Final POI count","latency_ms":36,"data":{"total_in_route":1,"returned":1,"by_category":{"restaurant":1}}}
{"timestamp":"2026-02-25 07:25:30.000000","request_id":"02a75f8d-a9f1-449d-8e2c-1a0f3ade206f","event":"request_start","endpoint":"/api/pois-for-route","method":"POST","ip_address":"127.0.0.1","user_id":null}
{"timestamp":"2026-02-25 07:25:30.000000","request_id":"02a75f8d-a9f1-449d-8e2c-1a0f3ade206f","event":"debug","phase":"VALIDATION","message":"Polyline received","latency_ms":0,"data":{"point_count":10}}
{"timestamp":"2026-02-25 07:25:30.000000","request_id":"02a75f8d-a9f1-449d-8e2c-1a0f3ade206f","event":"debug","phase":"VALIDATION","message":"Input validated","latency_ms":0,"data":{"polyline_points":10,"categories":["temple","restaurant"],"radius_km":5}}
{"timestamp":"2026-02-25 07:25:30.000000","request_id":"02a75f8d-a9f1-449d-8e2c-1a0f3ade206f","event":"debug","phase":"BBOX_QUERY","message":"Executing spatial query","latency_ms":0,"data":{"min_lat":16.461154954954953,"max_lat":17.43004504504505,"min_lng":78.42935495495496,"max_lng":80.69304504504504,"categories":["temple","restaurant"]}}
{"timestamp":"2026-02-25 07:25:30.000000","request_id":"02a75f8d-a9f1-449d-8e2c-1a0f3ade206f","event":"debug","phase":"BBOX_RESULT","message":"Bounding box query completed","latency_ms":12,"data":{"pois_in_bbox":188}}
{"timestamp":"2026-02-25 07:25:30.000000","request_id":"02a75f8d-a9f1-449d-8e2c-1a0f3ade206f","event":"debug","phase":"DISTANCE_FILTER","message":"Starting distance-to-route filtering","latency_ms":12,"data":{"all_pois_count":188,"buffer_meters":5000}}
{"timestamp":"2026-02-25 07:25:30.000000","request_id":"02a75f8d-a9f1-449d-8e2c-1a0f3ade206f","event":"debug","phase":"DISTANCE_FILTER","message":"Filtering complete","latency_ms":15,"data":{"filtered_pois_count":1}}
{"timestamp":"2026-02-25 07:25:30.000000","request_id":"02a75f8d-a9f1-449d-8e2c-1a0f3ade206f","event":"response_success","endpoint":"/api/pois-for-route","http_code":200,"latency_ms":15,"cache_hit":false,"cache_miss":false,"data_count":1}
{"timestamp":"2026-02-25 07:25:30.000000","request_id":"02a75f8d-a9f1-449d-8e2c-1a0f3ade206f","event":"debug","phase":"RESPONSE","message":"Final POI count","latency_ms":15,"data":{"total_in_route":1,"returned":1,"by_category":{"restaurant":1}}}
{"timestamp":"2026-02-25 07:25:53.000000","request_id":"981da2dd-17c3-4def-89e1-43cc8abeb35e","event":"request_start","endpoint":"/api/pois-for-route","method":"POST","ip_address":"127.0.0.1","user_id":null}
{"timestamp":"2026-02-25 07:25:53.000000","request_id":"981da2dd-17c3-4def-89e1-43cc8abeb35e","event":"debug","phase":"VALIDATION","message":"Polyline received","latency_ms":1,"data":{"point_count":11}}
{"timestamp":"2026-02-25 07:25:53.000000","request_id":"981da2dd-17c3-4def-89e1-43cc8abeb35e","event":"debug","phase":"VALIDATION","message":"Input validated","latency_ms":1,"data":{"polyline_points":11,"categories":["temple","restaurant"],"radius_km":5}}
{"timestamp":"2026-02-25 07:25:53.000000","request_id":"981da2dd-17c3-4def-89e1-43cc8abeb35e","event":"debug","phase":"BBOX_QUERY","message":"Executing spatial query","latency_ms":2,"data":{"min_lat":16.466485954954955,"max_lat":17.405634045045048,"min_lng":78.42901595495496,"max_lng":80.66109204504504,"categories":["temple","restaurant"]}}
{"timestamp":"2026-02-25 07:25:53.000000","request_id":"981da2dd-17c3-4def-89e1-43cc8abeb35e","event":"debug","phase":"BBOX_RESULT","message":"Bounding box query completed","latency_ms":64,"data":{"pois_in_bbox":180}}
{"timestamp":"2026-02-25 07:25:53.000000","request_id":"981da2dd-17c3-4def-89e1-43cc8abeb35e","event":"debug","phase":"DISTANCE_FILTER","message":"Starting distance-to-route filtering","latency_ms":65,"data":{"all_pois_count":180,"buffer_meters":5000}}
{"timestamp":"2026-02-25 07:25:53.000000","request_id":"981da2dd-17c3-4def-89e1-43cc8abeb35e","event":"debug","phase":"DISTANCE_FILTER","message":"Filtering complete","latency_ms":66,"data":{"filtered_pois_count":7}}
{"timestamp":"2026-02-25 07:25:53.000000","request_id":"981da2dd-17c3-4def-89e1-43cc8abeb35e","event":"response_success","endpoint":"/api/pois-for-route","http_code":200,"latency_ms":67,"cache_hit":false,"cache_miss":false,"data_count":7}
{"timestamp":"2026-02-25 07:25:53.000000","request_id":"981da2dd-17c3-4def-89e1-43cc8abeb35e","event":"debug","phase":"RESPONSE","message":"Final POI count","latency_ms":67,"data":{"total_in_route":7,"returned":7,"by_category":{"restaurant":4,"temple":3}}}
{"timestamp":"2026-02-25 07:25:53.000000","request_id":"a71c3f53-b27f-4e91-ba71-9b97a54c33ce","event":"request_start","endpoint":"/api/pois-for-route","method":"POST","ip_address":"127.0.0.1","user_id":null}
{"timestamp":"2026-02-25 07:25:53.000000","request_id":"a71c3f53-b27f-4e91-ba71-9b97a54c33ce","event":"debug","phase":"VALIDATION","message":"Polyline received","latency_ms":0,"data":{"point_count":11}}
{"timestamp":"2026-02-25 07:25:53.000000","request_id":"a71c3f53-b27f-4e91-ba71-9b97a54c33ce","event":"debug","phase":"VALIDATION","message":"Input validated","latency_ms":0,"data":{"polyline_points":11,"categories":["temple","restaurant"],"radius_km":5}}
{"timestamp":"2026-02-25 07:25:53.000000","request_id":"a71c3f53-b27f-4e91-ba71-9b97a54c33ce","event":"debug","phase":"BBOX_QUERY","message":"Executing spatial query","latency_ms":0,"data":{"min_lat":16.466485954954955,"max_lat":17.405634045045048,"min_lng":78.42901595495496,"max_lng":80.66109204504504,"categories":["temple","restaurant"]}}
{"timestamp":"2026-02-25 07:25:53.000000","request_id":"a71c3f53-b27f-4e91-ba71-9b97a54c33ce","event":"debug","phase":"BBOX_RESULT","message":"Bounding box query completed","latency_ms":8,"data":{"pois_in_bbox":180}}
{"timestamp":"2026-02-25 07:25:53.000000","request_id":"a71c3f53-b27f-4e91-ba71-9b97a54c33ce","event":"debug","phase":"DISTANCE_FILTER","message":"Starting distance-to-route filtering","latency_ms":8,"data":{"all_pois_count":180,"buffer_meters":5000}}
{"timestamp":"2026-02-25 07:25:53.000000","request_id":"a71c3f53-b27f-4e91-ba71-9b97a54c33ce","event":"debug","phase":"DISTANCE_FILTER","message":"Filtering complete","latency_ms":11,"data":{"filtered_pois_count":7}}
{"timestamp":"2026-02-25 07:25:53.000000","request_id":"a71c3f53-b27f-4e91-ba71-9b97a54c33ce","event":"response_success","endpoint":"/api/pois-for-route","http_code":200,"latency_ms":11,"cache_hit":false,"cache_miss":false,"data_count":7}
{"timestamp":"2026-02-25 07:25:53.000000","request_id":"a71c3f53-b27f-4e91-ba71-9b97a54c33ce","event":"debug","phase":"RESPONSE","message":"Final POI count","latency_ms":11,"data":{"total_in_route":7,"returned":7,"by_category":{"restaurant":4,"temple":3}}}
{"timestamp":"2026-02-25 07:26:42.000000","request_id":"a9a6d70b-be42-4690-bf22-3f39b7e2b99f","event":"request_start","endpoint":"/api/pois-for-route","method":"POST","ip_address":"127.0.0.1","user_id":null}
{"timestamp":"2026-02-25 07:26:42.000000","request_id":"a9a6d70b-be42-4690-bf22-3f39b7e2b99f","event":"debug","phase":"VALIDATION","message":"Polyline received","latency_ms":1,"data":{"point_count":231}}
{"timestamp":"2026-02-25 07:26:42.000000","request_id":"a9a6d70b-be42-4690-bf22-3f39b7e2b99f","event":"debug","phase":"VALIDATION","message":"Input validated","latency_ms":1,"data":{"polyline_points":231,"categories":["temple","fuel","charger","toll","restaurant","hospital"],"radius_km":3}}
{"timestamp":"2026-02-25 07:26:42.000000","request_id":"a9a6d70b-be42-4690-bf22-3f39b7e2b99f","event":"debug","phase":"BBOX_QUERY","message":"Executing spatial query","latency_ms":2,"data":{"min_lat":16.484260972972972,"max_lat":17.387531027027027,"min_lng":78.44743597297297,"max_lng":80.64302902702703,"categories":["temple","fuel","charger","toll","restaurant","hospital"]}}
{"timestamp":"2026-02-25 07:26:42.000000","request_id":"a9a6d70b-be42-4690-bf22-3f39b7e2b99f","event":"debug","phase":"BBOX_RESULT","message":"Bounding box query completed","latency_ms":28,"data":{"pois_in_bbox":425}}
{"timestamp":"2026-02-25 07:26:42.000000","request_id":"a9a6d70b-be42-4690-bf22-3f39b7e2b99f","event":"debug","phase":"DISTANCE_FILTER","message":"Starting distance-to-route filtering","latency_ms":28,"data":{"all_pois_count":425,"buffer_meters":3000}}
{"timestamp":"2026-02-25 07:26:42.000000","request_id":"a9a6d70b-be42-4690-bf22-3f39b7e2b99f","event":"debug","phase":"DISTANCE_FILTER","message":"Filtering complete","latency_ms":58,"data":{"filtered_pois_count":20}}
{"timestamp":"2026-02-25 07:26:42.000000","request_id":"a9a6d70b-be42-4690-bf22-3f39b7e2b99f","event":"response_success","endpoint":"/api/pois-for-route","http_code":200,"latency_ms":58,"cache_hit":false,"cache_miss":false,"data_count":20}
{"timestamp":"2026-02-25 07:26:42.000000","request_id":"a9a6d70b-be42-4690-bf22-3f39b7e2b99f","event":"debug","phase":"RESPONSE","message":"Final POI count","latency_ms":58,"data":{"total_in_route":20,"returned":20,"by_category":{"fuel":6,"restaurant":3,"hospital":8,"temple":3}}}
{"timestamp":"2026-02-25 07:31:13.000000","request_id":"cc51e990-6a9e-4d38-acf1-4c4e4951cfc2","event":"request_start","endpoint":"/api/pois-for-route","method":"POST","ip_address":"127.0.0.1","user_id":null}
{"timestamp":"2026-02-25 07:31:13.000000","request_id":"cc51e990-6a9e-4d38-acf1-4c4e4951cfc2","event":"debug","phase":"VALIDATION","message":"Polyline received","latency_ms":1,"data":{"point_count":10}}
{"timestamp":"2026-02-25 07:31:13.000000","request_id":"cc51e990-6a9e-4d38-acf1-4c4e4951cfc2","event":"debug","phase":"VALIDATION","message":"Input validated","latency_ms":1,"data":{"polyline_points":10,"categories":["temple","restaurant"],"radius_km":5}}
{"timestamp":"2026-02-25 07:31:13.000000","request_id":"cc51e990-6a9e-4d38-acf1-4c4e4951cfc2","event":"debug","phase":"BBOX_QUERY","message":"Executing spatial query","latency_ms":1,"data":{"min_lat":16.461154954954953,"max_lat":17.43004504504505,"min_lng":78.42935495495496,"max_lng":80.69304504504504,"categories":["temple","restaurant"]}}
{"timestamp":"2026-02-25 07:31:13.000000","request_id":"cc51e990-6a9e-4d38-acf1-4c4e4951cfc2","event":"debug","phase":"BBOX_RESULT","message":"Bounding box query completed","latency_ms":115,"data":{"pois_in_bbox":188}}
{"timestamp":"2026-02-25 07:31:13.000000","request_id":"cc51e990-6a9e-4d38-acf1-4c4e4951cfc2","event":"debug","phase":"DISTANCE_FILTER","message":"Starting distance-to-route filtering","latency_ms":115,"data":{"all_pois_count":188,"buffer_meters":5000}}
{"timestamp":"2026-02-25 07:31:13.000000","request_id":"cc51e990-6a9e-4d38-acf1-4c4e4951cfc2","event":"debug","phase":"DISTANCE_FILTER","message":"Filtering complete","latency_ms":117,"data":{"filtered_pois_count":1}}
{"timestamp":"2026-02-25 07:31:13.000000","request_id":"cc51e990-6a9e-4d38-acf1-4c4e4951cfc2","event":"response_success","endpoint":"/api/pois-for-route","http_code":200,"latency_ms":117,"cache_hit":false,"cache_miss":false,"data_count":1}
{"timestamp":"2026-02-25 07:31:13.000000","request_id":"cc51e990-6a9e-4d38-acf1-4c4e4951cfc2","event":"debug","phase":"RESPONSE","message":"Final POI count","latency_ms":117,"data":{"total_in_route":1,"returned":1,"by_category":{"restaurant":1}}}
{"timestamp":"2026-02-25 07:31:13.000000","request_id":"b21606f6-6717-4779-930c-e8c3371689b6","event":"request_start","endpoint":"/api/pois-for-route","method":"POST","ip_address":"127.0.0.1","user_id":null}
{"timestamp":"2026-02-25 07:31:13.000000","request_id":"b21606f6-6717-4779-930c-e8c3371689b6","event":"debug","phase":"VALIDATION","message":"Polyline received","latency_ms":0,"data":{"point_count":10}}
{"timestamp":"2026-02-25 07:31:13.000000","request_id":"b21606f6-6717-4779-930c-e8c3371689b6","event":"debug","phase":"VALIDATION","message":"Input validated","latency_ms":0,"data":{"polyline_points":10,"categories":["temple","restaurant"],"radius_km":5}}
{"timestamp":"2026-02-25 07:31:13.000000","request_id":"b21606f6-6717-4779-930c-e8c3371689b6","event":"debug","phase":"BBOX_QUERY","message":"Executing spatial query","latency_ms":0,"data":{"min_lat":16.461154954954953,"max_lat":17.43004504504505,"min_lng":78.42935495495496,"max_lng":80.69304504504504,"categories":["temple","restaurant"]}}
{"timestamp":"2026-02-25 07:31:13.000000","request_id":"b21606f6-6717-4779-930c-e8c3371689b6","event":"debug","phase":"BBOX_RESULT","message":"Bounding box query completed","latency_ms":13,"data":{"pois_in_bbox":188}}
{"timestamp":"2026-02-25 07:31:13.000000","request_id":"b21606f6-6717-4779-930c-e8c3371689b6","event":"debug","phase":"DISTANCE_FILTER","message":"Starting distance-to-route filtering","latency_ms":13,"data":{"all_pois_count":188,"buffer_meters":5000}}
{"timestamp":"2026-02-25 07:31:13.000000","request_id":"b21606f6-6717-4779-930c-e8c3371689b6","event":"debug","phase":"DISTANCE_FILTER","message":"Filtering complete","latency_ms":14,"data":{"filtered_pois_count":1}}
{"timestamp":"2026-02-25 07:31:13.000000","request_id":"b21606f6-6717-4779-930c-e8c3371689b6","event":"response_success","endpoint":"/api/pois-for-route","http_code":200,"latency_ms":15,"cache_hit":false,"cache_miss":false,"data_count":1}
{"timestamp":"2026-02-25 07:31:13.000000","request_id":"b21606f6-6717-4779-930c-e8c3371689b6","event":"debug","phase":"RESPONSE","message":"Final POI count","latency_ms":15,"data":{"total_in_route":1,"returned":1,"by_category":{"restaurant":1}}}
{"timestamp":"2026-02-25 07:31:29.000000","request_id":"72a29dcf-f9b0-4689-8811-d37e71d964c3","event":"request_start","endpoint":"/api/pois-for-route","method":"POST","ip_address":"127.0.0.1","user_id":null}
{"timestamp":"2026-02-25 07:31:29.000000","request_id":"72a29dcf-f9b0-4689-8811-d37e71d964c3","event":"debug","phase":"VALIDATION","message":"Polyline received","latency_ms":0,"data":{"point_count":231}}
{"timestamp":"2026-02-25 07:31:29.000000","request_id":"72a29dcf-f9b0-4689-8811-d37e71d964c3","event":"debug","phase":"VALIDATION","message":"Input validated","latency_ms":0,"data":{"polyline_points":231,"categories":["temple","fuel","charger","toll","restaurant","hospital"],"radius_km":3}}
{"timestamp":"2026-02-25 07:31:29.000000","request_id":"72a29dcf-f9b0-4689-8811-d37e71d964c3","event":"debug","phase":"BBOX_QUERY","message":"Executing spatial query","latency_ms":1,"data":{"min_lat":16.484260972972972,"max_lat":17.387531027027027,"min_lng":78.44743597297297,"max_lng":80.64302902702703,"categories":["temple","fuel","charger","toll","restaurant","hospital"]}}
{"timestamp":"2026-02-25 07:31:29.000000","request_id":"72a29dcf-f9b0-4689-8811-d37e71d964c3","event":"debug","phase":"BBOX_RESULT","message":"Bounding box query completed","latency_ms":28,"data":{"pois_in_bbox":425}}
{"timestamp":"2026-02-25 07:31:29.000000","request_id":"72a29dcf-f9b0-4689-8811-d37e71d964c3","event":"debug","phase":"DISTANCE_FILTER","message":"Starting distance-to-route filtering","latency_ms":28,"data":{"all_pois_count":425,"buffer_meters":3000}}
{"timestamp":"2026-02-25 07:31:29.000000","request_id":"72a29dcf-f9b0-4689-8811-d37e71d964c3","event":"debug","phase":"DISTANCE_FILTER","message":"Filtering complete","latency_ms":59,"data":{"filtered_pois_count":20}}
{"timestamp":"2026-02-25 07:31:29.000000","request_id":"72a29dcf-f9b0-4689-8811-d37e71d964c3","event":"response_success","endpoint":"/api/pois-for-route","http_code":200,"latency_ms":59,"cache_hit":false,"cache_miss":false,"data_count":20}
{"timestamp":"2026-02-25 07:31:29.000000","request_id":"72a29dcf-f9b0-4689-8811-d37e71d964c3","event":"debug","phase":"RESPONSE","message":"Final POI count","latency_ms":59,"data":{"total_in_route":20,"returned":20,"by_category":{"fuel":6,"restaurant":3,"hospital":8,"temple":3}}}
{"timestamp":"2026-02-25 07:31:33.000000","request_id":"49565177-0cc1-41f4-99d2-ffaec7387311","event":"request_start","endpoint":"/api/pois-for-route","method":"POST","ip_address":"127.0.0.1","user_id":null}
{"timestamp":"2026-02-25 07:31:33.000000","request_id":"49565177-0cc1-41f4-99d2-ffaec7387311","event":"debug","phase":"VALIDATION","message":"Polyline received","latency_ms":0,"data":{"point_count":10}}
{"timestamp":"2026-02-25 07:31:33.000000","request_id":"49565177-0cc1-41f4-99d2-ffaec7387311","event":"debug","phase":"VALIDATION","message":"Input validated","latency_ms":0,"data":{"polyline_points":10,"categories":["temple","restaurant"],"radius_km":5}}
{"timestamp":"2026-02-25 07:31:33.000000","request_id":"49565177-0cc1-41f4-99d2-ffaec7387311","event":"debug","phase":"BBOX_QUERY","message":"Executing spatial query","latency_ms":0,"data":{"min_lat":16.461154954954953,"max_lat":17.43004504504505,"min_lng":78.42935495495496,"max_lng":80.69304504504504,"categories":["temple","restaurant"]}}
{"timestamp":"2026-02-25 07:31:33.000000","request_id":"49565177-0cc1-41f4-99d2-ffaec7387311","event":"debug","phase":"BBOX_RESULT","message":"Bounding box query completed","latency_ms":19,"data":{"pois_in_bbox":188}}
{"timestamp":"2026-02-25 07:31:33.000000","request_id":"49565177-0cc1-41f4-99d2-ffaec7387311","event":"debug","phase":"DISTANCE_FILTER","message":"Starting distance-to-route filtering","latency_ms":20,"data":{"all_pois_count":188,"buffer_meters":5000}}
{"timestamp":"2026-02-25 07:31:33.000000","request_id":"49565177-0cc1-41f4-99d2-ffaec7387311","event":"debug","phase":"DISTANCE_FILTER","message":"Filtering complete","latency_ms":22,"data":{"filtered_pois_count":1}}
{"timestamp":"2026-02-25 07:31:33.000000","request_id":"49565177-0cc1-41f4-99d2-ffaec7387311","event":"response_success","endpoint":"/api/pois-for-route","http_code":200,"latency_ms":22,"cache_hit":false,"cache_miss":false,"data_count":1}
{"timestamp":"2026-02-25 07:31:33.000000","request_id":"49565177-0cc1-41f4-99d2-ffaec7387311","event":"debug","phase":"RESPONSE","message":"Final POI count","latency_ms":23,"data":{"total_in_route":1,"returned":1,"by_category":{"restaurant":1}}}
{"timestamp":"2026-02-25 07:31:33.000000","request_id":"98cbf0f0-cc18-44b2-a527-ef340c173b0a","event":"request_start","endpoint":"/api/pois-for-route","method":"POST","ip_address":"127.0.0.1","user_id":null}
{"timestamp":"2026-02-25 07:31:33.000000","request_id":"98cbf0f0-cc18-44b2-a527-ef340c173b0a","event":"debug","phase":"VALIDATION","message":"Polyline received","latency_ms":0,"data":{"point_count":10}}
{"timestamp":"2026-02-25 07:31:33.000000","request_id":"98cbf0f0-cc18-44b2-a527-ef340c173b0a","event":"debug","phase":"VALIDATION","message":"Input validated","latency_ms":0,"data":{"polyline_points":10,"categories":["temple","restaurant"],"radius_km":5}}
{"timestamp":"2026-02-25 07:31:33.000000","request_id":"98cbf0f0-cc18-44b2-a527-ef340c173b0a","event":"debug","phase":"BBOX_QUERY","message":"Executing spatial query","latency_ms":0,"data":{"min_lat":16.461154954954953,"max_lat":17.43004504504505,"min_lng":78.42935495495496,"max_lng":80.69304504504504,"categories":["temple","restaurant"]}}
{"timestamp":"2026-02-25 07:31:33.000000","request_id":"98cbf0f0-cc18-44b2-a527-ef340c173b0a","event":"debug","phase":"BBOX_RESULT","message":"Bounding box query completed","latency_ms":9,"data":{"pois_in_bbox":188}}
{"timestamp":"2026-02-25 07:31:33.000000","request_id":"98cbf0f0-cc18-44b2-a527-ef340c173b0a","event":"debug","phase":"DISTANCE_FILTER","message":"Starting distance-to-route filtering","latency_ms":9,"data":{"all_pois_count":188,"buffer_meters":5000}}
{"timestamp":"2026-02-25 07:31:33.000000","request_id":"98cbf0f0-cc18-44b2-a527-ef340c173b0a","event":"debug","phase":"DISTANCE_FILTER","message":"Filtering complete","latency_ms":12,"data":{"filtered_pois_count":1}}
{"timestamp":"2026-02-25 07:31:33.000000","request_id":"98cbf0f0-cc18-44b2-a527-ef340c173b0a","event":"response_success","endpoint":"/api/pois-for-route","http_code":200,"latency_ms":12,"cache_hit":false,"cache_miss":false,"data_count":1}
{"timestamp":"2026-02-25 07:31:33.000000","request_id":"98cbf0f0-cc18-44b2-a527-ef340c173b0a","event":"debug","phase":"RESPONSE","message":"Final POI count","latency_ms":13,"data":{"total_in_route":1,"returned":1,"by_category":{"restaurant":1}}}
{"timestamp":"2026-02-25 07:31:40.000000","request_id":"18419916-dc9d-486a-98a6-ec20f095ce43","event":"request_start","endpoint":"/api/pois-for-route","method":"POST","ip_address":"127.0.0.1","user_id":null}
{"timestamp":"2026-02-25 07:31:40.000000","request_id":"18419916-dc9d-486a-98a6-ec20f095ce43","event":"debug","phase":"VALIDATION","message":"Polyline received","latency_ms":0,"data":{"point_count":231}}
{"timestamp":"2026-02-25 07:31:40.000000","request_id":"18419916-dc9d-486a-98a6-ec20f095ce43","event":"debug","phase":"VALIDATION","message":"Input validated","latency_ms":0,"data":{"polyline_points":231,"categories":["temple","fuel","charger","toll","restaurant","hospital"],"radius_km":3}}
{"timestamp":"2026-02-25 07:31:40.000000","request_id":"18419916-dc9d-486a-98a6-ec20f095ce43","event":"debug","phase":"BBOX_QUERY","message":"Executing spatial query","latency_ms":0,"data":{"min_lat":16.484260972972972,"max_lat":17.387531027027027,"min_lng":78.44743597297297,"max_lng":80.64302902702703,"categories":["temple","fuel","charger","toll","restaurant","hospital"]}}
{"timestamp":"2026-02-25 07:31:41.000000","request_id":"18419916-dc9d-486a-98a6-ec20f095ce43","event":"debug","phase":"BBOX_RESULT","message":"Bounding box query completed","latency_ms":12,"data":{"pois_in_bbox":425}}
{"timestamp":"2026-02-25 07:31:41.000000","request_id":"18419916-dc9d-486a-98a6-ec20f095ce43","event":"debug","phase":"DISTANCE_FILTER","message":"Starting distance-to-route filtering","latency_ms":12,"data":{"all_pois_count":425,"buffer_meters":3000}}
{"timestamp":"2026-02-25 07:31:41.000000","request_id":"18419916-dc9d-486a-98a6-ec20f095ce43","event":"debug","phase":"DISTANCE_FILTER","message":"Filtering complete","latency_ms":40,"data":{"filtered_pois_count":20}}
{"timestamp":"2026-02-25 07:31:41.000000","request_id":"18419916-dc9d-486a-98a6-ec20f095ce43","event":"response_success","endpoint":"/api/pois-for-route","http_code":200,"latency_ms":40,"cache_hit":false,"cache_miss":false,"data_count":20}
{"timestamp":"2026-02-25 07:31:41.000000","request_id":"18419916-dc9d-486a-98a6-ec20f095ce43","event":"debug","phase":"RESPONSE","message":"Final POI count","latency_ms":40,"data":{"total_in_route":20,"returned":20,"by_category":{"fuel":6,"restaurant":3,"hospital":8,"temple":3}}}
{"timestamp":"2026-02-25 07:31:43.000000","request_id":"a14a2b0e-fc93-4e9b-915a-915d98f0c5a9","event":"request_start","endpoint":"/api/pois-for-route","method":"POST","ip_address":"127.0.0.1","user_id":null}
{"timestamp":"2026-02-25 07:31:43.000000","request_id":"a14a2b0e-fc93-4e9b-915a-915d98f0c5a9","event":"debug","phase":"VALIDATION","message":"Polyline received","latency_ms":0,"data":{"point_count":11}}
{"timestamp":"2026-02-25 07:31:43.000000","request_id":"a14a2b0e-fc93-4e9b-915a-915d98f0c5a9","event":"debug","phase":"VALIDATION","message":"Input validated","latency_ms":0,"data":{"polyline_points":11,"categories":["temple","restaurant"],"radius_km":5}}
{"timestamp":"2026-02-25 07:31:43.000000","request_id":"a14a2b0e-fc93-4e9b-915a-915d98f0c5a9","event":"debug","phase":"BBOX_QUERY","message":"Executing spatial query","latency_ms":0,"data":{"min_lat":16.466485954954955,"max_lat":17.405634045045048,"min_lng":78.42901595495496,"max_lng":80.66109204504504,"categories":["temple","restaurant"]}}
{"timestamp":"2026-02-25 07:31:43.000000","request_id":"a14a2b0e-fc93-4e9b-915a-915d98f0c5a9","event":"debug","phase":"BBOX_RESULT","message":"Bounding box query completed","latency_ms":7,"data":{"pois_in_bbox":180}}
{"timestamp":"2026-02-25 07:31:43.000000","request_id":"a14a2b0e-fc93-4e9b-915a-915d98f0c5a9","event":"debug","phase":"DISTANCE_FILTER","message":"Starting distance-to-route filtering","latency_ms":7,"data":{"all_pois_count":180,"buffer_meters":5000}}
{"timestamp":"2026-02-25 07:31:43.000000","request_id":"a14a2b0e-fc93-4e9b-915a-915d98f0c5a9","event":"debug","phase":"DISTANCE_FILTER","message":"Filtering complete","latency_ms":9,"data":{"filtered_pois_count":7}}
{"timestamp":"2026-02-25 07:31:43.000000","request_id":"a14a2b0e-fc93-4e9b-915a-915d98f0c5a9","event":"response_success","endpoint":"/api/pois-for-route","http_code":200,"latency_ms":10,"cache_hit":false,"cache_miss":false,"data_count":7}
{"timestamp":"2026-02-25 07:31:43.000000","request_id":"a14a2b0e-fc93-4e9b-915a-915d98f0c5a9","event":"debug","phase":"RESPONSE","message":"Final POI count","latency_ms":10,"data":{"total_in_route":7,"returned":7,"by_category":{"restaurant":4,"temple":3}}}
{"timestamp":"2026-02-25 07:31:43.000000","request_id":"f295372b-38d1-4fe8-8eec-e86871bf91ea","event":"request_start","endpoint":"/api/pois-for-route","method":"POST","ip_address":"127.0.0.1","user_id":null}
{"timestamp":"2026-02-25 07:31:43.000000","request_id":"f295372b-38d1-4fe8-8eec-e86871bf91ea","event":"debug","phase":"VALIDATION","message":"Polyline received","latency_ms":0,"data":{"point_count":11}}
{"timestamp":"2026-02-25 07:31:43.000000","request_id":"f295372b-38d1-4fe8-8eec-e86871bf91ea","event":"debug","phase":"VALIDATION","message":"Input validated","latency_ms":0,"data":{"polyline_points":11,"categories":["temple","restaurant"],"radius_km":5}}
{"timestamp":"2026-02-25 07:31:43.000000","request_id":"f295372b-38d1-4fe8-8eec-e86871bf91ea","event":"debug","phase":"BBOX_QUERY","message":"Executing spatial query","latency_ms":0,"data":{"min_lat":16.466485954954955,"max_lat":17.405634045045048,"min_lng":78.42901595495496,"max_lng":80.66109204504504,"categories":["temple","restaurant"]}}
{"timestamp":"2026-02-25 07:31:43.000000","request_id":"f295372b-38d1-4fe8-8eec-e86871bf91ea","event":"debug","phase":"BBOX_RESULT","message":"Bounding box query completed","latency_ms":8,"data":{"pois_in_bbox":180}}
{"timestamp":"2026-02-25 07:31:43.000000","request_id":"f295372b-38d1-4fe8-8eec-e86871bf91ea","event":"debug","phase":"DISTANCE_FILTER","message":"Starting distance-to-route filtering","latency_ms":8,"data":{"all_pois_count":180,"buffer_meters":5000}}
{"timestamp":"2026-02-25 07:31:43.000000","request_id":"f295372b-38d1-4fe8-8eec-e86871bf91ea","event":"debug","phase":"DISTANCE_FILTER","message":"Filtering complete","latency_ms":10,"data":{"filtered_pois_count":7}}
{"timestamp":"2026-02-25 07:31:43.000000","request_id":"f295372b-38d1-4fe8-8eec-e86871bf91ea","event":"response_success","endpoint":"/api/pois-for-route","http_code":200,"latency_ms":10,"cache_hit":false,"cache_miss":false,"data_count":7}
{"timestamp":"2026-02-25 07:31:43.000000","request_id":"f295372b-38d1-4fe8-8eec-e86871bf91ea","event":"debug","phase":"RESPONSE","message":"Final POI count","latency_ms":10,"data":{"total_in_route":7,"returned":7,"by_category":{"restaurant":4,"temple":3}}}
{"timestamp":"2026-02-25 07:31:57.000000","request_id":"c5910a2c-0332-42ff-afdf-576f5dcdd37f","event":"request_start","endpoint":"/api/pois-for-route","method":"POST","ip_address":"127.0.0.1","user_id":null}
{"timestamp":"2026-02-25 07:31:57.000000","request_id":"c5910a2c-0332-42ff-afdf-576f5dcdd37f","event":"debug","phase":"VALIDATION","message":"Polyline received","latency_ms":0,"data":{"point_count":231}}
{"timestamp":"2026-02-25 07:31:57.000000","request_id":"c5910a2c-0332-42ff-afdf-576f5dcdd37f","event":"debug","phase":"VALIDATION","message":"Input validated","latency_ms":0,"data":{"polyline_points":231,"categories":["temple","fuel","charger","toll","restaurant","hospital"],"radius_km":3}}
{"timestamp":"2026-02-25 07:31:57.000000","request_id":"c5910a2c-0332-42ff-afdf-576f5dcdd37f","event":"debug","phase":"BBOX_QUERY","message":"Executing spatial query","latency_ms":1,"data":{"min_lat":16.484260972972972,"max_lat":17.387531027027027,"min_lng":78.44743597297297,"max_lng":80.64302902702703,"categories":["temple","fuel","charger","toll","restaurant","hospital"]}}
{"timestamp":"2026-02-25 07:31:57.000000","request_id":"c5910a2c-0332-42ff-afdf-576f5dcdd37f","event":"debug","phase":"BBOX_RESULT","message":"Bounding box query completed","latency_ms":48,"data":{"pois_in_bbox":425}}
{"timestamp":"2026-02-25 07:31:57.000000","request_id":"c5910a2c-0332-42ff-afdf-576f5dcdd37f","event":"debug","phase":"DISTANCE_FILTER","message":"Starting distance-to-route filtering","latency_ms":49,"data":{"all_pois_count":425,"buffer_meters":3000}}
{"timestamp":"2026-02-25 07:31:57.000000","request_id":"c5910a2c-0332-42ff-afdf-576f5dcdd37f","event":"debug","phase":"DISTANCE_FILTER","message":"Filtering complete","latency_ms":78,"data":{"filtered_pois_count":20}}
{"timestamp":"2026-02-25 07:31:57.000000","request_id":"c5910a2c-0332-42ff-afdf-576f5dcdd37f","event":"response_success","endpoint":"/api/pois-for-route","http_code":200,"latency_ms":78,"cache_hit":false,"cache_miss":false,"data_count":20}
{"timestamp":"2026-02-25 07:31:57.000000","request_id":"c5910a2c-0332-42ff-afdf-576f5dcdd37f","event":"debug","phase":"RESPONSE","message":"Final POI count","latency_ms":78,"data":{"total_in_route":20,"returned":20,"by_category":{"fuel":6,"restaurant":3,"hospital":8,"temple":3}}}
{"timestamp":"2026-02-25 07:32:09.000000","request_id":"6d62ccc8-b735-41ef-9bb7-4273488600bd","event":"request_start","endpoint":"/api/pois-for-route","method":"POST","ip_address":"127.0.0.1","user_id":null}
{"timestamp":"2026-02-25 07:32:09.000000","request_id":"6d62ccc8-b735-41ef-9bb7-4273488600bd","event":"debug","phase":"VALIDATION","message":"Polyline received","latency_ms":0,"data":{"point_count":231}}
{"timestamp":"2026-02-25 07:32:09.000000","request_id":"6d62ccc8-b735-41ef-9bb7-4273488600bd","event":"debug","phase":"VALIDATION","message":"Input validated","latency_ms":0,"data":{"polyline_points":231,"categories":["temple","fuel","charger","toll","restaurant","hospital"],"radius_km":3}}
{"timestamp":"2026-02-25 07:32:09.000000","request_id":"6d62ccc8-b735-41ef-9bb7-4273488600bd","event":"debug","phase":"BBOX_QUERY","message":"Executing spatial query","latency_ms":1,"data":{"min_lat":16.484260972972972,"max_lat":17.387531027027027,"min_lng":78.44743597297297,"max_lng":80.64302902702703,"categories":["temple","fuel","charger","toll","restaurant","hospital"]}}
{"timestamp":"2026-02-25 07:32:09.000000","request_id":"6d62ccc8-b735-41ef-9bb7-4273488600bd","event":"debug","phase":"BBOX_RESULT","message":"Bounding box query completed","latency_ms":10,"data":{"pois_in_bbox":425}}
{"timestamp":"2026-02-25 07:32:09.000000","request_id":"6d62ccc8-b735-41ef-9bb7-4273488600bd","event":"debug","phase":"DISTANCE_FILTER","message":"Starting distance-to-route filtering","latency_ms":10,"data":{"all_pois_count":425,"buffer_meters":3000}}
{"timestamp":"2026-02-25 07:32:09.000000","request_id":"6d62ccc8-b735-41ef-9bb7-4273488600bd","event":"debug","phase":"DISTANCE_FILTER","message":"Filtering complete","latency_ms":33,"data":{"filtered_pois_count":20}}
{"timestamp":"2026-02-25 07:32:09.000000","request_id":"6d62ccc8-b735-41ef-9bb7-4273488600bd","event":"response_success","endpoint":"/api/pois-for-route","http_code":200,"latency_ms":33,"cache_hit":false,"cache_miss":false,"data_count":20}
{"timestamp":"2026-02-25 07:32:09.000000","request_id":"6d62ccc8-b735-41ef-9bb7-4273488600bd","event":"debug","phase":"RESPONSE","message":"Final POI count","latency_ms":33,"data":{"total_in_route":20,"returned":20,"by_category":{"fuel":6,"restaurant":3,"hospital":8,"temple":3}}}
{"timestamp":"2026-02-25 07:32:24.000000","request_id":"bc136740-df4f-427d-9b08-ab58f67b6a47","event":"request_start","endpoint":"/api/pois-for-route","method":"POST","ip_address":"127.0.0.1","user_id":null}
{"timestamp":"2026-02-25 07:32:24.000000","request_id":"bc136740-df4f-427d-9b08-ab58f67b6a47","event":"debug","phase":"VALIDATION","message":"Polyline received","latency_ms":0,"data":{"point_count":231}}
{"timestamp":"2026-02-25 07:32:24.000000","request_id":"bc136740-df4f-427d-9b08-ab58f67b6a47","event":"debug","phase":"VALIDATION","message":"Input validated","latency_ms":0,"data":{"polyline_points":231,"categories":["temple","fuel","charger","toll","restaurant","hospital"],"radius_km":3}}
{"timestamp":"2026-02-25 07:32:24.000000","request_id":"bc136740-df4f-427d-9b08-ab58f67b6a47","event":"debug","phase":"BBOX_QUERY","message":"Executing spatial query","latency_ms":0,"data":{"min_lat":16.484260972972972,"max_lat":17.387531027027027,"min_lng":78.44743597297297,"max_lng":80.64302902702703,"categories":["temple","fuel","charger","toll","restaurant","hospital"]}}
{"timestamp":"2026-02-25 07:32:24.000000","request_id":"bc136740-df4f-427d-9b08-ab58f67b6a47","event":"debug","phase":"BBOX_RESULT","message":"Bounding box query completed","latency_ms":35,"data":{"pois_in_bbox":425}}
{"timestamp":"2026-02-25 07:32:24.000000","request_id":"bc136740-df4f-427d-9b08-ab58f67b6a47","event":"debug","phase":"DISTANCE_FILTER","message":"Starting distance-to-route filtering","latency_ms":35,"data":{"all_pois_count":425,"buffer_meters":3000}}
{"timestamp":"2026-02-25 07:32:24.000000","request_id":"bc136740-df4f-427d-9b08-ab58f67b6a47","event":"debug","phase":"DISTANCE_FILTER","message":"Filtering complete","latency_ms":62,"data":{"filtered_pois_count":20}}
{"timestamp":"2026-02-25 07:32:24.000000","request_id":"bc136740-df4f-427d-9b08-ab58f67b6a47","event":"response_success","endpoint":"/api/pois-for-route","http_code":200,"latency_ms":63,"cache_hit":false,"cache_miss":false,"data_count":20}
{"timestamp":"2026-02-25 07:32:24.000000","request_id":"bc136740-df4f-427d-9b08-ab58f67b6a47","event":"debug","phase":"RESPONSE","message":"Final POI count","latency_ms":63,"data":{"total_in_route":20,"returned":20,"by_category":{"fuel":6,"restaurant":3,"hospital":8,"temple":3}}}
{"timestamp":"2026-02-25 07:32:28.000000","request_id":"73b7326b-f549-4097-aaf9-012f923784e3","event":"request_start","endpoint":"/api/pois-for-route","method":"POST","ip_address":"127.0.0.1","user_id":null}
{"timestamp":"2026-02-25 07:32:28.000000","request_id":"73b7326b-f549-4097-aaf9-012f923784e3","event":"debug","phase":"VALIDATION","message":"Polyline received","latency_ms":0,"data":{"point_count":962}}
{"timestamp":"2026-02-25 07:32:28.000000","request_id":"73b7326b-f549-4097-aaf9-012f923784e3","event":"debug","phase":"VALIDATION","message":"Input validated","latency_ms":0,"data":{"polyline_points":962,"categories":["temple","restaurant"],"radius_km":5}}
{"timestamp":"2026-02-25 07:32:28.000000","request_id":"73b7326b-f549-4097-aaf9-012f923784e3","event":"debug","phase":"BBOX_QUERY","message":"Executing spatial query","latency_ms":1,"data":{"min_lat":16.448639954954952,"max_lat":17.405549045045046,"min_lng":78.38685695495495,"max_lng":80.84208204504505,"categories":["temple","restaurant"]}}
{"timestamp":"2026-02-25 07:32:28.000000","request_id":"73b7326b-f549-4097-aaf9-012f923784e3","event":"debug","phase":"BBOX_RESULT","message":"Bounding box query completed","latency_ms":8,"data":{"pois_in_bbox":197}}
{"timestamp":"2026-02-25 07:32:28.000000","request_id":"73b7326b-f549-4097-aaf9-012f923784e3","event":"debug","phase":"DISTANCE_FILTER","message":"Starting distance-to-route filtering","latency_ms":8,"data":{"all_pois_count":197,"buffer_meters":5000}}
{"timestamp":"2026-02-25 07:32:28.000000","request_id":"73b7326b-f549-4097-aaf9-012f923784e3","event":"debug","phase":"DISTANCE_FILTER","message":"Filtering complete","latency_ms":39,"data":{"filtered_pois_count":9}}
{"timestamp":"2026-02-25 07:32:28.000000","request_id":"73b7326b-f549-4097-aaf9-012f923784e3","event":"response_success","endpoint":"/api/pois-for-route","http_code":200,"latency_ms":39,"cache_hit":false,"cache_miss":false,"data_count":9}
{"timestamp":"2026-02-25 07:32:28.000000","request_id":"73b7326b-f549-4097-aaf9-012f923784e3","event":"debug","phase":"RESPONSE","message":"Final POI count","latency_ms":39,"data":{"total_in_route":9,"returned":9,"by_category":{"restaurant":7,"temple":2}}}
{"timestamp":"2026-02-25 07:32:28.000000","request_id":"bf06df1e-b818-4033-8ded-cb11c57d8cf5","event":"request_start","endpoint":"/api/pois-for-route","method":"POST","ip_address":"127.0.0.1","user_id":null}
{"timestamp":"2026-02-25 07:32:28.000000","request_id":"bf06df1e-b818-4033-8ded-cb11c57d8cf5","event":"debug","phase":"VALIDATION","message":"Polyline received","latency_ms":0,"data":{"point_count":962}}
{"timestamp":"2026-02-25 07:32:28.000000","request_id":"bf06df1e-b818-4033-8ded-cb11c57d8cf5","event":"debug","phase":"VALIDATION","message":"Input validated","latency_ms":0,"data":{"polyline_points":962,"categories":["temple","restaurant"],"radius_km":5}}
{"timestamp":"2026-02-25 07:32:28.000000","request_id":"bf06df1e-b818-4033-8ded-cb11c57d8cf5","event":"debug","phase":"BBOX_QUERY","message":"Executing spatial query","latency_ms":1,"data":{"min_lat":16.448639954954952,"max_lat":17.405549045045046,"min_lng":78.38685695495495,"max_lng":80.84208204504505,"categories":["temple","restaurant"]}}
{"timestamp":"2026-02-25 07:32:28.000000","request_id":"bf06df1e-b818-4033-8ded-cb11c57d8cf5","event":"debug","phase":"BBOX_RESULT","message":"Bounding box query completed","latency_ms":8,"data":{"pois_in_bbox":197}}
{"timestamp":"2026-02-25 07:32:28.000000","request_id":"bf06df1e-b818-4033-8ded-cb11c57d8cf5","event":"debug","phase":"DISTANCE_FILTER","message":"Starting distance-to-route filtering","latency_ms":8,"data":{"all_pois_count":197,"buffer_meters":5000}}
{"timestamp":"2026-02-25 07:32:28.000000","request_id":"bf06df1e-b818-4033-8ded-cb11c57d8cf5","event":"debug","phase":"DISTANCE_FILTER","message":"Filtering complete","latency_ms":26,"data":{"filtered_pois_count":9}}
{"timestamp":"2026-02-25 07:32:28.000000","request_id":"bf06df1e-b818-4033-8ded-cb11c57d8cf5","event":"response_success","endpoint":"/api/pois-for-route","http_code":200,"latency_ms":26,"cache_hit":false,"cache_miss":false,"data_count":9}
{"timestamp":"2026-02-25 07:32:28.000000","request_id":"bf06df1e-b818-4033-8ded-cb11c57d8cf5","event":"debug","phase":"RESPONSE","message":"Final POI count","latency_ms":26,"data":{"total_in_route":9,"returned":9,"by_category":{"restaurant":7,"temple":2}}}
{"timestamp":"2026-02-25 07:32:52.000000","request_id":"5b8cdafa-01c7-49c9-bcb5-4367fc3e617b","event":"request_start","endpoint":"/api/pois-for-route","method":"POST","ip_address":"127.0.0.1","user_id":null}
{"timestamp":"2026-02-25 07:32:52.000000","request_id":"5b8cdafa-01c7-49c9-bcb5-4367fc3e617b","event":"debug","phase":"VALIDATION","message":"Polyline received","latency_ms":0,"data":{"point_count":231}}
{"timestamp":"2026-02-25 07:32:52.000000","request_id":"5b8cdafa-01c7-49c9-bcb5-4367fc3e617b","event":"debug","phase":"VALIDATION","message":"Input validated","latency_ms":0,"data":{"polyline_points":231,"categories":["temple","fuel","charger","toll","restaurant","hospital"],"radius_km":3}}
{"timestamp":"2026-02-25 07:32:52.000000","request_id":"5b8cdafa-01c7-49c9-bcb5-4367fc3e617b","event":"debug","phase":"BBOX_QUERY","message":"Executing spatial query","latency_ms":0,"data":{"min_lat":16.484260972972972,"max_lat":17.387531027027027,"min_lng":78.44743597297297,"max_lng":80.64302902702703,"categories":["temple","fuel","charger","toll","restaurant","hospital"]}}
{"timestamp":"2026-02-25 07:32:52.000000","request_id":"5b8cdafa-01c7-49c9-bcb5-4367fc3e617b","event":"debug","phase":"BBOX_RESULT","message":"Bounding box query completed","latency_ms":34,"data":{"pois_in_bbox":425}}
{"timestamp":"2026-02-25 07:32:52.000000","request_id":"5b8cdafa-01c7-49c9-bcb5-4367fc3e617b","event":"debug","phase":"DISTANCE_FILTER","message":"Starting distance-to-route filtering","latency_ms":34,"data":{"all_pois_count":425,"buffer_meters":3000}}
{"timestamp":"2026-02-25 07:32:52.000000","request_id":"5b8cdafa-01c7-49c9-bcb5-4367fc3e617b","event":"debug","phase":"DISTANCE_FILTER","message":"Filtering complete","latency_ms":57,"data":{"filtered_pois_count":20}}
{"timestamp":"2026-02-25 07:32:52.000000","request_id":"5b8cdafa-01c7-49c9-bcb5-4367fc3e617b","event":"response_success","endpoint":"/api/pois-for-route","http_code":200,"latency_ms":57,"cache_hit":false,"cache_miss":false,"data_count":20}
{"timestamp":"2026-02-25 07:32:52.000000","request_id":"5b8cdafa-01c7-49c9-bcb5-4367fc3e617b","event":"debug","phase":"RESPONSE","message":"Final POI count","latency_ms":57,"data":{"total_in_route":20,"returned":20,"by_category":{"fuel":6,"restaurant":3,"hospital":8,"temple":3}}}
{"timestamp":"2026-02-25 07:38:31.000000","request_id":"a9749ce4-5e7d-4466-8c21-4b0041b92ca5","event":"request_start","endpoint":"/api/pois-for-route","method":"POST","ip_address":"127.0.0.1","user_id":null}
{"timestamp":"2026-02-25 07:38:31.000000","request_id":"a9749ce4-5e7d-4466-8c21-4b0041b92ca5","event":"debug","phase":"VALIDATION","message":"Polyline received","latency_ms":2,"data":{"point_count":11}}
{"timestamp":"2026-02-25 07:38:31.000000","request_id":"a9749ce4-5e7d-4466-8c21-4b0041b92ca5","event":"debug","phase":"VALIDATION","message":"Input validated","latency_ms":2,"data":{"polyline_points":11,"categories":["temple","restaurant"],"radius_km":5}}
{"timestamp":"2026-02-25 07:38:31.000000","request_id":"a9749ce4-5e7d-4466-8c21-4b0041b92ca5","event":"debug","phase":"BBOX_QUERY","message":"Executing spatial query","latency_ms":3,"data":{"min_lat":16.466485954954955,"max_lat":17.405634045045048,"min_lng":78.42901595495496,"max_lng":80.66109204504504,"categories":["temple","restaurant"]}}
{"timestamp":"2026-02-25 07:38:31.000000","request_id":"a9749ce4-5e7d-4466-8c21-4b0041b92ca5","event":"debug","phase":"BBOX_RESULT","message":"Bounding box query completed","latency_ms":35,"data":{"pois_in_bbox":180}}
{"timestamp":"2026-02-25 07:38:31.000000","request_id":"a9749ce4-5e7d-4466-8c21-4b0041b92ca5","event":"debug","phase":"DISTANCE_FILTER","message":"Starting distance-to-route filtering","latency_ms":36,"data":{"all_pois_count":180,"buffer_meters":5000}}
{"timestamp":"2026-02-25 07:38:31.000000","request_id":"a9749ce4-5e7d-4466-8c21-4b0041b92ca5","event":"debug","phase":"DISTANCE_FILTER","message":"Filtering complete","latency_ms":37,"data":{"filtered_pois_count":7}}
{"timestamp":"2026-02-25 07:38:31.000000","request_id":"a9749ce4-5e7d-4466-8c21-4b0041b92ca5","event":"response_success","endpoint":"/api/pois-for-route","http_code":200,"latency_ms":38,"cache_hit":false,"cache_miss":false,"data_count":7}
{"timestamp":"2026-02-25 07:38:31.000000","request_id":"a9749ce4-5e7d-4466-8c21-4b0041b92ca5","event":"debug","phase":"RESPONSE","message":"Final POI count","latency_ms":38,"data":{"total_in_route":7,"returned":7,"by_category":{"restaurant":4,"temple":3}}}
{"timestamp":"2026-02-25 07:38:31.000000","request_id":"e08d86df-2642-47bb-b140-512caae0b9fc","event":"request_start","endpoint":"/api/pois-for-route","method":"POST","ip_address":"127.0.0.1","user_id":null}
{"timestamp":"2026-02-25 07:38:31.000000","request_id":"e08d86df-2642-47bb-b140-512caae0b9fc","event":"debug","phase":"VALIDATION","message":"Polyline received","latency_ms":0,"data":{"point_count":11}}
{"timestamp":"2026-02-25 07:38:31.000000","request_id":"e08d86df-2642-47bb-b140-512caae0b9fc","event":"debug","phase":"VALIDATION","message":"Input validated","latency_ms":0,"data":{"polyline_points":11,"categories":["temple","restaurant"],"radius_km":5}}
{"timestamp":"2026-02-25 07:38:31.000000","request_id":"e08d86df-2642-47bb-b140-512caae0b9fc","event":"debug","phase":"BBOX_QUERY","message":"Executing spatial query","latency_ms":0,"data":{"min_lat":16.466485954954955,"max_lat":17.405634045045048,"min_lng":78.42901595495496,"max_lng":80.66109204504504,"categories":["temple","restaurant"]}}
{"timestamp":"2026-02-25 07:38:31.000000","request_id":"e08d86df-2642-47bb-b140-512caae0b9fc","event":"debug","phase":"BBOX_RESULT","message":"Bounding box query completed","latency_ms":8,"data":{"pois_in_bbox":180}}
{"timestamp":"2026-02-25 07:38:31.000000","request_id":"e08d86df-2642-47bb-b140-512caae0b9fc","event":"debug","phase":"DISTANCE_FILTER","message":"Starting distance-to-route filtering","latency_ms":8,"data":{"all_pois_count":180,"buffer_meters":5000}}
{"timestamp":"2026-02-25 07:38:31.000000","request_id":"e08d86df-2642-47bb-b140-512caae0b9fc","event":"debug","phase":"DISTANCE_FILTER","message":"Filtering complete","latency_ms":10,"data":{"filtered_pois_count":7}}
{"timestamp":"2026-02-25 07:38:31.000000","request_id":"e08d86df-2642-47bb-b140-512caae0b9fc","event":"response_success","endpoint":"/api/pois-for-route","http_code":200,"latency_ms":10,"cache_hit":false,"cache_miss":false,"data_count":7}
{"timestamp":"2026-02-25 07:38:31.000000","request_id":"e08d86df-2642-47bb-b140-512caae0b9fc","event":"debug","phase":"RESPONSE","message":"Final POI count","latency_ms":10,"data":{"total_in_route":7,"returned":7,"by_category":{"restaurant":4,"temple":3}}}
{"timestamp":"2026-02-25 07:38:42.000000","request_id":"a59335ee-283e-4d75-9cd2-7078f3b4f19b","event":"request_start","endpoint":"/api/pois-for-route","method":"POST","ip_address":"127.0.0.1","user_id":null}
{"timestamp":"2026-02-25 07:38:42.000000","request_id":"a59335ee-283e-4d75-9cd2-7078f3b4f19b","event":"debug","phase":"VALIDATION","message":"Polyline received","latency_ms":0,"data":{"point_count":10}}
{"timestamp":"2026-02-25 07:38:42.000000","request_id":"a59335ee-283e-4d75-9cd2-7078f3b4f19b","event":"debug","phase":"VALIDATION","message":"Input validated","latency_ms":0,"data":{"polyline_points":10,"categories":["temple","restaurant"],"radius_km":5}}
{"timestamp":"2026-02-25 07:38:42.000000","request_id":"a59335ee-283e-4d75-9cd2-7078f3b4f19b","event":"debug","phase":"BBOX_QUERY","message":"Executing spatial query","latency_ms":0,"data":{"min_lat":16.461154954954953,"max_lat":17.43004504504505,"min_lng":78.42935495495496,"max_lng":80.69304504504504,"categories":["temple","restaurant"]}}
{"timestamp":"2026-02-25 07:38:42.000000","request_id":"a59335ee-283e-4d75-9cd2-7078f3b4f19b","event":"debug","phase":"BBOX_RESULT","message":"Bounding box query completed","latency_ms":33,"data":{"pois_in_bbox":188}}
{"timestamp":"2026-02-25 07:38:42.000000","request_id":"a59335ee-283e-4d75-9cd2-7078f3b4f19b","event":"debug","phase":"DISTANCE_FILTER","message":"Starting distance-to-route filtering","latency_ms":33,"data":{"all_pois_count":188,"buffer_meters":5000}}
{"timestamp":"2026-02-25 07:38:42.000000","request_id":"a59335ee-283e-4d75-9cd2-7078f3b4f19b","event":"debug","phase":"DISTANCE_FILTER","message":"Filtering complete","latency_ms":35,"data":{"filtered_pois_count":1}}
{"timestamp":"2026-02-25 07:38:42.000000","request_id":"a59335ee-283e-4d75-9cd2-7078f3b4f19b","event":"response_success","endpoint":"/api/pois-for-route","http_code":200,"latency_ms":35,"cache_hit":false,"cache_miss":false,"data_count":1}
{"timestamp":"2026-02-25 07:38:42.000000","request_id":"a59335ee-283e-4d75-9cd2-7078f3b4f19b","event":"debug","phase":"RESPONSE","message":"Final POI count","latency_ms":35,"data":{"total_in_route":1,"returned":1,"by_category":{"restaurant":1}}}
{"timestamp":"2026-02-25 07:38:42.000000","request_id":"8fa3e440-1f15-44e5-8661-8f1fb7e445c0","event":"request_start","endpoint":"/api/pois-for-route","method":"POST","ip_address":"127.0.0.1","user_id":null}
{"timestamp":"2026-02-25 07:38:42.000000","request_id":"8fa3e440-1f15-44e5-8661-8f1fb7e445c0","event":"debug","phase":"VALIDATION","message":"Polyline received","latency_ms":0,"data":{"point_count":10}}
{"timestamp":"2026-02-25 07:38:42.000000","request_id":"8fa3e440-1f15-44e5-8661-8f1fb7e445c0","event":"debug","phase":"VALIDATION","message":"Input validated","latency_ms":0,"data":{"polyline_points":10,"categories":["temple","restaurant"],"radius_km":5}}
{"timestamp":"2026-02-25 07:38:42.000000","request_id":"8fa3e440-1f15-44e5-8661-8f1fb7e445c0","event":"debug","phase":"BBOX_QUERY","message":"Executing spatial query","latency_ms":0,"data":{"min_lat":16.461154954954953,"max_lat":17.43004504504505,"min_lng":78.42935495495496,"max_lng":80.69304504504504,"categories":["temple","restaurant"]}}
{"timestamp":"2026-02-25 07:38:42.000000","request_id":"8fa3e440-1f15-44e5-8661-8f1fb7e445c0","event":"debug","phase":"BBOX_RESULT","message":"Bounding box query completed","latency_ms":26,"data":{"pois_in_bbox":188}}
{"timestamp":"2026-02-25 07:38:42.000000","request_id":"8fa3e440-1f15-44e5-8661-8f1fb7e445c0","event":"debug","phase":"DISTANCE_FILTER","message":"Starting distance-to-route filtering","latency_ms":26,"data":{"all_pois_count":188,"buffer_meters":5000}}
{"timestamp":"2026-02-25 07:38:42.000000","request_id":"8fa3e440-1f15-44e5-8661-8f1fb7e445c0","event":"debug","phase":"DISTANCE_FILTER","message":"Filtering complete","latency_ms":28,"data":{"filtered_pois_count":1}}
{"timestamp":"2026-02-25 07:38:42.000000","request_id":"8fa3e440-1f15-44e5-8661-8f1fb7e445c0","event":"response_success","endpoint":"/api/pois-for-route","http_code":200,"latency_ms":28,"cache_hit":false,"cache_miss":false,"data_count":1}
{"timestamp":"2026-02-25 07:38:42.000000","request_id":"8fa3e440-1f15-44e5-8661-8f1fb7e445c0","event":"debug","phase":"RESPONSE","message":"Final POI count","latency_ms":28,"data":{"total_in_route":1,"returned":1,"by_category":{"restaurant":1}}}
{"timestamp":"2026-02-25 07:39:16.000000","request_id":"66037e03-6404-49a2-871d-541102d8f337","event":"request_start","endpoint":"/api/pois-for-route","method":"POST","ip_address":"127.0.0.1","user_id":null}
{"timestamp":"2026-02-25 07:39:16.000000","request_id":"66037e03-6404-49a2-871d-541102d8f337","event":"debug","phase":"VALIDATION","message":"Polyline received","latency_ms":0,"data":{"point_count":231}}
{"timestamp":"2026-02-25 07:39:16.000000","request_id":"66037e03-6404-49a2-871d-541102d8f337","event":"debug","phase":"VALIDATION","message":"Input validated","latency_ms":0,"data":{"polyline_points":231,"categories":["temple","fuel","charger","toll","restaurant","hospital"],"radius_km":3}}
{"timestamp":"2026-02-25 07:39:16.000000","request_id":"66037e03-6404-49a2-871d-541102d8f337","event":"debug","phase":"BBOX_QUERY","message":"Executing spatial query","latency_ms":0,"data":{"min_lat":16.484260972972972,"max_lat":17.387531027027027,"min_lng":78.44743597297297,"max_lng":80.64302902702703,"categories":["temple","fuel","charger","toll","restaurant","hospital"]}}
{"timestamp":"2026-02-25 07:39:16.000000","request_id":"66037e03-6404-49a2-871d-541102d8f337","event":"debug","phase":"BBOX_RESULT","message":"Bounding box query completed","latency_ms":11,"data":{"pois_in_bbox":425}}
{"timestamp":"2026-02-25 07:39:16.000000","request_id":"66037e03-6404-49a2-871d-541102d8f337","event":"debug","phase":"DISTANCE_FILTER","message":"Starting distance-to-route filtering","latency_ms":11,"data":{"all_pois_count":425,"buffer_meters":3000}}
{"timestamp":"2026-02-25 07:39:16.000000","request_id":"66037e03-6404-49a2-871d-541102d8f337","event":"debug","phase":"DISTANCE_FILTER","message":"Filtering complete","latency_ms":34,"data":{"filtered_pois_count":20}}
{"timestamp":"2026-02-25 07:39:16.000000","request_id":"66037e03-6404-49a2-871d-541102d8f337","event":"response_success","endpoint":"/api/pois-for-route","http_code":200,"latency_ms":35,"cache_hit":false,"cache_miss":false,"data_count":20}
{"timestamp":"2026-02-25 07:39:16.000000","request_id":"66037e03-6404-49a2-871d-541102d8f337","event":"debug","phase":"RESPONSE","message":"Final POI count","latency_ms":35,"data":{"total_in_route":20,"returned":20,"by_category":{"fuel":6,"restaurant":3,"hospital":8,"temple":3}}}
{"timestamp":"2026-02-25 07:43:52.000000","request_id":"0630b99a-a71e-49c0-8ca0-8dbd998893fe","event":"request_start","endpoint":"/api/pois-for-route","method":"POST","ip_address":"127.0.0.1","user_id":null}
{"timestamp":"2026-02-25 07:43:52.000000","request_id":"0630b99a-a71e-49c0-8ca0-8dbd998893fe","event":"debug","phase":"VALIDATION","message":"Polyline received","latency_ms":1,"data":{"point_count":10}}
{"timestamp":"2026-02-25 07:43:52.000000","request_id":"0630b99a-a71e-49c0-8ca0-8dbd998893fe","event":"debug","phase":"VALIDATION","message":"Input validated","latency_ms":1,"data":{"polyline_points":10,"categories":["temple","restaurant"],"radius_km":5}}
{"timestamp":"2026-02-25 07:43:52.000000","request_id":"0630b99a-a71e-49c0-8ca0-8dbd998893fe","event":"debug","phase":"BBOX_QUERY","message":"Executing spatial query","latency_ms":2,"data":{"min_lat":16.461154954954953,"max_lat":17.43004504504505,"min_lng":78.42935495495496,"max_lng":80.69304504504504,"categories":["temple","restaurant"]}}
{"timestamp":"2026-02-25 07:43:52.000000","request_id":"0630b99a-a71e-49c0-8ca0-8dbd998893fe","event":"debug","phase":"BBOX_RESULT","message":"Bounding box query completed","latency_ms":166,"data":{"pois_in_bbox":188}}
{"timestamp":"2026-02-25 07:43:52.000000","request_id":"0630b99a-a71e-49c0-8ca0-8dbd998893fe","event":"debug","phase":"DISTANCE_FILTER","message":"Starting distance-to-route filtering","latency_ms":166,"data":{"all_pois_count":188,"buffer_meters":5000}}
{"timestamp":"2026-02-25 07:43:52.000000","request_id":"0630b99a-a71e-49c0-8ca0-8dbd998893fe","event":"debug","phase":"DISTANCE_FILTER","message":"Filtering complete","latency_ms":168,"data":{"filtered_pois_count":1}}
{"timestamp":"2026-02-25 07:43:52.000000","request_id":"0630b99a-a71e-49c0-8ca0-8dbd998893fe","event":"response_success","endpoint":"/api/pois-for-route","http_code":200,"latency_ms":168,"cache_hit":false,"cache_miss":false,"data_count":1}
{"timestamp":"2026-02-25 07:43:52.000000","request_id":"0630b99a-a71e-49c0-8ca0-8dbd998893fe","event":"debug","phase":"RESPONSE","message":"Final POI count","latency_ms":168,"data":{"total_in_route":1,"returned":1,"by_category":{"restaurant":1}}}
{"timestamp":"2026-02-25 07:44:04.000000","request_id":"5cfa976d-10f9-4c70-9ff3-996c19825b6c","event":"request_start","endpoint":"/api/pois-for-route","method":"POST","ip_address":"127.0.0.1","user_id":null}
{"timestamp":"2026-02-25 07:44:04.000000","request_id":"5cfa976d-10f9-4c70-9ff3-996c19825b6c","event":"debug","phase":"VALIDATION","message":"Polyline received","latency_ms":0,"data":{"point_count":231}}
{"timestamp":"2026-02-25 07:44:04.000000","request_id":"5cfa976d-10f9-4c70-9ff3-996c19825b6c","event":"debug","phase":"VALIDATION","message":"Input validated","latency_ms":0,"data":{"polyline_points":231,"categories":["temple","fuel","charger","toll","restaurant","hospital"],"radius_km":3}}
{"timestamp":"2026-02-25 07:44:04.000000","request_id":"5cfa976d-10f9-4c70-9ff3-996c19825b6c","event":"debug","phase":"BBOX_QUERY","message":"Executing spatial query","latency_ms":1,"data":{"min_lat":16.484260972972972,"max_lat":17.387531027027027,"min_lng":78.44743597297297,"max_lng":80.64302902702703,"categories":["temple","fuel","charger","toll","restaurant","hospital"]}}
{"timestamp":"2026-02-25 07:44:04.000000","request_id":"5cfa976d-10f9-4c70-9ff3-996c19825b6c","event":"debug","phase":"BBOX_RESULT","message":"Bounding box query completed","latency_ms":189,"data":{"pois_in_bbox":425}}
{"timestamp":"2026-02-25 07:44:04.000000","request_id":"5cfa976d-10f9-4c70-9ff3-996c19825b6c","event":"debug","phase":"DISTANCE_FILTER","message":"Starting distance-to-route filtering","latency_ms":189,"data":{"all_pois_count":425,"buffer_meters":3000}}
{"timestamp":"2026-02-25 07:44:04.000000","request_id":"5cfa976d-10f9-4c70-9ff3-996c19825b6c","event":"debug","phase":"DISTANCE_FILTER","message":"Filtering complete","latency_ms":234,"data":{"filtered_pois_count":20}}
{"timestamp":"2026-02-25 07:44:04.000000","request_id":"5cfa976d-10f9-4c70-9ff3-996c19825b6c","event":"response_success","endpoint":"/api/pois-for-route","http_code":200,"latency_ms":234,"cache_hit":false,"cache_miss":false,"data_count":20}
{"timestamp":"2026-02-25 07:44:04.000000","request_id":"5cfa976d-10f9-4c70-9ff3-996c19825b6c","event":"debug","phase":"RESPONSE","message":"Final POI count","latency_ms":234,"data":{"total_in_route":20,"returned":20,"by_category":{"fuel":6,"restaurant":3,"hospital":8,"temple":3}}}
{"timestamp":"2026-02-25 07:44:08.000000","request_id":"a0bd5188-f853-4adf-983f-bacb3b60c7b7","event":"request_start","endpoint":"/api/pois-for-route","method":"POST","ip_address":"127.0.0.1","user_id":null}
{"timestamp":"2026-02-25 07:44:08.000000","request_id":"a0bd5188-f853-4adf-983f-bacb3b60c7b7","event":"debug","phase":"VALIDATION","message":"Polyline received","latency_ms":0,"data":{"point_count":11}}
{"timestamp":"2026-02-25 07:44:08.000000","request_id":"a0bd5188-f853-4adf-983f-bacb3b60c7b7","event":"debug","phase":"VALIDATION","message":"Input validated","latency_ms":1,"data":{"polyline_points":11,"categories":["temple","restaurant"],"radius_km":5}}
{"timestamp":"2026-02-25 07:44:08.000000","request_id":"a0bd5188-f853-4adf-983f-bacb3b60c7b7","event":"debug","phase":"BBOX_QUERY","message":"Executing spatial query","latency_ms":1,"data":{"min_lat":16.466485954954955,"max_lat":17.405634045045048,"min_lng":78.42901595495496,"max_lng":80.66109204504504,"categories":["temple","restaurant"]}}
{"timestamp":"2026-02-25 07:44:08.000000","request_id":"a0bd5188-f853-4adf-983f-bacb3b60c7b7","event":"debug","phase":"BBOX_RESULT","message":"Bounding box query completed","latency_ms":227,"data":{"pois_in_bbox":180}}
{"timestamp":"2026-02-25 07:44:08.000000","request_id":"a0bd5188-f853-4adf-983f-bacb3b60c7b7","event":"debug","phase":"DISTANCE_FILTER","message":"Starting distance-to-route filtering","latency_ms":227,"data":{"all_pois_count":180,"buffer_meters":5000}}
{"timestamp":"2026-02-25 07:44:08.000000","request_id":"a0bd5188-f853-4adf-983f-bacb3b60c7b7","event":"debug","phase":"DISTANCE_FILTER","message":"Filtering complete","latency_ms":229,"data":{"filtered_pois_count":7}}
{"timestamp":"2026-02-25 07:44:08.000000","request_id":"a0bd5188-f853-4adf-983f-bacb3b60c7b7","event":"response_success","endpoint":"/api/pois-for-route","http_code":200,"latency_ms":229,"cache_hit":false,"cache_miss":false,"data_count":7}
{"timestamp":"2026-02-25 07:44:08.000000","request_id":"a0bd5188-f853-4adf-983f-bacb3b60c7b7","event":"debug","phase":"RESPONSE","message":"Final POI count","latency_ms":229,"data":{"total_in_route":7,"returned":7,"by_category":{"restaurant":4,"temple":3}}}
{"timestamp":"2026-02-25 07:44:08.000000","request_id":"893fc365-a788-424e-af89-ddcb06b50bba","event":"request_start","endpoint":"/api/pois-for-route","method":"POST","ip_address":"127.0.0.1","user_id":null}
{"timestamp":"2026-02-25 07:44:08.000000","request_id":"893fc365-a788-424e-af89-ddcb06b50bba","event":"debug","phase":"VALIDATION","message":"Polyline received","latency_ms":0,"data":{"point_count":11}}
{"timestamp":"2026-02-25 07:44:08.000000","request_id":"893fc365-a788-424e-af89-ddcb06b50bba","event":"debug","phase":"VALIDATION","message":"Input validated","latency_ms":1,"data":{"polyline_points":11,"categories":["temple","restaurant"],"radius_km":5}}
{"timestamp":"2026-02-25 07:44:08.000000","request_id":"893fc365-a788-424e-af89-ddcb06b50bba","event":"debug","phase":"BBOX_QUERY","message":"Executing spatial query","latency_ms":1,"data":{"min_lat":16.466485954954955,"max_lat":17.405634045045048,"min_lng":78.42901595495496,"max_lng":80.66109204504504,"categories":["temple","restaurant"]}}
{"timestamp":"2026-02-25 07:44:08.000000","request_id":"893fc365-a788-424e-af89-ddcb06b50bba","event":"debug","phase":"BBOX_RESULT","message":"Bounding box query completed","latency_ms":22,"data":{"pois_in_bbox":180}}
{"timestamp":"2026-02-25 07:44:08.000000","request_id":"893fc365-a788-424e-af89-ddcb06b50bba","event":"debug","phase":"DISTANCE_FILTER","message":"Starting distance-to-route filtering","latency_ms":22,"data":{"all_pois_count":180,"buffer_meters":5000}}
{"timestamp":"2026-02-25 07:44:08.000000","request_id":"893fc365-a788-424e-af89-ddcb06b50bba","event":"debug","phase":"DISTANCE_FILTER","message":"Filtering complete","latency_ms":25,"data":{"filtered_pois_count":7}}
{"timestamp":"2026-02-25 07:44:08.000000","request_id":"893fc365-a788-424e-af89-ddcb06b50bba","event":"response_success","endpoint":"/api/pois-for-route","http_code":200,"latency_ms":25,"cache_hit":false,"cache_miss":false,"data_count":7}
{"timestamp":"2026-02-25 07:44:08.000000","request_id":"893fc365-a788-424e-af89-ddcb06b50bba","event":"debug","phase":"RESPONSE","message":"Final POI count","latency_ms":26,"data":{"total_in_route":7,"returned":7,"by_category":{"restaurant":4,"temple":3}}}
{"timestamp":"2026-02-25 07:44:16.000000","request_id":"8f2a15bf-37d5-48ce-b980-8a14f09d6bbf","event":"request_start","endpoint":"/api/pois-for-route","method":"POST","ip_address":"127.0.0.1","user_id":null}
{"timestamp":"2026-02-25 07:44:16.000000","request_id":"8f2a15bf-37d5-48ce-b980-8a14f09d6bbf","event":"debug","phase":"VALIDATION","message":"Polyline received","latency_ms":0,"data":{"point_count":231}}
{"timestamp":"2026-02-25 07:44:16.000000","request_id":"8f2a15bf-37d5-48ce-b980-8a14f09d6bbf","event":"debug","phase":"VALIDATION","message":"Input validated","latency_ms":0,"data":{"polyline_points":231,"categories":["temple","fuel","charger","toll","restaurant","hospital"],"radius_km":3}}
{"timestamp":"2026-02-25 07:44:16.000000","request_id":"8f2a15bf-37d5-48ce-b980-8a14f09d6bbf","event":"debug","phase":"BBOX_QUERY","message":"Executing spatial query","latency_ms":0,"data":{"min_lat":16.484260972972972,"max_lat":17.387531027027027,"min_lng":78.44743597297297,"max_lng":80.64302902702703,"categories":["temple","fuel","charger","toll","restaurant","hospital"]}}
{"timestamp":"2026-02-25 07:44:16.000000","request_id":"8f2a15bf-37d5-48ce-b980-8a14f09d6bbf","event":"debug","phase":"BBOX_RESULT","message":"Bounding box query completed","latency_ms":17,"data":{"pois_in_bbox":425}}
{"timestamp":"2026-02-25 07:44:16.000000","request_id":"8f2a15bf-37d5-48ce-b980-8a14f09d6bbf","event":"debug","phase":"DISTANCE_FILTER","message":"Starting distance-to-route filtering","latency_ms":17,"data":{"all_pois_count":425,"buffer_meters":3000}}
{"timestamp":"2026-02-25 07:44:16.000000","request_id":"8f2a15bf-37d5-48ce-b980-8a14f09d6bbf","event":"debug","phase":"DISTANCE_FILTER","message":"Filtering complete","latency_ms":39,"data":{"filtered_pois_count":20}}
{"timestamp":"2026-02-25 07:44:16.000000","request_id":"8f2a15bf-37d5-48ce-b980-8a14f09d6bbf","event":"response_success","endpoint":"/api/pois-for-route","http_code":200,"latency_ms":39,"cache_hit":false,"cache_miss":false,"data_count":20}
{"timestamp":"2026-02-25 07:44:16.000000","request_id":"8f2a15bf-37d5-48ce-b980-8a14f09d6bbf","event":"debug","phase":"RESPONSE","message":"Final POI count","latency_ms":39,"data":{"total_in_route":20,"returned":20,"by_category":{"fuel":6,"restaurant":3,"hospital":8,"temple":3}}}
{"timestamp":"2026-02-25 07:44:18.000000","request_id":"46a53ed6-23ee-4795-89df-224766fbc997","event":"request_start","endpoint":"/api/pois-for-route","method":"POST","ip_address":"127.0.0.1","user_id":null}
{"timestamp":"2026-02-25 07:44:18.000000","request_id":"46a53ed6-23ee-4795-89df-224766fbc997","event":"debug","phase":"VALIDATION","message":"Polyline received","latency_ms":0,"data":{"point_count":10}}
{"timestamp":"2026-02-25 07:44:18.000000","request_id":"46a53ed6-23ee-4795-89df-224766fbc997","event":"debug","phase":"VALIDATION","message":"Input validated","latency_ms":0,"data":{"polyline_points":10,"categories":["temple","restaurant"],"radius_km":5}}
{"timestamp":"2026-02-25 07:44:18.000000","request_id":"46a53ed6-23ee-4795-89df-224766fbc997","event":"debug","phase":"BBOX_QUERY","message":"Executing spatial query","latency_ms":0,"data":{"min_lat":16.461154954954953,"max_lat":17.43004504504505,"min_lng":78.42935495495496,"max_lng":80.69304504504504,"categories":["temple","restaurant"]}}
{"timestamp":"2026-02-25 07:44:18.000000","request_id":"46a53ed6-23ee-4795-89df-224766fbc997","event":"debug","phase":"BBOX_RESULT","message":"Bounding box query completed","latency_ms":9,"data":{"pois_in_bbox":188}}
{"timestamp":"2026-02-25 07:44:18.000000","request_id":"46a53ed6-23ee-4795-89df-224766fbc997","event":"debug","phase":"DISTANCE_FILTER","message":"Starting distance-to-route filtering","latency_ms":10,"data":{"all_pois_count":188,"buffer_meters":5000}}
{"timestamp":"2026-02-25 07:44:18.000000","request_id":"46a53ed6-23ee-4795-89df-224766fbc997","event":"debug","phase":"DISTANCE_FILTER","message":"Filtering complete","latency_ms":12,"data":{"filtered_pois_count":1}}
{"timestamp":"2026-02-25 07:44:18.000000","request_id":"46a53ed6-23ee-4795-89df-224766fbc997","event":"response_success","endpoint":"/api/pois-for-route","http_code":200,"latency_ms":12,"cache_hit":false,"cache_miss":false,"data_count":1}
{"timestamp":"2026-02-25 07:44:18.000000","request_id":"46a53ed6-23ee-4795-89df-224766fbc997","event":"debug","phase":"RESPONSE","message":"Final POI count","latency_ms":12,"data":{"total_in_route":1,"returned":1,"by_category":{"restaurant":1}}}
{"timestamp":"2026-02-25 07:44:18.000000","request_id":"2c5fe457-b6ed-4a53-b795-4cc60fda32bc","event":"request_start","endpoint":"/api/pois-for-route","method":"POST","ip_address":"127.0.0.1","user_id":null}
{"timestamp":"2026-02-25 07:44:18.000000","request_id":"2c5fe457-b6ed-4a53-b795-4cc60fda32bc","event":"debug","phase":"VALIDATION","message":"Polyline received","latency_ms":0,"data":{"point_count":10}}
{"timestamp":"2026-02-25 07:44:18.000000","request_id":"2c5fe457-b6ed-4a53-b795-4cc60fda32bc","event":"debug","phase":"VALIDATION","message":"Input validated","latency_ms":0,"data":{"polyline_points":10,"categories":["temple","restaurant"],"radius_km":5}}
{"timestamp":"2026-02-25 07:44:18.000000","request_id":"2c5fe457-b6ed-4a53-b795-4cc60fda32bc","event":"debug","phase":"BBOX_QUERY","message":"Executing spatial query","latency_ms":0,"data":{"min_lat":16.461154954954953,"max_lat":17.43004504504505,"min_lng":78.42935495495496,"max_lng":80.69304504504504,"categories":["temple","restaurant"]}}
{"timestamp":"2026-02-25 07:44:18.000000","request_id":"2c5fe457-b6ed-4a53-b795-4cc60fda32bc","event":"debug","phase":"BBOX_RESULT","message":"Bounding box query completed","latency_ms":10,"data":{"pois_in_bbox":188}}
{"timestamp":"2026-02-25 07:44:18.000000","request_id":"2c5fe457-b6ed-4a53-b795-4cc60fda32bc","event":"debug","phase":"DISTANCE_FILTER","message":"Starting distance-to-route filtering","latency_ms":10,"data":{"all_pois_count":188,"buffer_meters":5000}}
{"timestamp":"2026-02-25 07:44:18.000000","request_id":"2c5fe457-b6ed-4a53-b795-4cc60fda32bc","event":"debug","phase":"DISTANCE_FILTER","message":"Filtering complete","latency_ms":12,"data":{"filtered_pois_count":1}}
{"timestamp":"2026-02-25 07:44:18.000000","request_id":"2c5fe457-b6ed-4a53-b795-4cc60fda32bc","event":"response_success","endpoint":"/api/pois-for-route","http_code":200,"latency_ms":12,"cache_hit":false,"cache_miss":false,"data_count":1}
{"timestamp":"2026-02-25 07:44:18.000000","request_id":"2c5fe457-b6ed-4a53-b795-4cc60fda32bc","event":"debug","phase":"RESPONSE","message":"Final POI count","latency_ms":12,"data":{"total_in_route":1,"returned":1,"by_category":{"restaurant":1}}}
{"timestamp":"2026-02-25 07:44:26.000000","request_id":"df4f4387-2919-4dfa-8f58-44dc6491005b","event":"request_start","endpoint":"/api/pois-for-route","method":"POST","ip_address":"127.0.0.1","user_id":null}
{"timestamp":"2026-02-25 07:44:26.000000","request_id":"df4f4387-2919-4dfa-8f58-44dc6491005b","event":"debug","phase":"VALIDATION","message":"Polyline received","latency_ms":0,"data":{"point_count":231}}
{"timestamp":"2026-02-25 07:44:26.000000","request_id":"df4f4387-2919-4dfa-8f58-44dc6491005b","event":"debug","phase":"VALIDATION","message":"Input validated","latency_ms":0,"data":{"polyline_points":231,"categories":["temple","fuel","charger","toll","restaurant","hospital"],"radius_km":3}}
{"timestamp":"2026-02-25 07:44:26.000000","request_id":"df4f4387-2919-4dfa-8f58-44dc6491005b","event":"debug","phase":"BBOX_QUERY","message":"Executing spatial query","latency_ms":0,"data":{"min_lat":16.484260972972972,"max_lat":17.387531027027027,"min_lng":78.44743597297297,"max_lng":80.64302902702703,"categories":["temple","fuel","charger","toll","restaurant","hospital"]}}
{"timestamp":"2026-02-25 07:44:26.000000","request_id":"df4f4387-2919-4dfa-8f58-44dc6491005b","event":"debug","phase":"BBOX_RESULT","message":"Bounding box query completed","latency_ms":14,"data":{"pois_in_bbox":425}}
{"timestamp":"2026-02-25 07:44:26.000000","request_id":"df4f4387-2919-4dfa-8f58-44dc6491005b","event":"debug","phase":"DISTANCE_FILTER","message":"Starting distance-to-route filtering","latency_ms":14,"data":{"all_pois_count":425,"buffer_meters":3000}}
{"timestamp":"2026-02-25 07:44:26.000000","request_id":"df4f4387-2919-4dfa-8f58-44dc6491005b","event":"debug","phase":"DISTANCE_FILTER","message":"Filtering complete","latency_ms":39,"data":{"filtered_pois_count":20}}
{"timestamp":"2026-02-25 07:44:26.000000","request_id":"df4f4387-2919-4dfa-8f58-44dc6491005b","event":"response_success","endpoint":"/api/pois-for-route","http_code":200,"latency_ms":40,"cache_hit":false,"cache_miss":false,"data_count":20}
{"timestamp":"2026-02-25 07:44:26.000000","request_id":"df4f4387-2919-4dfa-8f58-44dc6491005b","event":"debug","phase":"RESPONSE","message":"Final POI count","latency_ms":40,"data":{"total_in_route":20,"returned":20,"by_category":{"fuel":6,"restaurant":3,"hospital":8,"temple":3}}}
{"timestamp":"2026-02-25 10:18:20.000000","request_id":"1a7ad477-c357-4523-8495-c85049f590ec","event":"request_start","endpoint":"/api/trips","method":"GET","ip_address":"127.0.0.1","user_id":null}
{"timestamp":"2026-02-25 10:18:20.000000","request_id":"1a7ad477-c357-4523-8495-c85049f590ec","event":"response_success","endpoint":"/api/trips","http_code":200,"latency_ms":62,"cache_hit":false,"cache_miss":false,"data_count":26}
{"timestamp":"2026-02-25 10:18:20.000000","request_id":"1705d3d7-e5d4-4ba0-899d-c98e9a4aa34b","event":"request_start","endpoint":"/api/trips","method":"GET","ip_address":"127.0.0.1","user_id":null}
{"timestamp":"2026-02-25 10:18:21.000000","request_id":"1705d3d7-e5d4-4ba0-899d-c98e9a4aa34b","event":"response_success","endpoint":"/api/trips","http_code":200,"latency_ms":50,"cache_hit":false,"cache_miss":false,"data_count":26}
{"timestamp":"2026-02-25 10:18:35.000000","request_id":"b3543430-2410-4a98-accc-b92ba5dd528d","event":"request_start","endpoint":"/api/trips","method":"GET","ip_address":"127.0.0.1","user_id":null}
{"timestamp":"2026-02-25 10:18:35.000000","request_id":"b3543430-2410-4a98-accc-b92ba5dd528d","event":"response_success","endpoint":"/api/trips","http_code":200,"latency_ms":40,"cache_hit":false,"cache_miss":false,"data_count":26}
{"timestamp":"2026-02-25 10:18:35.000000","request_id":"637524a4-f4e6-4464-8f0b-bf6c303e297a","event":"request_start","endpoint":"/api/trips","method":"GET","ip_address":"127.0.0.1","user_id":null}
{"timestamp":"2026-02-25 10:18:35.000000","request_id":"637524a4-f4e6-4464-8f0b-bf6c303e297a","event":"response_success","endpoint":"/api/trips","http_code":200,"latency_ms":5,"cache_hit":false,"cache_miss":false,"data_count":26}
{"timestamp":"2026-02-25 10:25:16.000000","request_id":"e83d67c4-39ef-4ee6-bba6-e601b0c752d5","event":"request_start","endpoint":"/api/pois-for-route","method":"POST","ip_address":"127.0.0.1","user_id":null}
{"timestamp":"2026-02-25 10:25:16.000000","request_id":"e83d67c4-39ef-4ee6-bba6-e601b0c752d5","event":"debug","phase":"VALIDATION","message":"Polyline received","latency_ms":2,"data":{"point_count":231}}
{"timestamp":"2026-02-25 10:25:16.000000","request_id":"e83d67c4-39ef-4ee6-bba6-e601b0c752d5","event":"debug","phase":"VALIDATION","message":"Input validated","latency_ms":2,"data":{"polyline_points":231,"categories":["temple","fuel","charger","toll","restaurant","hospital"],"radius_km":3}}
{"timestamp":"2026-02-25 10:25:16.000000","request_id":"e83d67c4-39ef-4ee6-bba6-e601b0c752d5","event":"debug","phase":"BBOX_QUERY","message":"Executing spatial query","latency_ms":3,"data":{"min_lat":16.484260972972972,"max_lat":17.387531027027027,"min_lng":78.44743597297297,"max_lng":80.64302902702703,"categories":["temple","fuel","charger","toll","restaurant","hospital"]}}
{"timestamp":"2026-02-25 10:25:16.000000","request_id":"e83d67c4-39ef-4ee6-bba6-e601b0c752d5","event":"debug","phase":"BBOX_RESULT","message":"Bounding box query completed","latency_ms":143,"data":{"pois_in_bbox":425}}
{"timestamp":"2026-02-25 10:25:16.000000","request_id":"e83d67c4-39ef-4ee6-bba6-e601b0c752d5","event":"debug","phase":"DISTANCE_FILTER","message":"Starting distance-to-route filtering","latency_ms":143,"data":{"all_pois_count":425,"buffer_meters":3000}}
{"timestamp":"2026-02-25 10:25:16.000000","request_id":"e83d67c4-39ef-4ee6-bba6-e601b0c752d5","event":"debug","phase":"DISTANCE_FILTER","message":"Filtering complete","latency_ms":173,"data":{"filtered_pois_count":20}}
{"timestamp":"2026-02-25 10:25:16.000000","request_id":"e83d67c4-39ef-4ee6-bba6-e601b0c752d5","event":"response_success","endpoint":"/api/pois-for-route","http_code":200,"latency_ms":174,"cache_hit":false,"cache_miss":false,"data_count":20}
{"timestamp":"2026-02-25 10:25:16.000000","request_id":"e83d67c4-39ef-4ee6-bba6-e601b0c752d5","event":"debug","phase":"RESPONSE","message":"Final POI count","latency_ms":174,"data":{"total_in_route":20,"returned":20,"by_category":{"fuel":6,"restaurant":3,"hospital":8,"temple":3}}}
{"timestamp":"2026-02-25 10:25:31.000000","request_id":"751070e6-2f96-4038-8e23-7f8eb7a8a18f","event":"request_start","endpoint":"/api/trips","method":"GET","ip_address":"127.0.0.1","user_id":null}
{"timestamp":"2026-02-25 10:25:31.000000","request_id":"751070e6-2f96-4038-8e23-7f8eb7a8a18f","event":"response_success","endpoint":"/api/trips","http_code":200,"latency_ms":7,"cache_hit":false,"cache_miss":false,"data_count":26}
{"timestamp":"2026-02-25 10:25:31.000000","request_id":"e3f80a78-dc92-4aa4-9e13-77bcbf67db24","event":"request_start","endpoint":"/api/trips","method":"GET","ip_address":"127.0.0.1","user_id":null}
{"timestamp":"2026-02-25 10:25:31.000000","request_id":"e3f80a78-dc92-4aa4-9e13-77bcbf67db24","event":"response_success","endpoint":"/api/trips","http_code":200,"latency_ms":2,"cache_hit":false,"cache_miss":false,"data_count":26}
{"timestamp":"2026-02-25 10:25:40.000000","request_id":"032433a0-72b2-48db-8243-5fed8f36f6a4","event":"request_start","endpoint":"/api/trips","method":"GET","ip_address":"127.0.0.1","user_id":null}
{"timestamp":"2026-02-25 10:25:40.000000","request_id":"032433a0-72b2-48db-8243-5fed8f36f6a4","event":"response_success","endpoint":"/api/trips","http_code":200,"latency_ms":44,"cache_hit":false,"cache_miss":false,"data_count":26}
{"timestamp":"2026-02-25 10:25:40.000000","request_id":"de46b350-be21-4e89-9370-7117686df3b8","event":"request_start","endpoint":"/api/trips","method":"GET","ip_address":"127.0.0.1","user_id":null}
{"timestamp":"2026-02-25 10:25:40.000000","request_id":"de46b350-be21-4e89-9370-7117686df3b8","event":"response_success","endpoint":"/api/trips","http_code":200,"latency_ms":59,"cache_hit":false,"cache_miss":false,"data_count":26}
