{"timestamp":"2026-02-14 00:06:33.000000","request_id":"d1af0298-3fe2-4e2f-a82e-0721b84fb5d9","event":"request_start","endpoint":"/api/trips","method":"GET","ip_address":"127.0.0.1","user_id":null}
{"timestamp":"2026-02-14 00:06:33.000000","request_id":"d1af0298-3fe2-4e2f-a82e-0721b84fb5d9","event":"response_success","endpoint":"/api/trips","http_code":200,"latency_ms":45,"cache_hit":false,"cache_miss":false,"data_count":20}
{"timestamp":"2026-02-14 00:06:33.000000","request_id":"744aa714-5adb-43db-b6e2-7d6dfc344631","event":"request_start","endpoint":"/api/trips","method":"GET","ip_address":"127.0.0.1","user_id":null}
{"timestamp":"2026-02-14 00:06:33.000000","request_id":"744aa714-5adb-43db-b6e2-7d6dfc344631","event":"response_success","endpoint":"/api/trips","http_code":200,"latency_ms":2,"cache_hit":false,"cache_miss":false,"data_count":20}
{"timestamp":"2026-02-14 00:06:36.000000","request_id":"7e12244e-4cc0-417d-9c6f-fe3aeefe3334","event":"request_start","endpoint":"/api/trips","method":"GET","ip_address":"127.0.0.1","user_id":null}
{"timestamp":"2026-02-14 00:06:36.000000","request_id":"7e12244e-4cc0-417d-9c6f-fe3aeefe3334","event":"response_success","endpoint":"/api/trips","http_code":200,"latency_ms":3,"cache_hit":false,"cache_miss":false,"data_count":null}
{"timestamp":"2026-02-14 00:06:36.000000","request_id":"123bd7ae-c35b-449e-83f1-b317df052943","event":"request_start","endpoint":"/api/trips","method":"GET","ip_address":"127.0.0.1","user_id":null}
{"timestamp":"2026-02-14 00:06:36.000000","request_id":"123bd7ae-c35b-449e-83f1-b317df052943","event":"response_success","endpoint":"/api/trips","http_code":200,"latency_ms":1,"cache_hit":false,"cache_miss":false,"data_count":null}
{"timestamp":"2026-02-14 00:10:40.000000","request_id":"d3f86e99-f7f2-4ba0-8b56-4743045f4ce2","event":"request_start","endpoint":"/api/trips","method":"GET","ip_address":"127.0.0.1","user_id":null}
{"timestamp":"2026-02-14 00:10:40.000000","request_id":"d3f86e99-f7f2-4ba0-8b56-4743045f4ce2","event":"response_success","endpoint":"/api/trips","http_code":200,"latency_ms":414,"cache_hit":false,"cache_miss":false,"data_count":20}
{"timestamp":"2026-02-14 00:10:40.000000","request_id":"f1f1303c-ae4c-4967-9d4d-f6c30cfb1760","event":"request_start","endpoint":"/api/trips","method":"GET","ip_address":"127.0.0.1","user_id":null}
{"timestamp":"2026-02-14 00:10:40.000000","request_id":"f1f1303c-ae4c-4967-9d4d-f6c30cfb1760","event":"response_success","endpoint":"/api/trips","http_code":200,"latency_ms":3,"cache_hit":false,"cache_miss":false,"data_count":20}
{"timestamp":"2026-02-14 00:10:42.000000","request_id":"aa4e71df-4e5a-4f60-82b0-f1ea37f7b353","event":"request_start","endpoint":"/api/trips","method":"GET","ip_address":"127.0.0.1","user_id":null}
{"timestamp":"2026-02-14 00:10:42.000000","request_id":"aa4e71df-4e5a-4f60-82b0-f1ea37f7b353","event":"response_success","endpoint":"/api/trips","http_code":200,"latency_ms":1,"cache_hit":false,"cache_miss":false,"data_count":null}
{"timestamp":"2026-02-14 00:10:42.000000","request_id":"d99b859e-100c-4f48-a1bb-6d879e016d30","event":"request_start","endpoint":"/api/trips","method":"GET","ip_address":"127.0.0.1","user_id":null}
{"timestamp":"2026-02-14 00:10:42.000000","request_id":"d99b859e-100c-4f48-a1bb-6d879e016d30","event":"response_success","endpoint":"/api/trips","http_code":200,"latency_ms":1,"cache_hit":false,"cache_miss":false,"data_count":null}
{"timestamp":"2026-02-14 00:10:45.000000","request_id":"c9bebd4d-c902-48d7-b150-6ea71e676058","event":"request_start","endpoint":"/api/trips","method":"GET","ip_address":"127.0.0.1","user_id":null}
{"timestamp":"2026-02-14 00:10:45.000000","request_id":"c9bebd4d-c902-48d7-b150-6ea71e676058","event":"response_success","endpoint":"/api/trips","http_code":200,"latency_ms":1,"cache_hit":false,"cache_miss":false,"data_count":20}
{"timestamp":"2026-02-14 00:10:45.000000","request_id":"661ba3e7-e705-4426-9654-fb2fe2f0f40c","event":"request_start","endpoint":"/api/trips","method":"GET","ip_address":"127.0.0.1","user_id":null}
{"timestamp":"2026-02-14 00:10:45.000000","request_id":"661ba3e7-e705-4426-9654-fb2fe2f0f40c","event":"response_success","endpoint":"/api/trips","http_code":200,"latency_ms":32,"cache_hit":false,"cache_miss":false,"data_count":20}
{"timestamp":"2026-02-14 00:11:14.000000","request_id":"70473071-190c-494d-9077-8b7a8d88ce17","event":"request_start","endpoint":"/api/pois-for-route","method":"POST","ip_address":"127.0.0.1","user_id":null}
{"timestamp":"2026-02-14 00:11:14.000000","request_id":"70473071-190c-494d-9077-8b7a8d88ce17","event":"debug","phase":"VALIDATION","message":"Polyline received","latency_ms":1,"data":{"point_count":671}}
{"timestamp":"2026-02-14 00:11:14.000000","request_id":"70473071-190c-494d-9077-8b7a8d88ce17","event":"debug","phase":"VALIDATION","message":"Input validated","latency_ms":1,"data":{"polyline_points":671,"categories":["temple","fuel","charger","toll","restaurant","hospital"],"radius_km":3}}
{"timestamp":"2026-02-14 00:11:14.000000","request_id":"70473071-190c-494d-9077-8b7a8d88ce17","event":"debug","phase":"BBOX_QUERY","message":"Executing spatial query","latency_ms":3,"data":{"min_lat":15.269621972972974,"max_lat":17.387531027027027,"min_lng":73.97653797297296,"max_lng":78.50149002702703,"categories":["temple","fuel","charger","toll","restaurant","hospital"]}}
{"timestamp":"2026-02-14 00:11:14.000000","request_id":"70473071-190c-494d-9077-8b7a8d88ce17","event":"debug","phase":"BBOX_RESULT","message":"Bounding box query completed","latency_ms":121,"data":{"pois_in_bbox":1828}}
{"timestamp":"2026-02-14 00:11:14.000000","request_id":"70473071-190c-494d-9077-8b7a8d88ce17","event":"debug","phase":"DISTANCE_FILTER","message":"Starting distance-to-route filtering","latency_ms":121,"data":{"all_pois_count":1828,"buffer_meters":3000}}
{"timestamp":"2026-02-14 00:11:14.000000","request_id":"70473071-190c-494d-9077-8b7a8d88ce17","event":"debug","phase":"DISTANCE_FILTER","message":"Filtering complete","latency_ms":271,"data":{"filtered_pois_count":48}}
{"timestamp":"2026-02-14 00:11:14.000000","request_id":"70473071-190c-494d-9077-8b7a8d88ce17","event":"response_success","endpoint":"/api/pois-for-route","http_code":200,"latency_ms":272,"cache_hit":false,"cache_miss":false,"data_count":48}
{"timestamp":"2026-02-14 00:11:14.000000","request_id":"70473071-190c-494d-9077-8b7a8d88ce17","event":"debug","phase":"RESPONSE","message":"Final POI count","latency_ms":273,"data":{"total_in_route":48,"returned":48,"by_category":{"restaurant":22,"fuel":16,"hospital":10}}}
{"timestamp":"2026-02-14 00:11:43.000000","request_id":"3b2c1002-4a9f-4b5e-b64b-d5a343ff46c4","event":"request_start","endpoint":"/api/pois-for-route","method":"POST","ip_address":"127.0.0.1","user_id":null}
{"timestamp":"2026-02-14 00:11:43.000000","request_id":"3b2c1002-4a9f-4b5e-b64b-d5a343ff46c4","event":"debug","phase":"VALIDATION","message":"Polyline received","latency_ms":1,"data":{"point_count":671}}
{"timestamp":"2026-02-14 00:11:43.000000","request_id":"3b2c1002-4a9f-4b5e-b64b-d5a343ff46c4","event":"debug","phase":"VALIDATION","message":"Input validated","latency_ms":2,"data":{"polyline_points":671,"categories":["temple","fuel","charger","toll","restaurant","hospital"],"radius_km":3}}
{"timestamp":"2026-02-14 00:11:43.000000","request_id":"3b2c1002-4a9f-4b5e-b64b-d5a343ff46c4","event":"debug","phase":"BBOX_QUERY","message":"Executing spatial query","latency_ms":3,"data":{"min_lat":15.269621972972974,"max_lat":17.387531027027027,"min_lng":73.97653797297296,"max_lng":78.50149002702703,"categories":["temple","fuel","charger","toll","restaurant","hospital"]}}
{"timestamp":"2026-02-14 00:11:43.000000","request_id":"3b2c1002-4a9f-4b5e-b64b-d5a343ff46c4","event":"debug","phase":"BBOX_RESULT","message":"Bounding box query completed","latency_ms":26,"data":{"pois_in_bbox":1828}}
{"timestamp":"2026-02-14 00:11:43.000000","request_id":"3b2c1002-4a9f-4b5e-b64b-d5a343ff46c4","event":"debug","phase":"DISTANCE_FILTER","message":"Starting distance-to-route filtering","latency_ms":26,"data":{"all_pois_count":1828,"buffer_meters":3000}}
{"timestamp":"2026-02-14 00:11:43.000000","request_id":"3b2c1002-4a9f-4b5e-b64b-d5a343ff46c4","event":"debug","phase":"DISTANCE_FILTER","message":"Filtering complete","latency_ms":170,"data":{"filtered_pois_count":48}}
{"timestamp":"2026-02-14 00:11:43.000000","request_id":"3b2c1002-4a9f-4b5e-b64b-d5a343ff46c4","event":"response_success","endpoint":"/api/pois-for-route","http_code":200,"latency_ms":171,"cache_hit":false,"cache_miss":false,"data_count":48}
{"timestamp":"2026-02-14 00:11:43.000000","request_id":"3b2c1002-4a9f-4b5e-b64b-d5a343ff46c4","event":"debug","phase":"RESPONSE","message":"Final POI count","latency_ms":171,"data":{"total_in_route":48,"returned":48,"by_category":{"restaurant":22,"fuel":16,"hospital":10}}}
{"timestamp":"2026-02-14 00:28:30.000000","request_id":"170b7809-78ff-4a26-8d0b-fa5e0486f4a8","event":"request_start","endpoint":"/api/pois-for-route","method":"POST","ip_address":"127.0.0.1","user_id":null}
{"timestamp":"2026-02-14 00:28:30.000000","request_id":"170b7809-78ff-4a26-8d0b-fa5e0486f4a8","event":"debug","phase":"VALIDATION","message":"Polyline received","latency_ms":5,"data":{"point_count":671}}
{"timestamp":"2026-02-14 00:28:30.000000","request_id":"170b7809-78ff-4a26-8d0b-fa5e0486f4a8","event":"debug","phase":"VALIDATION","message":"Input validated","latency_ms":6,"data":{"polyline_points":671,"categories":["toll","restaurant","hospital","fuel","charger"],"radius_km":3}}
{"timestamp":"2026-02-14 00:28:30.000000","request_id":"170b7809-78ff-4a26-8d0b-fa5e0486f4a8","event":"debug","phase":"BBOX_QUERY","message":"Executing spatial query","latency_ms":8,"data":{"min_lat":15.269621972972974,"max_lat":17.387531027027027,"min_lng":73.97653797297296,"max_lng":78.50149002702703,"categories":["toll","restaurant","hospital","fuel","charger"]}}
{"timestamp":"2026-02-14 00:28:30.000000","request_id":"170b7809-78ff-4a26-8d0b-fa5e0486f4a8","event":"debug","phase":"BBOX_RESULT","message":"Bounding box query completed","latency_ms":73,"data":{"pois_in_bbox":1828}}
{"timestamp":"2026-02-14 00:28:30.000000","request_id":"170b7809-78ff-4a26-8d0b-fa5e0486f4a8","event":"debug","phase":"DISTANCE_FILTER","message":"Starting distance-to-route filtering","latency_ms":73,"data":{"all_pois_count":1828,"buffer_meters":3000}}
{"timestamp":"2026-02-14 00:28:30.000000","request_id":"170b7809-78ff-4a26-8d0b-fa5e0486f4a8","event":"debug","phase":"DISTANCE_FILTER","message":"Filtering complete","latency_ms":243,"data":{"filtered_pois_count":48}}
{"timestamp":"2026-02-14 00:28:30.000000","request_id":"170b7809-78ff-4a26-8d0b-fa5e0486f4a8","event":"response_success","endpoint":"/api/pois-for-route","http_code":200,"latency_ms":252,"cache_hit":false,"cache_miss":false,"data_count":48}
{"timestamp":"2026-02-14 00:28:30.000000","request_id":"170b7809-78ff-4a26-8d0b-fa5e0486f4a8","event":"debug","phase":"RESPONSE","message":"Final POI count","latency_ms":253,"data":{"total_in_route":48,"returned":48,"by_category":{"restaurant":22,"fuel":16,"hospital":10}}}
{"timestamp":"2026-02-14 00:28:39.000000","request_id":"c3a65464-4eb5-46c7-a358-496c74814408","event":"request_start","endpoint":"/api/pois-for-route","method":"POST","ip_address":"127.0.0.1","user_id":null}
{"timestamp":"2026-02-14 00:28:39.000000","request_id":"c3a65464-4eb5-46c7-a358-496c74814408","event":"debug","phase":"VALIDATION","message":"Polyline received","latency_ms":0,"data":{"point_count":671}}
{"timestamp":"2026-02-14 00:28:39.000000","request_id":"c3a65464-4eb5-46c7-a358-496c74814408","event":"debug","phase":"VALIDATION","message":"Input validated","latency_ms":1,"data":{"polyline_points":671,"categories":["toll","restaurant","hospital","fuel","charger"],"radius_km":3}}
{"timestamp":"2026-02-14 00:28:39.000000","request_id":"c3a65464-4eb5-46c7-a358-496c74814408","event":"debug","phase":"BBOX_QUERY","message":"Executing spatial query","latency_ms":1,"data":{"min_lat":15.269621972972974,"max_lat":17.387531027027027,"min_lng":73.97653797297296,"max_lng":78.50149002702703,"categories":["toll","restaurant","hospital","fuel","charger"]}}
{"timestamp":"2026-02-14 00:28:39.000000","request_id":"c3a65464-4eb5-46c7-a358-496c74814408","event":"debug","phase":"BBOX_RESULT","message":"Bounding box query completed","latency_ms":14,"data":{"pois_in_bbox":1828}}
{"timestamp":"2026-02-14 00:28:39.000000","request_id":"c3a65464-4eb5-46c7-a358-496c74814408","event":"debug","phase":"DISTANCE_FILTER","message":"Starting distance-to-route filtering","latency_ms":14,"data":{"all_pois_count":1828,"buffer_meters":3000}}
{"timestamp":"2026-02-14 00:28:39.000000","request_id":"c3a65464-4eb5-46c7-a358-496c74814408","event":"debug","phase":"DISTANCE_FILTER","message":"Filtering complete","latency_ms":139,"data":{"filtered_pois_count":48}}
{"timestamp":"2026-02-14 00:28:39.000000","request_id":"c3a65464-4eb5-46c7-a358-496c74814408","event":"response_success","endpoint":"/api/pois-for-route","http_code":200,"latency_ms":139,"cache_hit":false,"cache_miss":false,"data_count":48}
{"timestamp":"2026-02-14 00:28:39.000000","request_id":"c3a65464-4eb5-46c7-a358-496c74814408","event":"debug","phase":"RESPONSE","message":"Final POI count","latency_ms":140,"data":{"total_in_route":48,"returned":48,"by_category":{"restaurant":22,"fuel":16,"hospital":10}}}
{"timestamp":"2026-02-14 00:29:08.000000","request_id":"34553e6d-9660-4038-b53d-2fa009c57688","event":"request_start","endpoint":"/api/pois-for-route","method":"POST","ip_address":"127.0.0.1","user_id":null}
{"timestamp":"2026-02-14 00:29:08.000000","request_id":"34553e6d-9660-4038-b53d-2fa009c57688","event":"debug","phase":"VALIDATION","message":"Polyline received","latency_ms":1,"data":{"point_count":1781}}
{"timestamp":"2026-02-14 00:29:08.000000","request_id":"34553e6d-9660-4038-b53d-2fa009c57688","event":"debug","phase":"VALIDATION","message":"Input validated","latency_ms":2,"data":{"polyline_points":1781,"categories":["temple","fuel","charger","toll","restaurant","hospital"],"radius_km":3}}
{"timestamp":"2026-02-14 00:29:08.000000","request_id":"34553e6d-9660-4038-b53d-2fa009c57688","event":"debug","phase":"BBOX_QUERY","message":"Executing spatial query","latency_ms":2,"data":{"min_lat":13.077476972972974,"max_lat":28.640936027027028,"min_lng":77.18197997297297,"max_lng":80.29841002702703,"categories":["temple","fuel","charger","toll","restaurant","hospital"]}}
{"timestamp":"2026-02-14 00:29:08.000000","request_id":"34553e6d-9660-4038-b53d-2fa009c57688","event":"debug","phase":"BBOX_RESULT","message":"Bounding box query completed","latency_ms":97,"data":{"pois_in_bbox":5000}}
{"timestamp":"2026-02-14 00:29:08.000000","request_id":"34553e6d-9660-4038-b53d-2fa009c57688","event":"debug","phase":"DISTANCE_FILTER","message":"Starting distance-to-route filtering","latency_ms":98,"data":{"all_pois_count":5000,"buffer_meters":3000}}
{"timestamp":"2026-02-14 00:29:08.000000","request_id":"34553e6d-9660-4038-b53d-2fa009c57688","event":"debug","phase":"DISTANCE_FILTER","message":"Filtering complete","latency_ms":580,"data":{"filtered_pois_count":37}}
{"timestamp":"2026-02-14 00:29:08.000000","request_id":"34553e6d-9660-4038-b53d-2fa009c57688","event":"response_success","endpoint":"/api/pois-for-route","http_code":200,"latency_ms":580,"cache_hit":false,"cache_miss":false,"data_count":37}
{"timestamp":"2026-02-14 00:29:08.000000","request_id":"34553e6d-9660-4038-b53d-2fa009c57688","event":"debug","phase":"RESPONSE","message":"Final POI count","latency_ms":580,"data":{"total_in_route":37,"returned":37,"by_category":{"fuel":9,"restaurant":10,"hospital":16,"temple":2}}}
{"timestamp":"2026-02-14 00:47:33.000000","request_id":"15124e48-bbca-4a2e-9291-4d195645299b","event":"request_start","endpoint":"/api/pois-for-route","method":"POST","ip_address":"127.0.0.1","user_id":null}
{"timestamp":"2026-02-14 00:47:33.000000","request_id":"15124e48-bbca-4a2e-9291-4d195645299b","event":"debug","phase":"VALIDATION","message":"Polyline received","latency_ms":2,"data":{"point_count":1781}}
{"timestamp":"2026-02-14 00:47:33.000000","request_id":"15124e48-bbca-4a2e-9291-4d195645299b","event":"debug","phase":"VALIDATION","message":"Input validated","latency_ms":2,"data":{"polyline_points":1781,"categories":["temple","fuel","charger","toll","restaurant","hospital"],"radius_km":3}}
{"timestamp":"2026-02-14 00:47:33.000000","request_id":"15124e48-bbca-4a2e-9291-4d195645299b","event":"debug","phase":"BBOX_QUERY","message":"Executing spatial query","latency_ms":3,"data":{"min_lat":13.077476972972974,"max_lat":28.640936027027028,"min_lng":77.18197997297297,"max_lng":80.29841002702703,"categories":["temple","fuel","charger","toll","restaurant","hospital"]}}
{"timestamp":"2026-02-14 00:47:33.000000","request_id":"15124e48-bbca-4a2e-9291-4d195645299b","event":"debug","phase":"BBOX_RESULT","message":"Bounding box query completed","latency_ms":79,"data":{"pois_in_bbox":5000}}
{"timestamp":"2026-02-14 00:47:33.000000","request_id":"15124e48-bbca-4a2e-9291-4d195645299b","event":"debug","phase":"DISTANCE_FILTER","message":"Starting distance-to-route filtering","latency_ms":79,"data":{"all_pois_count":5000,"buffer_meters":3000}}
{"timestamp":"2026-02-14 00:47:33.000000","request_id":"15124e48-bbca-4a2e-9291-4d195645299b","event":"debug","phase":"DISTANCE_FILTER","message":"Filtering complete","latency_ms":448,"data":{"filtered_pois_count":37}}
{"timestamp":"2026-02-14 00:47:33.000000","request_id":"15124e48-bbca-4a2e-9291-4d195645299b","event":"response_success","endpoint":"/api/pois-for-route","http_code":200,"latency_ms":448,"cache_hit":false,"cache_miss":false,"data_count":37}
{"timestamp":"2026-02-14 00:47:33.000000","request_id":"15124e48-bbca-4a2e-9291-4d195645299b","event":"debug","phase":"RESPONSE","message":"Final POI count","latency_ms":449,"data":{"total_in_route":37,"returned":37,"by_category":{"fuel":9,"restaurant":10,"hospital":16,"temple":2}}}
{"timestamp":"2026-02-14 00:52:06.000000","request_id":"f9710a9a-26ac-4989-b528-8bee07a2eaab","event":"request_start","endpoint":"/api/pois-for-route","method":"POST","ip_address":"127.0.0.1","user_id":null}
{"timestamp":"2026-02-14 00:52:06.000000","request_id":"f9710a9a-26ac-4989-b528-8bee07a2eaab","event":"debug","phase":"VALIDATION","message":"Polyline received","latency_ms":4,"data":{"point_count":1781}}
{"timestamp":"2026-02-14 00:52:06.000000","request_id":"f9710a9a-26ac-4989-b528-8bee07a2eaab","event":"debug","phase":"VALIDATION","message":"Input validated","latency_ms":5,"data":{"polyline_points":1781,"categories":["temple","fuel","charger","toll","restaurant","hospital"],"radius_km":3}}
{"timestamp":"2026-02-14 00:52:06.000000","request_id":"f9710a9a-26ac-4989-b528-8bee07a2eaab","event":"debug","phase":"BBOX_QUERY","message":"Executing spatial query","latency_ms":5,"data":{"min_lat":13.077476972972974,"max_lat":28.640936027027028,"min_lng":77.18197997297297,"max_lng":80.29841002702703,"categories":["temple","fuel","charger","toll","restaurant","hospital"]}}
{"timestamp":"2026-02-14 00:52:06.000000","request_id":"f9710a9a-26ac-4989-b528-8bee07a2eaab","event":"debug","phase":"BBOX_RESULT","message":"Bounding box query completed","latency_ms":152,"data":{"pois_in_bbox":5000}}
{"timestamp":"2026-02-14 00:52:06.000000","request_id":"f9710a9a-26ac-4989-b528-8bee07a2eaab","event":"debug","phase":"DISTANCE_FILTER","message":"Starting distance-to-route filtering","latency_ms":153,"data":{"all_pois_count":5000,"buffer_meters":3000}}
{"timestamp":"2026-02-14 00:52:07.000000","request_id":"f9710a9a-26ac-4989-b528-8bee07a2eaab","event":"debug","phase":"DISTANCE_FILTER","message":"Filtering complete","latency_ms":699,"data":{"filtered_pois_count":37}}
{"timestamp":"2026-02-14 00:52:07.000000","request_id":"f9710a9a-26ac-4989-b528-8bee07a2eaab","event":"response_success","endpoint":"/api/pois-for-route","http_code":200,"latency_ms":699,"cache_hit":false,"cache_miss":false,"data_count":37}
{"timestamp":"2026-02-14 00:52:07.000000","request_id":"f9710a9a-26ac-4989-b528-8bee07a2eaab","event":"debug","phase":"RESPONSE","message":"Final POI count","latency_ms":700,"data":{"total_in_route":37,"returned":37,"by_category":{"fuel":9,"restaurant":10,"hospital":16,"temple":2}}}
{"timestamp":"2026-02-14 00:57:27.000000","request_id":"1eee2ddc-b035-4ba7-b175-f5833fecfee4","event":"request_start","endpoint":"/api/pois-for-route","method":"POST","ip_address":"127.0.0.1","user_id":null}
{"timestamp":"2026-02-14 00:57:27.000000","request_id":"1eee2ddc-b035-4ba7-b175-f5833fecfee4","event":"debug","phase":"VALIDATION","message":"Polyline received","latency_ms":3,"data":{"point_count":1781}}
{"timestamp":"2026-02-14 00:57:27.000000","request_id":"1eee2ddc-b035-4ba7-b175-f5833fecfee4","event":"debug","phase":"VALIDATION","message":"Input validated","latency_ms":3,"data":{"polyline_points":1781,"categories":["temple","fuel","charger","toll","restaurant","hospital"],"radius_km":3}}
{"timestamp":"2026-02-14 00:57:27.000000","request_id":"1eee2ddc-b035-4ba7-b175-f5833fecfee4","event":"debug","phase":"BBOX_QUERY","message":"Executing spatial query","latency_ms":5,"data":{"min_lat":13.077476972972974,"max_lat":28.640936027027028,"min_lng":77.18197997297297,"max_lng":80.29841002702703,"categories":["temple","fuel","charger","toll","restaurant","hospital"]}}
{"timestamp":"2026-02-14 00:57:27.000000","request_id":"1eee2ddc-b035-4ba7-b175-f5833fecfee4","event":"debug","phase":"BBOX_RESULT","message":"Bounding box query completed","latency_ms":104,"data":{"pois_in_bbox":5000}}
{"timestamp":"2026-02-14 00:57:27.000000","request_id":"1eee2ddc-b035-4ba7-b175-f5833fecfee4","event":"debug","phase":"DISTANCE_FILTER","message":"Starting distance-to-route filtering","latency_ms":104,"data":{"all_pois_count":5000,"buffer_meters":3000}}
{"timestamp":"2026-02-14 00:57:27.000000","request_id":"1eee2ddc-b035-4ba7-b175-f5833fecfee4","event":"debug","phase":"DISTANCE_FILTER","message":"Filtering complete","latency_ms":593,"data":{"filtered_pois_count":37}}
{"timestamp":"2026-02-14 00:57:27.000000","request_id":"1eee2ddc-b035-4ba7-b175-f5833fecfee4","event":"response_success","endpoint":"/api/pois-for-route","http_code":200,"latency_ms":593,"cache_hit":false,"cache_miss":false,"data_count":37}
{"timestamp":"2026-02-14 00:57:27.000000","request_id":"1eee2ddc-b035-4ba7-b175-f5833fecfee4","event":"debug","phase":"RESPONSE","message":"Final POI count","latency_ms":594,"data":{"total_in_route":37,"returned":37,"by_category":{"fuel":9,"restaurant":10,"hospital":16,"temple":2}}}
{"timestamp":"2026-02-14 01:01:20.000000","request_id":"7f6aed12-743d-4864-a64c-a8e9d28f3e6c","event":"request_start","endpoint":"/api/pois-for-route","method":"POST","ip_address":"127.0.0.1","user_id":null}
{"timestamp":"2026-02-14 01:01:20.000000","request_id":"7f6aed12-743d-4864-a64c-a8e9d28f3e6c","event":"debug","phase":"VALIDATION","message":"Polyline received","latency_ms":6,"data":{"point_count":1781}}
{"timestamp":"2026-02-14 01:01:20.000000","request_id":"7f6aed12-743d-4864-a64c-a8e9d28f3e6c","event":"debug","phase":"VALIDATION","message":"Input validated","latency_ms":7,"data":{"polyline_points":1781,"categories":["toll","restaurant","hospital","fuel","charger"],"radius_km":3}}
{"timestamp":"2026-02-14 01:01:20.000000","request_id":"7f6aed12-743d-4864-a64c-a8e9d28f3e6c","event":"debug","phase":"BBOX_QUERY","message":"Executing spatial query","latency_ms":8,"data":{"min_lat":13.077476972972974,"max_lat":28.640936027027028,"min_lng":77.18197997297297,"max_lng":80.29841002702703,"categories":["toll","restaurant","hospital","fuel","charger"]}}
{"timestamp":"2026-02-14 01:01:20.000000","request_id":"7f6aed12-743d-4864-a64c-a8e9d28f3e6c","event":"debug","phase":"BBOX_RESULT","message":"Bounding box query completed","latency_ms":248,"data":{"pois_in_bbox":5000}}
{"timestamp":"2026-02-14 01:01:20.000000","request_id":"7f6aed12-743d-4864-a64c-a8e9d28f3e6c","event":"debug","phase":"DISTANCE_FILTER","message":"Starting distance-to-route filtering","latency_ms":248,"data":{"all_pois_count":5000,"buffer_meters":3000}}
{"timestamp":"2026-02-14 01:01:20.000000","request_id":"7f6aed12-743d-4864-a64c-a8e9d28f3e6c","event":"debug","phase":"DISTANCE_FILTER","message":"Filtering complete","latency_ms":772,"data":{"filtered_pois_count":40}}
{"timestamp":"2026-02-14 01:01:20.000000","request_id":"7f6aed12-743d-4864-a64c-a8e9d28f3e6c","event":"response_success","endpoint":"/api/pois-for-route","http_code":200,"latency_ms":774,"cache_hit":false,"cache_miss":false,"data_count":40}
{"timestamp":"2026-02-14 01:01:20.000000","request_id":"7f6aed12-743d-4864-a64c-a8e9d28f3e6c","event":"debug","phase":"RESPONSE","message":"Final POI count","latency_ms":775,"data":{"total_in_route":40,"returned":40,"by_category":{"fuel":11,"restaurant":12,"hospital":17}}}
{"timestamp":"2026-02-14 01:01:34.000000","request_id":"8b906851-9e3a-4d40-bbf5-4534b96277ce","event":"request_start","endpoint":"/api/trips","method":"POST","ip_address":"127.0.0.1","user_id":null}
{"timestamp":"2026-02-14 01:01:34.000000","request_id":"8b906851-9e3a-4d40-bbf5-4534b96277ce","event":"debug","phase":"TRIPS","message":"Using direct trip data format","latency_ms":0,"data":[]}
{"timestamp":"2026-02-14 01:01:34.000000","request_id":"8b906851-9e3a-4d40-bbf5-4534b96277ce","event":"debug","phase":"TRIP_SAVE","message":"Prepared trip data","latency_ms":10,"data":{"source":"Delhi","destination":"Chennai","mode":"bus","distance_km":2194.6,"stops_count":0}}
{"timestamp":"2026-02-14 01:01:36.000000","request_id":"a2ffc741-4882-4c27-9d08-ec869df7ee3f","event":"request_start","endpoint":"/api/trips","method":"GET","ip_address":"127.0.0.1","user_id":null}
{"timestamp":"2026-02-14 01:01:36.000000","request_id":"a2ffc741-4882-4c27-9d08-ec869df7ee3f","event":"response_success","endpoint":"/api/trips","http_code":200,"latency_ms":10,"cache_hit":false,"cache_miss":false,"data_count":20}
{"timestamp":"2026-02-14 01:01:36.000000","request_id":"37b16809-d94f-4ea0-91d6-2a364fff063d","event":"request_start","endpoint":"/api/trips","method":"GET","ip_address":"127.0.0.1","user_id":null}
{"timestamp":"2026-02-14 01:01:36.000000","request_id":"37b16809-d94f-4ea0-91d6-2a364fff063d","event":"response_success","endpoint":"/api/trips","http_code":200,"latency_ms":2,"cache_hit":false,"cache_miss":false,"data_count":20}
{"timestamp":"2026-02-14 01:05:42.000000","request_id":"0f2e212d-5645-465f-be91-c8b87b50c99f","event":"request_start","endpoint":"/api/pois-for-route","method":"POST","ip_address":"127.0.0.1","user_id":null}
{"timestamp":"2026-02-14 01:05:42.000000","request_id":"0f2e212d-5645-465f-be91-c8b87b50c99f","event":"debug","phase":"VALIDATION","message":"Polyline received","latency_ms":1,"data":{"point_count":1781}}
{"timestamp":"2026-02-14 01:05:42.000000","request_id":"0f2e212d-5645-465f-be91-c8b87b50c99f","event":"debug","phase":"VALIDATION","message":"Input validated","latency_ms":1,"data":{"polyline_points":1781,"categories":["temple","fuel","charger","toll","restaurant","hospital"],"radius_km":3}}
{"timestamp":"2026-02-14 01:05:42.000000","request_id":"0f2e212d-5645-465f-be91-c8b87b50c99f","event":"debug","phase":"BBOX_QUERY","message":"Executing spatial query","latency_ms":1,"data":{"min_lat":13.077476972972974,"max_lat":28.640936027027028,"min_lng":77.18197997297297,"max_lng":80.29841002702703,"categories":["temple","fuel","charger","toll","restaurant","hospital"]}}
{"timestamp":"2026-02-14 01:05:42.000000","request_id":"0f2e212d-5645-465f-be91-c8b87b50c99f","event":"debug","phase":"BBOX_RESULT","message":"Bounding box query completed","latency_ms":65,"data":{"pois_in_bbox":5000}}
{"timestamp":"2026-02-14 01:05:42.000000","request_id":"0f2e212d-5645-465f-be91-c8b87b50c99f","event":"debug","phase":"DISTANCE_FILTER","message":"Starting distance-to-route filtering","latency_ms":65,"data":{"all_pois_count":5000,"buffer_meters":3000}}
{"timestamp":"2026-02-14 01:05:42.000000","request_id":"0f2e212d-5645-465f-be91-c8b87b50c99f","event":"debug","phase":"DISTANCE_FILTER","message":"Filtering complete","latency_ms":407,"data":{"filtered_pois_count":37}}
{"timestamp":"2026-02-14 01:05:42.000000","request_id":"0f2e212d-5645-465f-be91-c8b87b50c99f","event":"response_success","endpoint":"/api/pois-for-route","http_code":200,"latency_ms":408,"cache_hit":false,"cache_miss":false,"data_count":37}
{"timestamp":"2026-02-14 01:05:42.000000","request_id":"0f2e212d-5645-465f-be91-c8b87b50c99f","event":"debug","phase":"RESPONSE","message":"Final POI count","latency_ms":408,"data":{"total_in_route":37,"returned":37,"by_category":{"fuel":9,"restaurant":10,"hospital":16,"temple":2}}}
{"timestamp":"2026-02-14 01:12:14.000000","request_id":"c74d1b9c-054b-47a6-a4bf-c5648245f3ee","event":"request_start","endpoint":"/api/pois-for-route","method":"POST","ip_address":"127.0.0.1","user_id":null}
{"timestamp":"2026-02-14 01:12:14.000000","request_id":"c74d1b9c-054b-47a6-a4bf-c5648245f3ee","event":"debug","phase":"VALIDATION","message":"Polyline received","latency_ms":2,"data":{"point_count":1781}}
{"timestamp":"2026-02-14 01:12:14.000000","request_id":"c74d1b9c-054b-47a6-a4bf-c5648245f3ee","event":"debug","phase":"VALIDATION","message":"Input validated","latency_ms":2,"data":{"polyline_points":1781,"categories":["temple","fuel","charger","toll","restaurant","hospital"],"radius_km":3}}
{"timestamp":"2026-02-14 01:12:14.000000","request_id":"c74d1b9c-054b-47a6-a4bf-c5648245f3ee","event":"debug","phase":"BBOX_QUERY","message":"Executing spatial query","latency_ms":3,"data":{"min_lat":13.077476972972974,"max_lat":28.640936027027028,"min_lng":77.18197997297297,"max_lng":80.29841002702703,"categories":["temple","fuel","charger","toll","restaurant","hospital"]}}
{"timestamp":"2026-02-14 01:12:14.000000","request_id":"c74d1b9c-054b-47a6-a4bf-c5648245f3ee","event":"debug","phase":"BBOX_RESULT","message":"Bounding box query completed","latency_ms":66,"data":{"pois_in_bbox":5000}}
{"timestamp":"2026-02-14 01:12:14.000000","request_id":"c74d1b9c-054b-47a6-a4bf-c5648245f3ee","event":"debug","phase":"DISTANCE_FILTER","message":"Starting distance-to-route filtering","latency_ms":66,"data":{"all_pois_count":5000,"buffer_meters":3000}}
{"timestamp":"2026-02-14 01:12:15.000000","request_id":"c74d1b9c-054b-47a6-a4bf-c5648245f3ee","event":"debug","phase":"DISTANCE_FILTER","message":"Filtering complete","latency_ms":720,"data":{"filtered_pois_count":37}}
{"timestamp":"2026-02-14 01:12:15.000000","request_id":"c74d1b9c-054b-47a6-a4bf-c5648245f3ee","event":"response_success","endpoint":"/api/pois-for-route","http_code":200,"latency_ms":721,"cache_hit":false,"cache_miss":false,"data_count":37}
{"timestamp":"2026-02-14 01:12:15.000000","request_id":"c74d1b9c-054b-47a6-a4bf-c5648245f3ee","event":"debug","phase":"RESPONSE","message":"Final POI count","latency_ms":721,"data":{"total_in_route":37,"returned":37,"by_category":{"fuel":9,"restaurant":10,"hospital":16,"temple":2}}}
{"timestamp":"2026-02-14 01:13:46.000000","request_id":"b2614a04-7750-4431-90db-c0c6a116ceca","event":"request_start","endpoint":"/api/pois-for-route","method":"POST","ip_address":"127.0.0.1","user_id":null}
{"timestamp":"2026-02-14 01:13:46.000000","request_id":"b2614a04-7750-4431-90db-c0c6a116ceca","event":"debug","phase":"VALIDATION","message":"Polyline received","latency_ms":2,"data":{"point_count":1781}}
{"timestamp":"2026-02-14 01:13:46.000000","request_id":"b2614a04-7750-4431-90db-c0c6a116ceca","event":"debug","phase":"VALIDATION","message":"Input validated","latency_ms":49,"data":{"polyline_points":1781,"categories":["temple","fuel","charger","toll","restaurant","hospital"],"radius_km":3}}
{"timestamp":"2026-02-14 01:13:46.000000","request_id":"b2614a04-7750-4431-90db-c0c6a116ceca","event":"debug","phase":"BBOX_QUERY","message":"Executing spatial query","latency_ms":49,"data":{"min_lat":13.077476972972974,"max_lat":28.640936027027028,"min_lng":77.18197997297297,"max_lng":80.29841002702703,"categories":["temple","fuel","charger","toll","restaurant","hospital"]}}
{"timestamp":"2026-02-14 01:13:46.000000","request_id":"b2614a04-7750-4431-90db-c0c6a116ceca","event":"debug","phase":"BBOX_RESULT","message":"Bounding box query completed","latency_ms":106,"data":{"pois_in_bbox":5000}}
{"timestamp":"2026-02-14 01:13:46.000000","request_id":"b2614a04-7750-4431-90db-c0c6a116ceca","event":"debug","phase":"DISTANCE_FILTER","message":"Starting distance-to-route filtering","latency_ms":106,"data":{"all_pois_count":5000,"buffer_meters":3000}}
{"timestamp":"2026-02-14 01:13:46.000000","request_id":"b2614a04-7750-4431-90db-c0c6a116ceca","event":"debug","phase":"DISTANCE_FILTER","message":"Filtering complete","latency_ms":593,"data":{"filtered_pois_count":37}}
{"timestamp":"2026-02-14 01:13:46.000000","request_id":"b2614a04-7750-4431-90db-c0c6a116ceca","event":"response_success","endpoint":"/api/pois-for-route","http_code":200,"latency_ms":594,"cache_hit":false,"cache_miss":false,"data_count":37}
{"timestamp":"2026-02-14 01:13:46.000000","request_id":"b2614a04-7750-4431-90db-c0c6a116ceca","event":"debug","phase":"RESPONSE","message":"Final POI count","latency_ms":594,"data":{"total_in_route":37,"returned":37,"by_category":{"fuel":9,"restaurant":10,"hospital":16,"temple":2}}}
{"timestamp":"2026-02-14 01:20:13.000000","request_id":"10689244-3033-42c6-a9ad-507c5f4960f0","event":"request_start","endpoint":"/api/pois-for-route","method":"POST","ip_address":"127.0.0.1","user_id":null}
{"timestamp":"2026-02-14 01:20:13.000000","request_id":"10689244-3033-42c6-a9ad-507c5f4960f0","event":"debug","phase":"VALIDATION","message":"Polyline received","latency_ms":3,"data":{"point_count":11}}
{"timestamp":"2026-02-14 01:20:13.000000","request_id":"10689244-3033-42c6-a9ad-507c5f4960f0","event":"debug","phase":"VALIDATION","message":"Input validated","latency_ms":4,"data":{"polyline_points":11,"categories":["temple","restaurant"],"radius_km":5}}
{"timestamp":"2026-02-14 01:20:13.000000","request_id":"10689244-3033-42c6-a9ad-507c5f4960f0","event":"debug","phase":"BBOX_QUERY","message":"Executing spatial query","latency_ms":4,"data":{"min_lat":13.038648954954954,"max_lat":28.658940045045046,"min_lng":77.16396095495496,"max_lng":80.31523104504504,"categories":["temple","restaurant"]}}
{"timestamp":"2026-02-14 01:20:14.000000","request_id":"10689244-3033-42c6-a9ad-507c5f4960f0","event":"debug","phase":"BBOX_RESULT","message":"Bounding box query completed","latency_ms":247,"data":{"pois_in_bbox":4048}}
{"timestamp":"2026-02-14 01:20:14.000000","request_id":"10689244-3033-42c6-a9ad-507c5f4960f0","event":"debug","phase":"DISTANCE_FILTER","message":"Starting distance-to-route filtering","latency_ms":247,"data":{"all_pois_count":4048,"buffer_meters":5000}}
{"timestamp":"2026-02-14 01:20:14.000000","request_id":"10689244-3033-42c6-a9ad-507c5f4960f0","event":"debug","phase":"DISTANCE_FILTER","message":"Filtering complete","latency_ms":264,"data":{"filtered_pois_count":4}}
{"timestamp":"2026-02-14 01:20:14.000000","request_id":"10689244-3033-42c6-a9ad-507c5f4960f0","event":"response_success","endpoint":"/api/pois-for-route","http_code":200,"latency_ms":266,"cache_hit":false,"cache_miss":false,"data_count":4}
{"timestamp":"2026-02-14 01:20:14.000000","request_id":"10689244-3033-42c6-a9ad-507c5f4960f0","event":"debug","phase":"RESPONSE","message":"Final POI count","latency_ms":266,"data":{"total_in_route":4,"returned":4,"by_category":{"restaurant":1,"temple":3}}}
{"timestamp":"2026-02-14 01:20:14.000000","request_id":"095156b6-8980-4cb8-9b4a-4fdbd11900b5","event":"request_start","endpoint":"/api/pois-for-route","method":"POST","ip_address":"127.0.0.1","user_id":null}
{"timestamp":"2026-02-14 01:20:14.000000","request_id":"095156b6-8980-4cb8-9b4a-4fdbd11900b5","event":"debug","phase":"VALIDATION","message":"Polyline received","latency_ms":0,"data":{"point_count":11}}
{"timestamp":"2026-02-14 01:20:14.000000","request_id":"095156b6-8980-4cb8-9b4a-4fdbd11900b5","event":"debug","phase":"VALIDATION","message":"Input validated","latency_ms":1,"data":{"polyline_points":11,"categories":["temple","restaurant"],"radius_km":5}}
{"timestamp":"2026-02-14 01:20:14.000000","request_id":"095156b6-8980-4cb8-9b4a-4fdbd11900b5","event":"debug","phase":"BBOX_QUERY","message":"Executing spatial query","latency_ms":1,"data":{"min_lat":13.038648954954954,"max_lat":28.658940045045046,"min_lng":77.16396095495496,"max_lng":80.31523104504504,"categories":["temple","restaurant"]}}
{"timestamp":"2026-02-14 01:20:14.000000","request_id":"095156b6-8980-4cb8-9b4a-4fdbd11900b5","event":"debug","phase":"BBOX_RESULT","message":"Bounding box query completed","latency_ms":91,"data":{"pois_in_bbox":4048}}
{"timestamp":"2026-02-14 01:20:14.000000","request_id":"095156b6-8980-4cb8-9b4a-4fdbd11900b5","event":"debug","phase":"DISTANCE_FILTER","message":"Starting distance-to-route filtering","latency_ms":92,"data":{"all_pois_count":4048,"buffer_meters":5000}}
{"timestamp":"2026-02-14 01:20:14.000000","request_id":"095156b6-8980-4cb8-9b4a-4fdbd11900b5","event":"debug","phase":"DISTANCE_FILTER","message":"Filtering complete","latency_ms":107,"data":{"filtered_pois_count":4}}
{"timestamp":"2026-02-14 01:20:14.000000","request_id":"095156b6-8980-4cb8-9b4a-4fdbd11900b5","event":"response_success","endpoint":"/api/pois-for-route","http_code":200,"latency_ms":107,"cache_hit":false,"cache_miss":false,"data_count":4}
{"timestamp":"2026-02-14 01:20:14.000000","request_id":"095156b6-8980-4cb8-9b4a-4fdbd11900b5","event":"debug","phase":"RESPONSE","message":"Final POI count","latency_ms":108,"data":{"total_in_route":4,"returned":4,"by_category":{"restaurant":1,"temple":3}}}
{"timestamp":"2026-02-14 01:20:22.000000","request_id":"d57e91a5-8527-44e7-9e71-f5f94f405123","event":"request_start","endpoint":"/api/pois-for-route","method":"POST","ip_address":"127.0.0.1","user_id":null}
{"timestamp":"2026-02-14 01:20:22.000000","request_id":"d57e91a5-8527-44e7-9e71-f5f94f405123","event":"debug","phase":"VALIDATION","message":"Polyline received","latency_ms":0,"data":{"point_count":11}}
{"timestamp":"2026-02-14 01:20:22.000000","request_id":"d57e91a5-8527-44e7-9e71-f5f94f405123","event":"debug","phase":"VALIDATION","message":"Input validated","latency_ms":0,"data":{"polyline_points":11,"categories":["temple","restaurant"],"radius_km":5}}
{"timestamp":"2026-02-14 01:20:22.000000","request_id":"d57e91a5-8527-44e7-9e71-f5f94f405123","event":"debug","phase":"BBOX_QUERY","message":"Executing spatial query","latency_ms":0,"data":{"min_lat":13.038648954954954,"max_lat":28.658940045045046,"min_lng":77.16396095495496,"max_lng":80.31523104504504,"categories":["temple","restaurant"]}}
{"timestamp":"2026-02-14 01:20:23.000000","request_id":"d57e91a5-8527-44e7-9e71-f5f94f405123","event":"debug","phase":"BBOX_RESULT","message":"Bounding box query completed","latency_ms":93,"data":{"pois_in_bbox":4048}}
{"timestamp":"2026-02-14 01:20:23.000000","request_id":"d57e91a5-8527-44e7-9e71-f5f94f405123","event":"debug","phase":"DISTANCE_FILTER","message":"Starting distance-to-route filtering","latency_ms":94,"data":{"all_pois_count":4048,"buffer_meters":5000}}
{"timestamp":"2026-02-14 01:20:23.000000","request_id":"d57e91a5-8527-44e7-9e71-f5f94f405123","event":"debug","phase":"DISTANCE_FILTER","message":"Filtering complete","latency_ms":111,"data":{"filtered_pois_count":4}}
{"timestamp":"2026-02-14 01:20:23.000000","request_id":"d57e91a5-8527-44e7-9e71-f5f94f405123","event":"response_success","endpoint":"/api/pois-for-route","http_code":200,"latency_ms":111,"cache_hit":false,"cache_miss":false,"data_count":4}
{"timestamp":"2026-02-14 01:20:23.000000","request_id":"d57e91a5-8527-44e7-9e71-f5f94f405123","event":"debug","phase":"RESPONSE","message":"Final POI count","latency_ms":111,"data":{"total_in_route":4,"returned":4,"by_category":{"restaurant":1,"temple":3}}}
{"timestamp":"2026-02-14 01:20:23.000000","request_id":"13592477-f2ea-4f79-9ee9-e90de634b7c4","event":"request_start","endpoint":"/api/pois-for-route","method":"POST","ip_address":"127.0.0.1","user_id":null}
{"timestamp":"2026-02-14 01:20:23.000000","request_id":"13592477-f2ea-4f79-9ee9-e90de634b7c4","event":"debug","phase":"VALIDATION","message":"Polyline received","latency_ms":0,"data":{"point_count":11}}
{"timestamp":"2026-02-14 01:20:23.000000","request_id":"13592477-f2ea-4f79-9ee9-e90de634b7c4","event":"debug","phase":"VALIDATION","message":"Input validated","latency_ms":0,"data":{"polyline_points":11,"categories":["temple","restaurant"],"radius_km":5}}
{"timestamp":"2026-02-14 01:20:23.000000","request_id":"13592477-f2ea-4f79-9ee9-e90de634b7c4","event":"debug","phase":"BBOX_QUERY","message":"Executing spatial query","latency_ms":0,"data":{"min_lat":13.038648954954954,"max_lat":28.658940045045046,"min_lng":77.16396095495496,"max_lng":80.31523104504504,"categories":["temple","restaurant"]}}
{"timestamp":"2026-02-14 01:20:23.000000","request_id":"13592477-f2ea-4f79-9ee9-e90de634b7c4","event":"debug","phase":"BBOX_RESULT","message":"Bounding box query completed","latency_ms":81,"data":{"pois_in_bbox":4048}}
{"timestamp":"2026-02-14 01:20:23.000000","request_id":"13592477-f2ea-4f79-9ee9-e90de634b7c4","event":"debug","phase":"DISTANCE_FILTER","message":"Starting distance-to-route filtering","latency_ms":81,"data":{"all_pois_count":4048,"buffer_meters":5000}}
{"timestamp":"2026-02-14 01:20:23.000000","request_id":"13592477-f2ea-4f79-9ee9-e90de634b7c4","event":"debug","phase":"DISTANCE_FILTER","message":"Filtering complete","latency_ms":96,"data":{"filtered_pois_count":4}}
{"timestamp":"2026-02-14 01:20:23.000000","request_id":"13592477-f2ea-4f79-9ee9-e90de634b7c4","event":"response_success","endpoint":"/api/pois-for-route","http_code":200,"latency_ms":96,"cache_hit":false,"cache_miss":false,"data_count":4}
{"timestamp":"2026-02-14 01:20:23.000000","request_id":"13592477-f2ea-4f79-9ee9-e90de634b7c4","event":"debug","phase":"RESPONSE","message":"Final POI count","latency_ms":97,"data":{"total_in_route":4,"returned":4,"by_category":{"restaurant":1,"temple":3}}}
{"timestamp":"2026-02-14 01:20:58.000000","request_id":"842fd8d6-8577-42c2-87c8-bcda9fe97c79","event":"request_start","endpoint":"/api/pois-for-route","method":"POST","ip_address":"127.0.0.1","user_id":null}
{"timestamp":"2026-02-14 01:20:58.000000","request_id":"842fd8d6-8577-42c2-87c8-bcda9fe97c79","event":"debug","phase":"VALIDATION","message":"Polyline received","latency_ms":0,"data":{"point_count":11}}
{"timestamp":"2026-02-14 01:20:58.000000","request_id":"842fd8d6-8577-42c2-87c8-bcda9fe97c79","event":"debug","phase":"VALIDATION","message":"Input validated","latency_ms":1,"data":{"polyline_points":11,"categories":["temple","restaurant"],"radius_km":5}}
{"timestamp":"2026-02-14 01:20:58.000000","request_id":"842fd8d6-8577-42c2-87c8-bcda9fe97c79","event":"debug","phase":"BBOX_QUERY","message":"Executing spatial query","latency_ms":2,"data":{"min_lat":13.038648954954954,"max_lat":28.658940045045046,"min_lng":77.16396095495496,"max_lng":80.31523104504504,"categories":["temple","restaurant"]}}
{"timestamp":"2026-02-14 01:20:58.000000","request_id":"842fd8d6-8577-42c2-87c8-bcda9fe97c79","event":"debug","phase":"BBOX_RESULT","message":"Bounding box query completed","latency_ms":114,"data":{"pois_in_bbox":4048}}
{"timestamp":"2026-02-14 01:20:58.000000","request_id":"842fd8d6-8577-42c2-87c8-bcda9fe97c79","event":"debug","phase":"DISTANCE_FILTER","message":"Starting distance-to-route filtering","latency_ms":114,"data":{"all_pois_count":4048,"buffer_meters":5000}}
{"timestamp":"2026-02-14 01:20:58.000000","request_id":"842fd8d6-8577-42c2-87c8-bcda9fe97c79","event":"debug","phase":"DISTANCE_FILTER","message":"Filtering complete","latency_ms":127,"data":{"filtered_pois_count":4}}
{"timestamp":"2026-02-14 01:20:58.000000","request_id":"842fd8d6-8577-42c2-87c8-bcda9fe97c79","event":"response_success","endpoint":"/api/pois-for-route","http_code":200,"latency_ms":128,"cache_hit":false,"cache_miss":false,"data_count":4}
{"timestamp":"2026-02-14 01:20:58.000000","request_id":"842fd8d6-8577-42c2-87c8-bcda9fe97c79","event":"debug","phase":"RESPONSE","message":"Final POI count","latency_ms":128,"data":{"total_in_route":4,"returned":4,"by_category":{"restaurant":1,"temple":3}}}
{"timestamp":"2026-02-14 01:20:58.000000","request_id":"54b8b72c-99ed-4610-b01d-18480bbc841f","event":"request_start","endpoint":"/api/pois-for-route","method":"POST","ip_address":"127.0.0.1","user_id":null}
{"timestamp":"2026-02-14 01:20:58.000000","request_id":"54b8b72c-99ed-4610-b01d-18480bbc841f","event":"debug","phase":"VALIDATION","message":"Polyline received","latency_ms":0,"data":{"point_count":11}}
{"timestamp":"2026-02-14 01:20:58.000000","request_id":"54b8b72c-99ed-4610-b01d-18480bbc841f","event":"debug","phase":"VALIDATION","message":"Input validated","latency_ms":0,"data":{"polyline_points":11,"categories":["temple","restaurant"],"radius_km":5}}
{"timestamp":"2026-02-14 01:20:58.000000","request_id":"54b8b72c-99ed-4610-b01d-18480bbc841f","event":"debug","phase":"BBOX_QUERY","message":"Executing spatial query","latency_ms":1,"data":{"min_lat":13.038648954954954,"max_lat":28.658940045045046,"min_lng":77.16396095495496,"max_lng":80.31523104504504,"categories":["temple","restaurant"]}}
{"timestamp":"2026-02-14 01:20:58.000000","request_id":"54b8b72c-99ed-4610-b01d-18480bbc841f","event":"debug","phase":"BBOX_RESULT","message":"Bounding box query completed","latency_ms":88,"data":{"pois_in_bbox":4048}}
{"timestamp":"2026-02-14 01:20:58.000000","request_id":"54b8b72c-99ed-4610-b01d-18480bbc841f","event":"debug","phase":"DISTANCE_FILTER","message":"Starting distance-to-route filtering","latency_ms":88,"data":{"all_pois_count":4048,"buffer_meters":5000}}
{"timestamp":"2026-02-14 01:20:58.000000","request_id":"54b8b72c-99ed-4610-b01d-18480bbc841f","event":"debug","phase":"DISTANCE_FILTER","message":"Filtering complete","latency_ms":104,"data":{"filtered_pois_count":4}}
{"timestamp":"2026-02-14 01:20:58.000000","request_id":"54b8b72c-99ed-4610-b01d-18480bbc841f","event":"response_success","endpoint":"/api/pois-for-route","http_code":200,"latency_ms":104,"cache_hit":false,"cache_miss":false,"data_count":4}
{"timestamp":"2026-02-14 01:20:58.000000","request_id":"54b8b72c-99ed-4610-b01d-18480bbc841f","event":"debug","phase":"RESPONSE","message":"Final POI count","latency_ms":104,"data":{"total_in_route":4,"returned":4,"by_category":{"restaurant":1,"temple":3}}}
{"timestamp":"2026-02-14 01:24:17.000000","request_id":"7b1b72b3-206c-4b46-930a-f5333f481a4b","event":"request_start","endpoint":"/api/pois-for-route","method":"POST","ip_address":"127.0.0.1","user_id":null}
{"timestamp":"2026-02-14 01:24:17.000000","request_id":"7b1b72b3-206c-4b46-930a-f5333f481a4b","event":"debug","phase":"VALIDATION","message":"Polyline received","latency_ms":0,"data":{"point_count":10}}
{"timestamp":"2026-02-14 01:24:17.000000","request_id":"7b1b72b3-206c-4b46-930a-f5333f481a4b","event":"debug","phase":"VALIDATION","message":"Input validated","latency_ms":0,"data":{"polyline_points":10,"categories":["temple","restaurant"],"radius_km":5}}
{"timestamp":"2026-02-14 01:24:17.000000","request_id":"7b1b72b3-206c-4b46-930a-f5333f481a4b","event":"debug","phase":"BBOX_QUERY","message":"Executing spatial query","latency_ms":1,"data":{"min_lat":10.745454954954955,"max_lat":17.43004504504505,"min_lng":78.42935495495496,"max_lng":78.74974504504505,"categories":["temple","restaurant"]}}
{"timestamp":"2026-02-14 01:24:17.000000","request_id":"7b1b72b3-206c-4b46-930a-f5333f481a4b","event":"debug","phase":"BBOX_RESULT","message":"Bounding box query completed","latency_ms":48,"data":{"pois_in_bbox":156}}
{"timestamp":"2026-02-14 01:24:17.000000","request_id":"7b1b72b3-206c-4b46-930a-f5333f481a4b","event":"debug","phase":"DISTANCE_FILTER","message":"Starting distance-to-route filtering","latency_ms":48,"data":{"all_pois_count":156,"buffer_meters":5000}}
{"timestamp":"2026-02-14 01:24:17.000000","request_id":"7b1b72b3-206c-4b46-930a-f5333f481a4b","event":"debug","phase":"DISTANCE_FILTER","message":"Filtering complete","latency_ms":49,"data":{"filtered_pois_count":1}}
{"timestamp":"2026-02-14 01:24:17.000000","request_id":"7b1b72b3-206c-4b46-930a-f5333f481a4b","event":"response_success","endpoint":"/api/pois-for-route","http_code":200,"latency_ms":49,"cache_hit":false,"cache_miss":false,"data_count":1}
{"timestamp":"2026-02-14 01:24:17.000000","request_id":"7b1b72b3-206c-4b46-930a-f5333f481a4b","event":"debug","phase":"RESPONSE","message":"Final POI count","latency_ms":49,"data":{"total_in_route":1,"returned":1,"by_category":{"restaurant":1}}}
{"timestamp":"2026-02-14 01:24:17.000000","request_id":"a7935ce8-ba39-4c30-ac9f-27086a727730","event":"request_start","endpoint":"/api/pois-for-route","method":"POST","ip_address":"127.0.0.1","user_id":null}
{"timestamp":"2026-02-14 01:24:17.000000","request_id":"a7935ce8-ba39-4c30-ac9f-27086a727730","event":"debug","phase":"VALIDATION","message":"Polyline received","latency_ms":0,"data":{"point_count":10}}
{"timestamp":"2026-02-14 01:24:17.000000","request_id":"a7935ce8-ba39-4c30-ac9f-27086a727730","event":"debug","phase":"VALIDATION","message":"Input validated","latency_ms":0,"data":{"polyline_points":10,"categories":["temple","restaurant"],"radius_km":5}}
{"timestamp":"2026-02-14 01:24:17.000000","request_id":"a7935ce8-ba39-4c30-ac9f-27086a727730","event":"debug","phase":"BBOX_QUERY","message":"Executing spatial query","latency_ms":1,"data":{"min_lat":10.745454954954955,"max_lat":17.43004504504505,"min_lng":78.42935495495496,"max_lng":78.74974504504505,"categories":["temple","restaurant"]}}
{"timestamp":"2026-02-14 01:24:17.000000","request_id":"a7935ce8-ba39-4c30-ac9f-27086a727730","event":"debug","phase":"BBOX_RESULT","message":"Bounding box query completed","latency_ms":27,"data":{"pois_in_bbox":156}}
{"timestamp":"2026-02-14 01:24:17.000000","request_id":"a7935ce8-ba39-4c30-ac9f-27086a727730","event":"debug","phase":"DISTANCE_FILTER","message":"Starting distance-to-route filtering","latency_ms":27,"data":{"all_pois_count":156,"buffer_meters":5000}}
{"timestamp":"2026-02-14 01:24:17.000000","request_id":"a7935ce8-ba39-4c30-ac9f-27086a727730","event":"debug","phase":"DISTANCE_FILTER","message":"Filtering complete","latency_ms":28,"data":{"filtered_pois_count":1}}
{"timestamp":"2026-02-14 01:24:17.000000","request_id":"a7935ce8-ba39-4c30-ac9f-27086a727730","event":"response_success","endpoint":"/api/pois-for-route","http_code":200,"latency_ms":28,"cache_hit":false,"cache_miss":false,"data_count":1}
{"timestamp":"2026-02-14 01:24:17.000000","request_id":"a7935ce8-ba39-4c30-ac9f-27086a727730","event":"debug","phase":"RESPONSE","message":"Final POI count","latency_ms":28,"data":{"total_in_route":1,"returned":1,"by_category":{"restaurant":1}}}
{"timestamp":"2026-02-14 01:24:26.000000","request_id":"63c6a7c7-3208-4f10-9c13-37584ce9b0f3","event":"request_start","endpoint":"/api/pois-for-route","method":"POST","ip_address":"127.0.0.1","user_id":null}
{"timestamp":"2026-02-14 01:24:26.000000","request_id":"63c6a7c7-3208-4f10-9c13-37584ce9b0f3","event":"debug","phase":"VALIDATION","message":"Polyline received","latency_ms":0,"data":{"point_count":11}}
{"timestamp":"2026-02-14 01:24:26.000000","request_id":"63c6a7c7-3208-4f10-9c13-37584ce9b0f3","event":"debug","phase":"VALIDATION","message":"Input validated","latency_ms":1,"data":{"polyline_points":11,"categories":["temple","restaurant"],"radius_km":5}}
{"timestamp":"2026-02-14 01:24:26.000000","request_id":"63c6a7c7-3208-4f10-9c13-37584ce9b0f3","event":"debug","phase":"BBOX_QUERY","message":"Executing spatial query","latency_ms":1,"data":{"min_lat":13.038648954954954,"max_lat":28.658940045045046,"min_lng":77.16396095495496,"max_lng":80.31523104504504,"categories":["temple","restaurant"]}}
{"timestamp":"2026-02-14 01:24:26.000000","request_id":"63c6a7c7-3208-4f10-9c13-37584ce9b0f3","event":"debug","phase":"BBOX_RESULT","message":"Bounding box query completed","latency_ms":105,"data":{"pois_in_bbox":4048}}
{"timestamp":"2026-02-14 01:24:26.000000","request_id":"63c6a7c7-3208-4f10-9c13-37584ce9b0f3","event":"debug","phase":"DISTANCE_FILTER","message":"Starting distance-to-route filtering","latency_ms":105,"data":{"all_pois_count":4048,"buffer_meters":5000}}
{"timestamp":"2026-02-14 01:24:26.000000","request_id":"63c6a7c7-3208-4f10-9c13-37584ce9b0f3","event":"debug","phase":"DISTANCE_FILTER","message":"Filtering complete","latency_ms":137,"data":{"filtered_pois_count":4}}
{"timestamp":"2026-02-14 01:24:26.000000","request_id":"63c6a7c7-3208-4f10-9c13-37584ce9b0f3","event":"response_success","endpoint":"/api/pois-for-route","http_code":200,"latency_ms":138,"cache_hit":false,"cache_miss":false,"data_count":4}
{"timestamp":"2026-02-14 01:24:26.000000","request_id":"63c6a7c7-3208-4f10-9c13-37584ce9b0f3","event":"debug","phase":"RESPONSE","message":"Final POI count","latency_ms":138,"data":{"total_in_route":4,"returned":4,"by_category":{"restaurant":1,"temple":3}}}
{"timestamp":"2026-02-14 01:24:26.000000","request_id":"e3128c8b-ddd0-4463-901f-7bb7ef875b5a","event":"request_start","endpoint":"/api/pois-for-route","method":"POST","ip_address":"127.0.0.1","user_id":null}
{"timestamp":"2026-02-14 01:24:26.000000","request_id":"e3128c8b-ddd0-4463-901f-7bb7ef875b5a","event":"debug","phase":"VALIDATION","message":"Polyline received","latency_ms":0,"data":{"point_count":11}}
{"timestamp":"2026-02-14 01:24:26.000000","request_id":"e3128c8b-ddd0-4463-901f-7bb7ef875b5a","event":"debug","phase":"VALIDATION","message":"Input validated","latency_ms":1,"data":{"polyline_points":11,"categories":["temple","restaurant"],"radius_km":5}}
{"timestamp":"2026-02-14 01:24:26.000000","request_id":"e3128c8b-ddd0-4463-901f-7bb7ef875b5a","event":"debug","phase":"BBOX_QUERY","message":"Executing spatial query","latency_ms":1,"data":{"min_lat":13.038648954954954,"max_lat":28.658940045045046,"min_lng":77.16396095495496,"max_lng":80.31523104504504,"categories":["temple","restaurant"]}}
{"timestamp":"2026-02-14 01:24:26.000000","request_id":"e3128c8b-ddd0-4463-901f-7bb7ef875b5a","event":"debug","phase":"BBOX_RESULT","message":"Bounding box query completed","latency_ms":95,"data":{"pois_in_bbox":4048}}
{"timestamp":"2026-02-14 01:24:26.000000","request_id":"e3128c8b-ddd0-4463-901f-7bb7ef875b5a","event":"debug","phase":"DISTANCE_FILTER","message":"Starting distance-to-route filtering","latency_ms":95,"data":{"all_pois_count":4048,"buffer_meters":5000}}
{"timestamp":"2026-02-14 01:24:26.000000","request_id":"e3128c8b-ddd0-4463-901f-7bb7ef875b5a","event":"debug","phase":"DISTANCE_FILTER","message":"Filtering complete","latency_ms":129,"data":{"filtered_pois_count":4}}
{"timestamp":"2026-02-14 01:24:26.000000","request_id":"e3128c8b-ddd0-4463-901f-7bb7ef875b5a","event":"response_success","endpoint":"/api/pois-for-route","http_code":200,"latency_ms":130,"cache_hit":false,"cache_miss":false,"data_count":4}
{"timestamp":"2026-02-14 01:24:26.000000","request_id":"e3128c8b-ddd0-4463-901f-7bb7ef875b5a","event":"debug","phase":"RESPONSE","message":"Final POI count","latency_ms":130,"data":{"total_in_route":4,"returned":4,"by_category":{"restaurant":1,"temple":3}}}
{"timestamp":"2026-02-14 01:24:58.000000","request_id":"3ddf21c7-535b-4a87-85cf-77dc130de9e2","event":"request_start","endpoint":"/api/pois-for-route","method":"POST","ip_address":"127.0.0.1","user_id":null}
{"timestamp":"2026-02-14 01:24:58.000000","request_id":"3ddf21c7-535b-4a87-85cf-77dc130de9e2","event":"debug","phase":"VALIDATION","message":"Polyline received","latency_ms":1,"data":{"point_count":750}}
{"timestamp":"2026-02-14 01:24:58.000000","request_id":"3ddf21c7-535b-4a87-85cf-77dc130de9e2","event":"debug","phase":"VALIDATION","message":"Input validated","latency_ms":2,"data":{"polyline_points":750,"categories":["temple","fuel","charger","toll","restaurant","hospital"],"radius_km":3}}
{"timestamp":"2026-02-14 01:24:58.000000","request_id":"3ddf21c7-535b-4a87-85cf-77dc130de9e2","event":"debug","phase":"BBOX_QUERY","message":"Executing spatial query","latency_ms":4,"data":{"min_lat":9.508334972972973,"max_lat":13.112665027027026,"min_lng":76.62139497297296,"max_lng":80.29722702702703,"categories":["temple","fuel","charger","toll","restaurant","hospital"]}}
{"timestamp":"2026-02-14 01:24:59.000000","request_id":"3ddf21c7-535b-4a87-85cf-77dc130de9e2","event":"debug","phase":"BBOX_RESULT","message":"Bounding box query completed","latency_ms":73,"data":{"pois_in_bbox":2686}}
{"timestamp":"2026-02-14 01:24:59.000000","request_id":"3ddf21c7-535b-4a87-85cf-77dc130de9e2","event":"debug","phase":"DISTANCE_FILTER","message":"Starting distance-to-route filtering","latency_ms":74,"data":{"all_pois_count":2686,"buffer_meters":3000}}
{"timestamp":"2026-02-14 01:24:59.000000","request_id":"3ddf21c7-535b-4a87-85cf-77dc130de9e2","event":"debug","phase":"DISTANCE_FILTER","message":"Filtering complete","latency_ms":402,"data":{"filtered_pois_count":39}}
{"timestamp":"2026-02-14 01:24:59.000000","request_id":"3ddf21c7-535b-4a87-85cf-77dc130de9e2","event":"response_success","endpoint":"/api/pois-for-route","http_code":200,"latency_ms":402,"cache_hit":false,"cache_miss":false,"data_count":39}
{"timestamp":"2026-02-14 01:24:59.000000","request_id":"3ddf21c7-535b-4a87-85cf-77dc130de9e2","event":"debug","phase":"RESPONSE","message":"Final POI count","latency_ms":402,"data":{"total_in_route":39,"returned":39,"by_category":{"fuel":8,"restaurant":17,"hospital":12,"temple":2}}}
{"timestamp":"2026-02-14 01:25:05.000000","request_id":"b65ae578-3979-40a7-9206-3ad60f634f92","event":"request_start","endpoint":"/api/pois-for-route","method":"POST","ip_address":"127.0.0.1","user_id":null}
{"timestamp":"2026-02-14 01:25:05.000000","request_id":"b65ae578-3979-40a7-9206-3ad60f634f92","event":"debug","phase":"VALIDATION","message":"Polyline received","latency_ms":0,"data":{"point_count":10}}
{"timestamp":"2026-02-14 01:25:05.000000","request_id":"b65ae578-3979-40a7-9206-3ad60f634f92","event":"debug","phase":"VALIDATION","message":"Input validated","latency_ms":0,"data":{"polyline_points":10,"categories":["temple","restaurant"],"radius_km":5}}
{"timestamp":"2026-02-14 01:25:05.000000","request_id":"b65ae578-3979-40a7-9206-3ad60f634f92","event":"debug","phase":"BBOX_QUERY","message":"Executing spatial query","latency_ms":2,"data":{"min_lat":9.538254954954954,"max_lat":13.127745045045046,"min_lng":76.47165495495496,"max_lng":80.32004504504505,"categories":["temple","restaurant"]}}
{"timestamp":"2026-02-14 01:25:05.000000","request_id":"b65ae578-3979-40a7-9206-3ad60f634f92","event":"debug","phase":"BBOX_RESULT","message":"Bounding box query completed","latency_ms":27,"data":{"pois_in_bbox":1085}}
{"timestamp":"2026-02-14 01:25:05.000000","request_id":"b65ae578-3979-40a7-9206-3ad60f634f92","event":"debug","phase":"DISTANCE_FILTER","message":"Starting distance-to-route filtering","latency_ms":28,"data":{"all_pois_count":1085,"buffer_meters":5000}}
{"timestamp":"2026-02-14 01:25:05.000000","request_id":"b65ae578-3979-40a7-9206-3ad60f634f92","event":"debug","phase":"DISTANCE_FILTER","message":"Filtering complete","latency_ms":35,"data":{"filtered_pois_count":4}}
{"timestamp":"2026-02-14 01:25:05.000000","request_id":"b65ae578-3979-40a7-9206-3ad60f634f92","event":"response_success","endpoint":"/api/pois-for-route","http_code":200,"latency_ms":36,"cache_hit":false,"cache_miss":false,"data_count":4}
{"timestamp":"2026-02-14 01:25:05.000000","request_id":"b65ae578-3979-40a7-9206-3ad60f634f92","event":"debug","phase":"RESPONSE","message":"Final POI count","latency_ms":36,"data":{"total_in_route":4,"returned":4,"by_category":{"restaurant":3,"temple":1}}}
{"timestamp":"2026-02-14 01:25:05.000000","request_id":"823a1905-c02c-45dc-92aa-444cfcc24eb8","event":"request_start","endpoint":"/api/pois-for-route","method":"POST","ip_address":"127.0.0.1","user_id":null}
{"timestamp":"2026-02-14 01:25:05.000000","request_id":"823a1905-c02c-45dc-92aa-444cfcc24eb8","event":"debug","phase":"VALIDATION","message":"Polyline received","latency_ms":0,"data":{"point_count":10}}
{"timestamp":"2026-02-14 01:25:05.000000","request_id":"823a1905-c02c-45dc-92aa-444cfcc24eb8","event":"debug","phase":"VALIDATION","message":"Input validated","latency_ms":1,"data":{"polyline_points":10,"categories":["temple","restaurant"],"radius_km":5}}
{"timestamp":"2026-02-14 01:25:05.000000","request_id":"823a1905-c02c-45dc-92aa-444cfcc24eb8","event":"debug","phase":"BBOX_QUERY","message":"Executing spatial query","latency_ms":2,"data":{"min_lat":9.538254954954954,"max_lat":13.127745045045046,"min_lng":76.47165495495496,"max_lng":80.32004504504505,"categories":["temple","restaurant"]}}
{"timestamp":"2026-02-14 01:25:05.000000","request_id":"823a1905-c02c-45dc-92aa-444cfcc24eb8","event":"debug","phase":"BBOX_RESULT","message":"Bounding box query completed","latency_ms":25,"data":{"pois_in_bbox":1085}}
{"timestamp":"2026-02-14 01:25:05.000000","request_id":"823a1905-c02c-45dc-92aa-444cfcc24eb8","event":"debug","phase":"DISTANCE_FILTER","message":"Starting distance-to-route filtering","latency_ms":26,"data":{"all_pois_count":1085,"buffer_meters":5000}}
{"timestamp":"2026-02-14 01:25:05.000000","request_id":"823a1905-c02c-45dc-92aa-444cfcc24eb8","event":"debug","phase":"DISTANCE_FILTER","message":"Filtering complete","latency_ms":34,"data":{"filtered_pois_count":4}}
{"timestamp":"2026-02-14 01:25:05.000000","request_id":"823a1905-c02c-45dc-92aa-444cfcc24eb8","event":"response_success","endpoint":"/api/pois-for-route","http_code":200,"latency_ms":35,"cache_hit":false,"cache_miss":false,"data_count":4}
{"timestamp":"2026-02-14 01:25:05.000000","request_id":"823a1905-c02c-45dc-92aa-444cfcc24eb8","event":"debug","phase":"RESPONSE","message":"Final POI count","latency_ms":35,"data":{"total_in_route":4,"returned":4,"by_category":{"restaurant":3,"temple":1}}}
{"timestamp":"2026-02-14 01:25:15.000000","request_id":"0e58b96e-3dc9-4492-b9dd-67f2fc3e3a19","event":"request_start","endpoint":"/api/pois-for-route","method":"POST","ip_address":"127.0.0.1","user_id":null}
{"timestamp":"2026-02-14 01:25:15.000000","request_id":"0e58b96e-3dc9-4492-b9dd-67f2fc3e3a19","event":"debug","phase":"VALIDATION","message":"Polyline received","latency_ms":0,"data":{"point_count":10}}
{"timestamp":"2026-02-14 01:25:15.000000","request_id":"0e58b96e-3dc9-4492-b9dd-67f2fc3e3a19","event":"debug","phase":"VALIDATION","message":"Input validated","latency_ms":1,"data":{"polyline_points":10,"categories":["temple"],"radius_km":5}}
{"timestamp":"2026-02-14 01:25:15.000000","request_id":"0e58b96e-3dc9-4492-b9dd-67f2fc3e3a19","event":"debug","phase":"BBOX_QUERY","message":"Executing spatial query","latency_ms":1,"data":{"min_lat":9.538254954954954,"max_lat":13.127745045045046,"min_lng":76.47165495495496,"max_lng":80.32004504504505,"categories":["temple"]}}
{"timestamp":"2026-02-14 01:25:15.000000","request_id":"0e58b96e-3dc9-4492-b9dd-67f2fc3e3a19","event":"debug","phase":"BBOX_RESULT","message":"Bounding box query completed","latency_ms":35,"data":{"pois_in_bbox":225}}
{"timestamp":"2026-02-14 01:25:15.000000","request_id":"0e58b96e-3dc9-4492-b9dd-67f2fc3e3a19","event":"debug","phase":"DISTANCE_FILTER","message":"Starting distance-to-route filtering","latency_ms":36,"data":{"all_pois_count":225,"buffer_meters":5000}}
{"timestamp":"2026-02-14 01:25:15.000000","request_id":"0e58b96e-3dc9-4492-b9dd-67f2fc3e3a19","event":"debug","phase":"DISTANCE_FILTER","message":"Filtering complete","latency_ms":38,"data":{"filtered_pois_count":1}}
{"timestamp":"2026-02-14 01:25:15.000000","request_id":"0e58b96e-3dc9-4492-b9dd-67f2fc3e3a19","event":"response_success","endpoint":"/api/pois-for-route","http_code":200,"latency_ms":38,"cache_hit":false,"cache_miss":false,"data_count":1}
{"timestamp":"2026-02-14 01:25:15.000000","request_id":"0e58b96e-3dc9-4492-b9dd-67f2fc3e3a19","event":"debug","phase":"RESPONSE","message":"Final POI count","latency_ms":39,"data":{"total_in_route":1,"returned":1,"by_category":{"temple":1}}}
{"timestamp":"2026-02-14 01:25:16.000000","request_id":"8cadf429-eb0a-4b2d-a316-8ed5c61a91fc","event":"request_start","endpoint":"/api/pois-for-route","method":"POST","ip_address":"127.0.0.1","user_id":null}
{"timestamp":"2026-02-14 01:25:16.000000","request_id":"8cadf429-eb0a-4b2d-a316-8ed5c61a91fc","event":"debug","phase":"VALIDATION","message":"Polyline received","latency_ms":0,"data":{"point_count":10}}
{"timestamp":"2026-02-14 01:25:16.000000","request_id":"8cadf429-eb0a-4b2d-a316-8ed5c61a91fc","event":"debug","phase":"VALIDATION","message":"Input validated","latency_ms":1,"data":{"polyline_points":10,"categories":["restaurant"],"radius_km":5}}
{"timestamp":"2026-02-14 01:25:16.000000","request_id":"8cadf429-eb0a-4b2d-a316-8ed5c61a91fc","event":"debug","phase":"BBOX_QUERY","message":"Executing spatial query","latency_ms":2,"data":{"min_lat":9.538254954954954,"max_lat":13.127745045045046,"min_lng":76.47165495495496,"max_lng":80.32004504504505,"categories":["restaurant"]}}
{"timestamp":"2026-02-14 01:25:17.000000","request_id":"8cadf429-eb0a-4b2d-a316-8ed5c61a91fc","event":"debug","phase":"BBOX_RESULT","message":"Bounding box query completed","latency_ms":302,"data":{"pois_in_bbox":860}}
{"timestamp":"2026-02-14 01:25:17.000000","request_id":"8cadf429-eb0a-4b2d-a316-8ed5c61a91fc","event":"debug","phase":"DISTANCE_FILTER","message":"Starting distance-to-route filtering","latency_ms":303,"data":{"all_pois_count":860,"buffer_meters":5000}}
{"timestamp":"2026-02-14 01:25:17.000000","request_id":"8cadf429-eb0a-4b2d-a316-8ed5c61a91fc","event":"debug","phase":"DISTANCE_FILTER","message":"Filtering complete","latency_ms":310,"data":{"filtered_pois_count":3}}
{"timestamp":"2026-02-14 01:25:17.000000","request_id":"8cadf429-eb0a-4b2d-a316-8ed5c61a91fc","event":"response_success","endpoint":"/api/pois-for-route","http_code":200,"latency_ms":310,"cache_hit":false,"cache_miss":false,"data_count":3}
{"timestamp":"2026-02-14 01:25:17.000000","request_id":"8cadf429-eb0a-4b2d-a316-8ed5c61a91fc","event":"debug","phase":"RESPONSE","message":"Final POI count","latency_ms":310,"data":{"total_in_route":3,"returned":3,"by_category":{"restaurant":3}}}
{"timestamp":"2026-02-14 01:25:24.000000","request_id":"8ea989a1-dc90-46b2-ad7e-9427f6ffbf7b","event":"request_start","endpoint":"/api/pois-for-route","method":"POST","ip_address":"127.0.0.1","user_id":null}
{"timestamp":"2026-02-14 01:25:24.000000","request_id":"8ea989a1-dc90-46b2-ad7e-9427f6ffbf7b","event":"debug","phase":"VALIDATION","message":"Polyline received","latency_ms":1,"data":{"point_count":10}}
{"timestamp":"2026-02-14 01:25:24.000000","request_id":"8ea989a1-dc90-46b2-ad7e-9427f6ffbf7b","event":"debug","phase":"VALIDATION","message":"Input validated","latency_ms":1,"data":{"polyline_points":10,"categories":["restaurant"],"radius_km":4}}
{"timestamp":"2026-02-14 01:25:25.000000","request_id":"8ea989a1-dc90-46b2-ad7e-9427f6ffbf7b","event":"debug","phase":"BBOX_QUERY","message":"Executing spatial query","latency_ms":2,"data":{"min_lat":9.547263963963964,"max_lat":13.118736036036037,"min_lng":76.48066396396396,"max_lng":80.31103603603604,"categories":["restaurant"]}}
{"timestamp":"2026-02-14 01:25:25.000000","request_id":"8ea989a1-dc90-46b2-ad7e-9427f6ffbf7b","event":"debug","phase":"BBOX_RESULT","message":"Bounding box query completed","latency_ms":101,"data":{"pois_in_bbox":854}}
{"timestamp":"2026-02-14 01:25:25.000000","request_id":"8ea989a1-dc90-46b2-ad7e-9427f6ffbf7b","event":"debug","phase":"DISTANCE_FILTER","message":"Starting distance-to-route filtering","latency_ms":101,"data":{"all_pois_count":854,"buffer_meters":4000}}
{"timestamp":"2026-02-14 01:25:25.000000","request_id":"8ea989a1-dc90-46b2-ad7e-9427f6ffbf7b","event":"debug","phase":"DISTANCE_FILTER","message":"Filtering complete","latency_ms":108,"data":{"filtered_pois_count":2}}
{"timestamp":"2026-02-14 01:25:25.000000","request_id":"8ea989a1-dc90-46b2-ad7e-9427f6ffbf7b","event":"response_success","endpoint":"/api/pois-for-route","http_code":200,"latency_ms":108,"cache_hit":false,"cache_miss":false,"data_count":2}
{"timestamp":"2026-02-14 01:25:25.000000","request_id":"8ea989a1-dc90-46b2-ad7e-9427f6ffbf7b","event":"debug","phase":"RESPONSE","message":"Final POI count","latency_ms":108,"data":{"total_in_route":2,"returned":2,"by_category":{"restaurant":2}}}
{"timestamp":"2026-02-14 01:25:25.000000","request_id":"90709e6a-c136-4f96-9169-27511bb881f1","event":"request_start","endpoint":"/api/pois-for-route","method":"POST","ip_address":"127.0.0.1","user_id":null}
{"timestamp":"2026-02-14 01:25:25.000000","request_id":"90709e6a-c136-4f96-9169-27511bb881f1","event":"debug","phase":"VALIDATION","message":"Polyline received","latency_ms":0,"data":{"point_count":10}}
{"timestamp":"2026-02-14 01:25:25.000000","request_id":"90709e6a-c136-4f96-9169-27511bb881f1","event":"debug","phase":"VALIDATION","message":"Input validated","latency_ms":1,"data":{"polyline_points":10,"categories":["restaurant"],"radius_km":3}}
{"timestamp":"2026-02-14 01:25:25.000000","request_id":"90709e6a-c136-4f96-9169-27511bb881f1","event":"debug","phase":"BBOX_QUERY","message":"Executing spatial query","latency_ms":1,"data":{"min_lat":9.556272972972973,"max_lat":13.109727027027027,"min_lng":76.48967297297297,"max_lng":80.30202702702704,"categories":["restaurant"]}}
{"timestamp":"2026-02-14 01:25:25.000000","request_id":"90709e6a-c136-4f96-9169-27511bb881f1","event":"debug","phase":"BBOX_RESULT","message":"Bounding box query completed","latency_ms":100,"data":{"pois_in_bbox":850}}
{"timestamp":"2026-02-14 01:25:25.000000","request_id":"90709e6a-c136-4f96-9169-27511bb881f1","event":"debug","phase":"DISTANCE_FILTER","message":"Starting distance-to-route filtering","latency_ms":101,"data":{"all_pois_count":850,"buffer_meters":3000}}
{"timestamp":"2026-02-14 01:25:25.000000","request_id":"90709e6a-c136-4f96-9169-27511bb881f1","event":"debug","phase":"DISTANCE_FILTER","message":"Filtering complete","latency_ms":107,"data":{"filtered_pois_count":1}}
{"timestamp":"2026-02-14 01:25:25.000000","request_id":"90709e6a-c136-4f96-9169-27511bb881f1","event":"response_success","endpoint":"/api/pois-for-route","http_code":200,"latency_ms":107,"cache_hit":false,"cache_miss":false,"data_count":1}
{"timestamp":"2026-02-14 01:25:25.000000","request_id":"90709e6a-c136-4f96-9169-27511bb881f1","event":"debug","phase":"RESPONSE","message":"Final POI count","latency_ms":108,"data":{"total_in_route":1,"returned":1,"by_category":{"restaurant":1}}}
{"timestamp":"2026-02-14 01:25:25.000000","request_id":"249927f6-692c-44ea-b1b5-f0110da33a8c","event":"request_start","endpoint":"/api/pois-for-route","method":"POST","ip_address":"127.0.0.1","user_id":null}
{"timestamp":"2026-02-14 01:25:25.000000","request_id":"249927f6-692c-44ea-b1b5-f0110da33a8c","event":"debug","phase":"VALIDATION","message":"Polyline received","latency_ms":0,"data":{"point_count":10}}
{"timestamp":"2026-02-14 01:25:25.000000","request_id":"249927f6-692c-44ea-b1b5-f0110da33a8c","event":"debug","phase":"VALIDATION","message":"Input validated","latency_ms":0,"data":{"polyline_points":10,"categories":["restaurant"],"radius_km":2}}
{"timestamp":"2026-02-14 01:25:25.000000","request_id":"249927f6-692c-44ea-b1b5-f0110da33a8c","event":"debug","phase":"BBOX_QUERY","message":"Executing spatial query","latency_ms":1,"data":{"min_lat":9.56528198198198,"max_lat":13.10071801801802,"min_lng":76.49868198198199,"max_lng":80.29301801801802,"categories":["restaurant"]}}
{"timestamp":"2026-02-14 01:25:25.000000","request_id":"249927f6-692c-44ea-b1b5-f0110da33a8c","event":"debug","phase":"BBOX_RESULT","message":"Bounding box query completed","latency_ms":94,"data":{"pois_in_bbox":840}}
{"timestamp":"2026-02-14 01:25:25.000000","request_id":"249927f6-692c-44ea-b1b5-f0110da33a8c","event":"debug","phase":"DISTANCE_FILTER","message":"Starting distance-to-route filtering","latency_ms":94,"data":{"all_pois_count":840,"buffer_meters":2000}}
{"timestamp":"2026-02-14 01:25:25.000000","request_id":"249927f6-692c-44ea-b1b5-f0110da33a8c","event":"debug","phase":"DISTANCE_FILTER","message":"Filtering complete","latency_ms":100,"data":{"filtered_pois_count":1}}
{"timestamp":"2026-02-14 01:25:25.000000","request_id":"249927f6-692c-44ea-b1b5-f0110da33a8c","event":"response_success","endpoint":"/api/pois-for-route","http_code":200,"latency_ms":100,"cache_hit":false,"cache_miss":false,"data_count":1}
{"timestamp":"2026-02-14 01:25:25.000000","request_id":"249927f6-692c-44ea-b1b5-f0110da33a8c","event":"debug","phase":"RESPONSE","message":"Final POI count","latency_ms":100,"data":{"total_in_route":1,"returned":1,"by_category":{"restaurant":1}}}
{"timestamp":"2026-02-14 01:25:25.000000","request_id":"65178559-c901-4288-8313-4a0e4b351693","event":"request_start","endpoint":"/api/pois-for-route","method":"POST","ip_address":"127.0.0.1","user_id":null}
{"timestamp":"2026-02-14 01:25:25.000000","request_id":"65178559-c901-4288-8313-4a0e4b351693","event":"debug","phase":"VALIDATION","message":"Polyline received","latency_ms":0,"data":{"point_count":10}}
{"timestamp":"2026-02-14 01:25:25.000000","request_id":"65178559-c901-4288-8313-4a0e4b351693","event":"debug","phase":"VALIDATION","message":"Input validated","latency_ms":0,"data":{"polyline_points":10,"categories":["restaurant"],"radius_km":1}}
{"timestamp":"2026-02-14 01:25:25.000000","request_id":"65178559-c901-4288-8313-4a0e4b351693","event":"debug","phase":"BBOX_QUERY","message":"Executing spatial query","latency_ms":1,"data":{"min_lat":9.57429099099099,"max_lat":13.09170900900901,"min_lng":76.507690990991,"max_lng":80.28400900900901,"categories":["restaurant"]}}
{"timestamp":"2026-02-14 01:25:25.000000","request_id":"65178559-c901-4288-8313-4a0e4b351693","event":"debug","phase":"BBOX_RESULT","message":"Bounding box query completed","latency_ms":89,"data":{"pois_in_bbox":835}}
{"timestamp":"2026-02-14 01:25:25.000000","request_id":"65178559-c901-4288-8313-4a0e4b351693","event":"debug","phase":"DISTANCE_FILTER","message":"Starting distance-to-route filtering","latency_ms":89,"data":{"all_pois_count":835,"buffer_meters":1000}}
{"timestamp":"2026-02-14 01:25:25.000000","request_id":"65178559-c901-4288-8313-4a0e4b351693","event":"debug","phase":"DISTANCE_FILTER","message":"Filtering complete","latency_ms":96,"data":{"filtered_pois_count":1}}
{"timestamp":"2026-02-14 01:25:25.000000","request_id":"65178559-c901-4288-8313-4a0e4b351693","event":"response_success","endpoint":"/api/pois-for-route","http_code":200,"latency_ms":97,"cache_hit":false,"cache_miss":false,"data_count":1}
{"timestamp":"2026-02-14 01:25:25.000000","request_id":"65178559-c901-4288-8313-4a0e4b351693","event":"debug","phase":"RESPONSE","message":"Final POI count","latency_ms":97,"data":{"total_in_route":1,"returned":1,"by_category":{"restaurant":1}}}
{"timestamp":"2026-02-14 01:25:28.000000","request_id":"9357ff96-e275-4379-ac53-909593b88dcf","event":"request_start","endpoint":"/api/pois-for-route","method":"POST","ip_address":"127.0.0.1","user_id":null}
{"timestamp":"2026-02-14 01:25:28.000000","request_id":"9357ff96-e275-4379-ac53-909593b88dcf","event":"debug","phase":"VALIDATION","message":"Polyline received","latency_ms":0,"data":{"point_count":10}}
{"timestamp":"2026-02-14 01:25:28.000000","request_id":"9357ff96-e275-4379-ac53-909593b88dcf","event":"debug","phase":"VALIDATION","message":"Input validated","latency_ms":0,"data":{"polyline_points":10,"categories":["temple","restaurant"],"radius_km":1}}
{"timestamp":"2026-02-14 01:25:28.000000","request_id":"9357ff96-e275-4379-ac53-909593b88dcf","event":"debug","phase":"BBOX_QUERY","message":"Executing spatial query","latency_ms":1,"data":{"min_lat":9.57429099099099,"max_lat":13.09170900900901,"min_lng":76.507690990991,"max_lng":80.28400900900901,"categories":["temple","restaurant"]}}
{"timestamp":"2026-02-14 01:25:28.000000","request_id":"9357ff96-e275-4379-ac53-909593b88dcf","event":"debug","phase":"BBOX_RESULT","message":"Bounding box query completed","latency_ms":26,"data":{"pois_in_bbox":1051}}
{"timestamp":"2026-02-14 01:25:28.000000","request_id":"9357ff96-e275-4379-ac53-909593b88dcf","event":"debug","phase":"DISTANCE_FILTER","message":"Starting distance-to-route filtering","latency_ms":26,"data":{"all_pois_count":1051,"buffer_meters":1000}}
{"timestamp":"2026-02-14 01:25:28.000000","request_id":"9357ff96-e275-4379-ac53-909593b88dcf","event":"debug","phase":"DISTANCE_FILTER","message":"Filtering complete","latency_ms":34,"data":{"filtered_pois_count":1}}
{"timestamp":"2026-02-14 01:25:28.000000","request_id":"9357ff96-e275-4379-ac53-909593b88dcf","event":"response_success","endpoint":"/api/pois-for-route","http_code":200,"latency_ms":35,"cache_hit":false,"cache_miss":false,"data_count":1}
{"timestamp":"2026-02-14 01:25:28.000000","request_id":"9357ff96-e275-4379-ac53-909593b88dcf","event":"debug","phase":"RESPONSE","message":"Final POI count","latency_ms":35,"data":{"total_in_route":1,"returned":1,"by_category":{"restaurant":1}}}
{"timestamp":"2026-02-14 01:25:33.000000","request_id":"e88a453d-a1d9-40d6-924a-e9f1863af2bb","event":"request_start","endpoint":"/api/pois-for-route","method":"POST","ip_address":"127.0.0.1","user_id":null}
{"timestamp":"2026-02-14 01:25:33.000000","request_id":"e88a453d-a1d9-40d6-924a-e9f1863af2bb","event":"debug","phase":"VALIDATION","message":"Polyline received","latency_ms":0,"data":{"point_count":10}}
{"timestamp":"2026-02-14 01:25:33.000000","request_id":"e88a453d-a1d9-40d6-924a-e9f1863af2bb","event":"debug","phase":"VALIDATION","message":"Input validated","latency_ms":1,"data":{"polyline_points":10,"categories":["temple","restaurant"],"radius_km":2}}
{"timestamp":"2026-02-14 01:25:33.000000","request_id":"e88a453d-a1d9-40d6-924a-e9f1863af2bb","event":"debug","phase":"BBOX_QUERY","message":"Executing spatial query","latency_ms":2,"data":{"min_lat":9.56528198198198,"max_lat":13.10071801801802,"min_lng":76.49868198198199,"max_lng":80.29301801801802,"categories":["temple","restaurant"]}}
{"timestamp":"2026-02-14 01:25:33.000000","request_id":"e88a453d-a1d9-40d6-924a-e9f1863af2bb","event":"debug","phase":"BBOX_RESULT","message":"Bounding box query completed","latency_ms":33,"data":{"pois_in_bbox":1057}}
{"timestamp":"2026-02-14 01:25:33.000000","request_id":"e88a453d-a1d9-40d6-924a-e9f1863af2bb","event":"debug","phase":"DISTANCE_FILTER","message":"Starting distance-to-route filtering","latency_ms":34,"data":{"all_pois_count":1057,"buffer_meters":2000}}
{"timestamp":"2026-02-14 01:25:33.000000","request_id":"e88a453d-a1d9-40d6-924a-e9f1863af2bb","event":"debug","phase":"DISTANCE_FILTER","message":"Filtering complete","latency_ms":41,"data":{"filtered_pois_count":2}}
{"timestamp":"2026-02-14 01:25:33.000000","request_id":"e88a453d-a1d9-40d6-924a-e9f1863af2bb","event":"response_success","endpoint":"/api/pois-for-route","http_code":200,"latency_ms":42,"cache_hit":false,"cache_miss":false,"data_count":2}
{"timestamp":"2026-02-14 01:25:33.000000","request_id":"e88a453d-a1d9-40d6-924a-e9f1863af2bb","event":"debug","phase":"RESPONSE","message":"Final POI count","latency_ms":42,"data":{"total_in_route":2,"returned":2,"by_category":{"restaurant":1,"temple":1}}}
{"timestamp":"2026-02-14 01:25:33.000000","request_id":"8daed933-4883-4bdc-8ac5-642e6d908f39","event":"request_start","endpoint":"/api/pois-for-route","method":"POST","ip_address":"127.0.0.1","user_id":null}
{"timestamp":"2026-02-14 01:25:33.000000","request_id":"8daed933-4883-4bdc-8ac5-642e6d908f39","event":"debug","phase":"VALIDATION","message":"Polyline received","latency_ms":0,"data":{"point_count":10}}
{"timestamp":"2026-02-14 01:25:33.000000","request_id":"8daed933-4883-4bdc-8ac5-642e6d908f39","event":"debug","phase":"VALIDATION","message":"Input validated","latency_ms":0,"data":{"polyline_points":10,"categories":["temple","restaurant"],"radius_km":3}}
{"timestamp":"2026-02-14 01:25:33.000000","request_id":"8daed933-4883-4bdc-8ac5-642e6d908f39","event":"debug","phase":"BBOX_QUERY","message":"Executing spatial query","latency_ms":1,"data":{"min_lat":9.556272972972973,"max_lat":13.109727027027027,"min_lng":76.48967297297297,"max_lng":80.30202702702704,"categories":["temple","restaurant"]}}
{"timestamp":"2026-02-14 01:25:33.000000","request_id":"8daed933-4883-4bdc-8ac5-642e6d908f39","event":"debug","phase":"BBOX_RESULT","message":"Bounding box query completed","latency_ms":22,"data":{"pois_in_bbox":1070}}
{"timestamp":"2026-02-14 01:25:33.000000","request_id":"8daed933-4883-4bdc-8ac5-642e6d908f39","event":"debug","phase":"DISTANCE_FILTER","message":"Starting distance-to-route filtering","latency_ms":22,"data":{"all_pois_count":1070,"buffer_meters":3000}}
{"timestamp":"2026-02-14 01:25:33.000000","request_id":"8daed933-4883-4bdc-8ac5-642e6d908f39","event":"debug","phase":"DISTANCE_FILTER","message":"Filtering complete","latency_ms":28,"data":{"filtered_pois_count":2}}
{"timestamp":"2026-02-14 01:25:33.000000","request_id":"8daed933-4883-4bdc-8ac5-642e6d908f39","event":"response_success","endpoint":"/api/pois-for-route","http_code":200,"latency_ms":28,"cache_hit":false,"cache_miss":false,"data_count":2}
{"timestamp":"2026-02-14 01:25:33.000000","request_id":"8daed933-4883-4bdc-8ac5-642e6d908f39","event":"debug","phase":"RESPONSE","message":"Final POI count","latency_ms":29,"data":{"total_in_route":2,"returned":2,"by_category":{"restaurant":1,"temple":1}}}
{"timestamp":"2026-02-14 01:25:33.000000","request_id":"3b780911-f22c-4374-b925-77955aed145c","event":"request_start","endpoint":"/api/pois-for-route","method":"POST","ip_address":"127.0.0.1","user_id":null}
{"timestamp":"2026-02-14 01:25:33.000000","request_id":"3b780911-f22c-4374-b925-77955aed145c","event":"debug","phase":"VALIDATION","message":"Polyline received","latency_ms":0,"data":{"point_count":10}}
{"timestamp":"2026-02-14 01:25:33.000000","request_id":"3b780911-f22c-4374-b925-77955aed145c","event":"debug","phase":"VALIDATION","message":"Input validated","latency_ms":0,"data":{"polyline_points":10,"categories":["temple","restaurant"],"radius_km":4}}
{"timestamp":"2026-02-14 01:25:33.000000","request_id":"3b780911-f22c-4374-b925-77955aed145c","event":"debug","phase":"BBOX_QUERY","message":"Executing spatial query","latency_ms":1,"data":{"min_lat":9.547263963963964,"max_lat":13.118736036036037,"min_lng":76.48066396396396,"max_lng":80.31103603603604,"categories":["temple","restaurant"]}}
{"timestamp":"2026-02-14 01:25:33.000000","request_id":"3b780911-f22c-4374-b925-77955aed145c","event":"debug","phase":"BBOX_RESULT","message":"Bounding box query completed","latency_ms":25,"data":{"pois_in_bbox":1075}}
{"timestamp":"2026-02-14 01:25:33.000000","request_id":"3b780911-f22c-4374-b925-77955aed145c","event":"debug","phase":"DISTANCE_FILTER","message":"Starting distance-to-route filtering","latency_ms":25,"data":{"all_pois_count":1075,"buffer_meters":4000}}
{"timestamp":"2026-02-14 01:25:33.000000","request_id":"3b780911-f22c-4374-b925-77955aed145c","event":"debug","phase":"DISTANCE_FILTER","message":"Filtering complete","latency_ms":35,"data":{"filtered_pois_count":3}}
{"timestamp":"2026-02-14 01:25:33.000000","request_id":"3b780911-f22c-4374-b925-77955aed145c","event":"response_success","endpoint":"/api/pois-for-route","http_code":200,"latency_ms":35,"cache_hit":false,"cache_miss":false,"data_count":3}
{"timestamp":"2026-02-14 01:25:33.000000","request_id":"3b780911-f22c-4374-b925-77955aed145c","event":"debug","phase":"RESPONSE","message":"Final POI count","latency_ms":35,"data":{"total_in_route":3,"returned":3,"by_category":{"restaurant":2,"temple":1}}}
{"timestamp":"2026-02-14 01:25:34.000000","request_id":"4da64e0e-896d-41b2-b668-e4fd4518f4af","event":"request_start","endpoint":"/api/pois-for-route","method":"POST","ip_address":"127.0.0.1","user_id":null}
{"timestamp":"2026-02-14 01:25:34.000000","request_id":"4da64e0e-896d-41b2-b668-e4fd4518f4af","event":"debug","phase":"VALIDATION","message":"Polyline received","latency_ms":0,"data":{"point_count":10}}
{"timestamp":"2026-02-14 01:25:34.000000","request_id":"4da64e0e-896d-41b2-b668-e4fd4518f4af","event":"debug","phase":"VALIDATION","message":"Input validated","latency_ms":1,"data":{"polyline_points":10,"categories":["temple","restaurant"],"radius_km":5}}
{"timestamp":"2026-02-14 01:25:34.000000","request_id":"4da64e0e-896d-41b2-b668-e4fd4518f4af","event":"debug","phase":"BBOX_QUERY","message":"Executing spatial query","latency_ms":1,"data":{"min_lat":9.538254954954954,"max_lat":13.127745045045046,"min_lng":76.47165495495496,"max_lng":80.32004504504505,"categories":["temple","restaurant"]}}
{"timestamp":"2026-02-14 01:25:34.000000","request_id":"4da64e0e-896d-41b2-b668-e4fd4518f4af","event":"debug","phase":"BBOX_RESULT","message":"Bounding box query completed","latency_ms":24,"data":{"pois_in_bbox":1085}}
{"timestamp":"2026-02-14 01:25:34.000000","request_id":"4da64e0e-896d-41b2-b668-e4fd4518f4af","event":"debug","phase":"DISTANCE_FILTER","message":"Starting distance-to-route filtering","latency_ms":25,"data":{"all_pois_count":1085,"buffer_meters":5000}}
{"timestamp":"2026-02-14 01:25:34.000000","request_id":"4da64e0e-896d-41b2-b668-e4fd4518f4af","event":"debug","phase":"DISTANCE_FILTER","message":"Filtering complete","latency_ms":32,"data":{"filtered_pois_count":4}}
{"timestamp":"2026-02-14 01:25:34.000000","request_id":"4da64e0e-896d-41b2-b668-e4fd4518f4af","event":"response_success","endpoint":"/api/pois-for-route","http_code":200,"latency_ms":32,"cache_hit":false,"cache_miss":false,"data_count":4}
{"timestamp":"2026-02-14 01:25:34.000000","request_id":"4da64e0e-896d-41b2-b668-e4fd4518f4af","event":"debug","phase":"RESPONSE","message":"Final POI count","latency_ms":33,"data":{"total_in_route":4,"returned":4,"by_category":{"restaurant":3,"temple":1}}}
{"timestamp":"2026-02-14 01:25:35.000000","request_id":"33fe1475-dea5-4d6d-a5d6-05d1c9958e5f","event":"request_start","endpoint":"/api/pois-for-route","method":"POST","ip_address":"127.0.0.1","user_id":null}
{"timestamp":"2026-02-14 01:25:35.000000","request_id":"33fe1475-dea5-4d6d-a5d6-05d1c9958e5f","event":"debug","phase":"VALIDATION","message":"Polyline received","latency_ms":0,"data":{"point_count":10}}
{"timestamp":"2026-02-14 01:25:35.000000","request_id":"33fe1475-dea5-4d6d-a5d6-05d1c9958e5f","event":"debug","phase":"VALIDATION","message":"Input validated","latency_ms":0,"data":{"polyline_points":10,"categories":["temple","restaurant"],"radius_km":6}}
{"timestamp":"2026-02-14 01:25:35.000000","request_id":"33fe1475-dea5-4d6d-a5d6-05d1c9958e5f","event":"debug","phase":"BBOX_QUERY","message":"Executing spatial query","latency_ms":1,"data":{"min_lat":9.529245945945945,"max_lat":13.136754054054055,"min_lng":76.46264594594595,"max_lng":80.32905405405405,"categories":["temple","restaurant"]}}
{"timestamp":"2026-02-14 01:25:35.000000","request_id":"33fe1475-dea5-4d6d-a5d6-05d1c9958e5f","event":"debug","phase":"BBOX_RESULT","message":"Bounding box query completed","latency_ms":22,"data":{"pois_in_bbox":1094}}
{"timestamp":"2026-02-14 01:25:35.000000","request_id":"33fe1475-dea5-4d6d-a5d6-05d1c9958e5f","event":"debug","phase":"DISTANCE_FILTER","message":"Starting distance-to-route filtering","latency_ms":23,"data":{"all_pois_count":1094,"buffer_meters":6000}}
{"timestamp":"2026-02-14 01:25:35.000000","request_id":"33fe1475-dea5-4d6d-a5d6-05d1c9958e5f","event":"debug","phase":"DISTANCE_FILTER","message":"Filtering complete","latency_ms":33,"data":{"filtered_pois_count":5}}
{"timestamp":"2026-02-14 01:25:35.000000","request_id":"33fe1475-dea5-4d6d-a5d6-05d1c9958e5f","event":"response_success","endpoint":"/api/pois-for-route","http_code":200,"latency_ms":34,"cache_hit":false,"cache_miss":false,"data_count":5}
{"timestamp":"2026-02-14 01:25:35.000000","request_id":"33fe1475-dea5-4d6d-a5d6-05d1c9958e5f","event":"debug","phase":"RESPONSE","message":"Final POI count","latency_ms":34,"data":{"total_in_route":5,"returned":5,"by_category":{"restaurant":4,"temple":1}}}
{"timestamp":"2026-02-14 01:25:35.000000","request_id":"fac3d908-82f9-451c-a37a-8e835caafd75","event":"request_start","endpoint":"/api/pois-for-route","method":"POST","ip_address":"127.0.0.1","user_id":null}
{"timestamp":"2026-02-14 01:25:35.000000","request_id":"fac3d908-82f9-451c-a37a-8e835caafd75","event":"debug","phase":"VALIDATION","message":"Polyline received","latency_ms":0,"data":{"point_count":10}}
{"timestamp":"2026-02-14 01:25:35.000000","request_id":"fac3d908-82f9-451c-a37a-8e835caafd75","event":"debug","phase":"VALIDATION","message":"Input validated","latency_ms":0,"data":{"polyline_points":10,"categories":["temple","restaurant"],"radius_km":7}}
{"timestamp":"2026-02-14 01:25:35.000000","request_id":"fac3d908-82f9-451c-a37a-8e835caafd75","event":"debug","phase":"BBOX_QUERY","message":"Executing spatial query","latency_ms":1,"data":{"min_lat":9.520236936936936,"max_lat":13.145763063063065,"min_lng":76.45363693693693,"max_lng":80.33806306306307,"categories":["temple","restaurant"]}}
{"timestamp":"2026-02-14 01:25:35.000000","request_id":"fac3d908-82f9-451c-a37a-8e835caafd75","event":"debug","phase":"BBOX_RESULT","message":"Bounding box query completed","latency_ms":25,"data":{"pois_in_bbox":1104}}
{"timestamp":"2026-02-14 01:25:35.000000","request_id":"fac3d908-82f9-451c-a37a-8e835caafd75","event":"debug","phase":"DISTANCE_FILTER","message":"Starting distance-to-route filtering","latency_ms":26,"data":{"all_pois_count":1104,"buffer_meters":7000}}
{"timestamp":"2026-02-14 01:25:35.000000","request_id":"fac3d908-82f9-451c-a37a-8e835caafd75","event":"debug","phase":"DISTANCE_FILTER","message":"Filtering complete","latency_ms":33,"data":{"filtered_pois_count":8}}
{"timestamp":"2026-02-14 01:25:35.000000","request_id":"fac3d908-82f9-451c-a37a-8e835caafd75","event":"response_success","endpoint":"/api/pois-for-route","http_code":200,"latency_ms":34,"cache_hit":false,"cache_miss":false,"data_count":8}
{"timestamp":"2026-02-14 01:25:35.000000","request_id":"fac3d908-82f9-451c-a37a-8e835caafd75","event":"debug","phase":"RESPONSE","message":"Final POI count","latency_ms":34,"data":{"total_in_route":8,"returned":8,"by_category":{"restaurant":7,"temple":1}}}
{"timestamp":"2026-02-14 01:25:35.000000","request_id":"7aed904f-610c-4c9a-bb1b-e6f60e0d9d6f","event":"request_start","endpoint":"/api/pois-for-route","method":"POST","ip_address":"127.0.0.1","user_id":null}
{"timestamp":"2026-02-14 01:25:35.000000","request_id":"7aed904f-610c-4c9a-bb1b-e6f60e0d9d6f","event":"debug","phase":"VALIDATION","message":"Polyline received","latency_ms":0,"data":{"point_count":10}}
{"timestamp":"2026-02-14 01:25:35.000000","request_id":"7aed904f-610c-4c9a-bb1b-e6f60e0d9d6f","event":"debug","phase":"VALIDATION","message":"Input validated","latency_ms":1,"data":{"polyline_points":10,"categories":["temple","restaurant"],"radius_km":8}}
{"timestamp":"2026-02-14 01:25:35.000000","request_id":"7aed904f-610c-4c9a-bb1b-e6f60e0d9d6f","event":"debug","phase":"BBOX_QUERY","message":"Executing spatial query","latency_ms":1,"data":{"min_lat":9.511227927927928,"max_lat":13.154772072072072,"min_lng":76.44462792792793,"max_lng":80.34707207207208,"categories":["temple","restaurant"]}}
{"timestamp":"2026-02-14 01:25:35.000000","request_id":"7aed904f-610c-4c9a-bb1b-e6f60e0d9d6f","event":"debug","phase":"BBOX_RESULT","message":"Bounding box query completed","latency_ms":24,"data":{"pois_in_bbox":1119}}
{"timestamp":"2026-02-14 01:25:35.000000","request_id":"7aed904f-610c-4c9a-bb1b-e6f60e0d9d6f","event":"debug","phase":"DISTANCE_FILTER","message":"Starting distance-to-route filtering","latency_ms":25,"data":{"all_pois_count":1119,"buffer_meters":8000}}
{"timestamp":"2026-02-14 01:25:35.000000","request_id":"7aed904f-610c-4c9a-bb1b-e6f60e0d9d6f","event":"debug","phase":"DISTANCE_FILTER","message":"Filtering complete","latency_ms":33,"data":{"filtered_pois_count":10}}
{"timestamp":"2026-02-14 01:25:35.000000","request_id":"7aed904f-610c-4c9a-bb1b-e6f60e0d9d6f","event":"response_success","endpoint":"/api/pois-for-route","http_code":200,"latency_ms":34,"cache_hit":false,"cache_miss":false,"data_count":10}
{"timestamp":"2026-02-14 01:25:35.000000","request_id":"7aed904f-610c-4c9a-bb1b-e6f60e0d9d6f","event":"debug","phase":"RESPONSE","message":"Final POI count","latency_ms":34,"data":{"total_in_route":10,"returned":10,"by_category":{"restaurant":9,"temple":1}}}
{"timestamp":"2026-02-14 01:25:35.000000","request_id":"3c825ad5-cfca-4878-85ce-d6313f44c5c0","event":"request_start","endpoint":"/api/pois-for-route","method":"POST","ip_address":"127.0.0.1","user_id":null}
{"timestamp":"2026-02-14 01:25:35.000000","request_id":"3c825ad5-cfca-4878-85ce-d6313f44c5c0","event":"debug","phase":"VALIDATION","message":"Polyline received","latency_ms":0,"data":{"point_count":10}}
{"timestamp":"2026-02-14 01:25:35.000000","request_id":"3c825ad5-cfca-4878-85ce-d6313f44c5c0","event":"debug","phase":"VALIDATION","message":"Input validated","latency_ms":1,"data":{"polyline_points":10,"categories":["temple","restaurant"],"radius_km":9}}
{"timestamp":"2026-02-14 01:25:35.000000","request_id":"3c825ad5-cfca-4878-85ce-d6313f44c5c0","event":"debug","phase":"BBOX_QUERY","message":"Executing spatial query","latency_ms":2,"data":{"min_lat":9.502218918918919,"max_lat":13.163781081081082,"min_lng":76.43561891891892,"max_lng":80.35608108108109,"categories":["temple","restaurant"]}}
{"timestamp":"2026-02-14 01:25:35.000000","request_id":"3c825ad5-cfca-4878-85ce-d6313f44c5c0","event":"debug","phase":"BBOX_RESULT","message":"Bounding box query completed","latency_ms":22,"data":{"pois_in_bbox":1129}}
{"timestamp":"2026-02-14 01:25:35.000000","request_id":"3c825ad5-cfca-4878-85ce-d6313f44c5c0","event":"debug","phase":"DISTANCE_FILTER","message":"Starting distance-to-route filtering","latency_ms":22,"data":{"all_pois_count":1129,"buffer_meters":9000}}
{"timestamp":"2026-02-14 01:25:35.000000","request_id":"3c825ad5-cfca-4878-85ce-d6313f44c5c0","event":"debug","phase":"DISTANCE_FILTER","message":"Filtering complete","latency_ms":30,"data":{"filtered_pois_count":15}}
{"timestamp":"2026-02-14 01:25:35.000000","request_id":"3c825ad5-cfca-4878-85ce-d6313f44c5c0","event":"response_success","endpoint":"/api/pois-for-route","http_code":200,"latency_ms":30,"cache_hit":false,"cache_miss":false,"data_count":15}
{"timestamp":"2026-02-14 01:25:35.000000","request_id":"3c825ad5-cfca-4878-85ce-d6313f44c5c0","event":"debug","phase":"RESPONSE","message":"Final POI count","latency_ms":31,"data":{"total_in_route":15,"returned":15,"by_category":{"restaurant":12,"temple":3}}}
{"timestamp":"2026-02-14 01:25:35.000000","request_id":"73642e70-aea9-4d5b-9eb2-43abafb4d156","event":"request_start","endpoint":"/api/pois-for-route","method":"POST","ip_address":"127.0.0.1","user_id":null}
{"timestamp":"2026-02-14 01:25:35.000000","request_id":"73642e70-aea9-4d5b-9eb2-43abafb4d156","event":"debug","phase":"VALIDATION","message":"Polyline received","latency_ms":0,"data":{"point_count":10}}
{"timestamp":"2026-02-14 01:25:35.000000","request_id":"73642e70-aea9-4d5b-9eb2-43abafb4d156","event":"debug","phase":"VALIDATION","message":"Input validated","latency_ms":1,"data":{"polyline_points":10,"categories":["temple","restaurant"],"radius_km":10}}
{"timestamp":"2026-02-14 01:25:35.000000","request_id":"73642e70-aea9-4d5b-9eb2-43abafb4d156","event":"debug","phase":"BBOX_QUERY","message":"Executing spatial query","latency_ms":1,"data":{"min_lat":9.49320990990991,"max_lat":13.172790090090091,"min_lng":76.42660990990991,"max_lng":80.36509009009009,"categories":["temple","restaurant"]}}
{"timestamp":"2026-02-14 01:25:35.000000","request_id":"73642e70-aea9-4d5b-9eb2-43abafb4d156","event":"debug","phase":"BBOX_RESULT","message":"Bounding box query completed","latency_ms":28,"data":{"pois_in_bbox":1143}}
{"timestamp":"2026-02-14 01:25:35.000000","request_id":"73642e70-aea9-4d5b-9eb2-43abafb4d156","event":"debug","phase":"DISTANCE_FILTER","message":"Starting distance-to-route filtering","latency_ms":28,"data":{"all_pois_count":1143,"buffer_meters":10000}}
{"timestamp":"2026-02-14 01:25:35.000000","request_id":"73642e70-aea9-4d5b-9eb2-43abafb4d156","event":"debug","phase":"DISTANCE_FILTER","message":"Filtering complete","latency_ms":38,"data":{"filtered_pois_count":17}}
{"timestamp":"2026-02-14 01:25:35.000000","request_id":"73642e70-aea9-4d5b-9eb2-43abafb4d156","event":"response_success","endpoint":"/api/pois-for-route","http_code":200,"latency_ms":38,"cache_hit":false,"cache_miss":false,"data_count":17}
{"timestamp":"2026-02-14 01:25:35.000000","request_id":"73642e70-aea9-4d5b-9eb2-43abafb4d156","event":"debug","phase":"RESPONSE","message":"Final POI count","latency_ms":39,"data":{"total_in_route":17,"returned":17,"by_category":{"restaurant":14,"temple":3}}}
{"timestamp":"2026-02-14 01:25:35.000000","request_id":"d0e8f57c-67b4-49ac-9999-15dba1974f38","event":"request_start","endpoint":"/api/pois-for-route","method":"POST","ip_address":"127.0.0.1","user_id":null}
{"timestamp":"2026-02-14 01:25:35.000000","request_id":"d0e8f57c-67b4-49ac-9999-15dba1974f38","event":"debug","phase":"VALIDATION","message":"Polyline received","latency_ms":0,"data":{"point_count":10}}
{"timestamp":"2026-02-14 01:25:35.000000","request_id":"d0e8f57c-67b4-49ac-9999-15dba1974f38","event":"debug","phase":"VALIDATION","message":"Input validated","latency_ms":1,"data":{"polyline_points":10,"categories":["temple","restaurant"],"radius_km":11}}
{"timestamp":"2026-02-14 01:25:35.000000","request_id":"d0e8f57c-67b4-49ac-9999-15dba1974f38","event":"debug","phase":"BBOX_QUERY","message":"Executing spatial query","latency_ms":1,"data":{"min_lat":9.4842009009009,"max_lat":13.1817990990991,"min_lng":76.41760090090091,"max_lng":80.3740990990991,"categories":["temple","restaurant"]}}
{"timestamp":"2026-02-14 01:25:35.000000","request_id":"d0e8f57c-67b4-49ac-9999-15dba1974f38","event":"debug","phase":"BBOX_RESULT","message":"Bounding box query completed","latency_ms":23,"data":{"pois_in_bbox":1155}}
{"timestamp":"2026-02-14 01:25:35.000000","request_id":"d0e8f57c-67b4-49ac-9999-15dba1974f38","event":"debug","phase":"DISTANCE_FILTER","message":"Starting distance-to-route filtering","latency_ms":24,"data":{"all_pois_count":1155,"buffer_meters":11000}}
{"timestamp":"2026-02-14 01:25:35.000000","request_id":"d0e8f57c-67b4-49ac-9999-15dba1974f38","event":"debug","phase":"DISTANCE_FILTER","message":"Filtering complete","latency_ms":32,"data":{"filtered_pois_count":20}}
{"timestamp":"2026-02-14 01:25:35.000000","request_id":"d0e8f57c-67b4-49ac-9999-15dba1974f38","event":"response_success","endpoint":"/api/pois-for-route","http_code":200,"latency_ms":33,"cache_hit":false,"cache_miss":false,"data_count":20}
{"timestamp":"2026-02-14 01:25:35.000000","request_id":"d0e8f57c-67b4-49ac-9999-15dba1974f38","event":"debug","phase":"RESPONSE","message":"Final POI count","latency_ms":33,"data":{"total_in_route":20,"returned":20,"by_category":{"restaurant":17,"temple":3}}}
{"timestamp":"2026-02-14 01:25:35.000000","request_id":"f637376e-6bea-4e74-bc4e-7fe78c1e7da8","event":"request_start","endpoint":"/api/pois-for-route","method":"POST","ip_address":"127.0.0.1","user_id":null}
{"timestamp":"2026-02-14 01:25:35.000000","request_id":"f637376e-6bea-4e74-bc4e-7fe78c1e7da8","event":"debug","phase":"VALIDATION","message":"Polyline received","latency_ms":0,"data":{"point_count":10}}
{"timestamp":"2026-02-14 01:25:35.000000","request_id":"f637376e-6bea-4e74-bc4e-7fe78c1e7da8","event":"debug","phase":"VALIDATION","message":"Input validated","latency_ms":0,"data":{"polyline_points":10,"categories":["temple","restaurant"],"radius_km":12}}
{"timestamp":"2026-02-14 01:25:35.000000","request_id":"f637376e-6bea-4e74-bc4e-7fe78c1e7da8","event":"debug","phase":"BBOX_QUERY","message":"Executing spatial query","latency_ms":0,"data":{"min_lat":9.47519189189189,"max_lat":13.19080810810811,"min_lng":76.40859189189189,"max_lng":80.38310810810812,"categories":["temple","restaurant"]}}
{"timestamp":"2026-02-14 01:25:35.000000","request_id":"f637376e-6bea-4e74-bc4e-7fe78c1e7da8","event":"debug","phase":"BBOX_RESULT","message":"Bounding box query completed","latency_ms":23,"data":{"pois_in_bbox":1174}}
{"timestamp":"2026-02-14 01:25:35.000000","request_id":"f637376e-6bea-4e74-bc4e-7fe78c1e7da8","event":"debug","phase":"DISTANCE_FILTER","message":"Starting distance-to-route filtering","latency_ms":24,"data":{"all_pois_count":1174,"buffer_meters":12000}}
{"timestamp":"2026-02-14 01:25:35.000000","request_id":"f637376e-6bea-4e74-bc4e-7fe78c1e7da8","event":"debug","phase":"DISTANCE_FILTER","message":"Filtering complete","latency_ms":33,"data":{"filtered_pois_count":21}}
{"timestamp":"2026-02-14 01:25:35.000000","request_id":"f637376e-6bea-4e74-bc4e-7fe78c1e7da8","event":"response_success","endpoint":"/api/pois-for-route","http_code":200,"latency_ms":34,"cache_hit":false,"cache_miss":false,"data_count":21}
{"timestamp":"2026-02-14 01:25:35.000000","request_id":"f637376e-6bea-4e74-bc4e-7fe78c1e7da8","event":"debug","phase":"RESPONSE","message":"Final POI count","latency_ms":35,"data":{"total_in_route":21,"returned":21,"by_category":{"restaurant":18,"temple":3}}}
{"timestamp":"2026-02-14 01:25:35.000000","request_id":"6138c690-7645-436c-8426-39191dbd6866","event":"request_start","endpoint":"/api/pois-for-route","method":"POST","ip_address":"127.0.0.1","user_id":null}
{"timestamp":"2026-02-14 01:25:35.000000","request_id":"6138c690-7645-436c-8426-39191dbd6866","event":"debug","phase":"VALIDATION","message":"Polyline received","latency_ms":0,"data":{"point_count":10}}
{"timestamp":"2026-02-14 01:25:35.000000","request_id":"6138c690-7645-436c-8426-39191dbd6866","event":"debug","phase":"VALIDATION","message":"Input validated","latency_ms":0,"data":{"polyline_points":10,"categories":["temple","restaurant"],"radius_km":13}}
{"timestamp":"2026-02-14 01:25:35.000000","request_id":"6138c690-7645-436c-8426-39191dbd6866","event":"debug","phase":"BBOX_QUERY","message":"Executing spatial query","latency_ms":1,"data":{"min_lat":9.466182882882883,"max_lat":13.199817117117117,"min_lng":76.39958288288288,"max_lng":80.39211711711712,"categories":["temple","restaurant"]}}
{"timestamp":"2026-02-14 01:25:35.000000","request_id":"6138c690-7645-436c-8426-39191dbd6866","event":"debug","phase":"BBOX_RESULT","message":"Bounding box query completed","latency_ms":24,"data":{"pois_in_bbox":1185}}
{"timestamp":"2026-02-14 01:25:35.000000","request_id":"6138c690-7645-436c-8426-39191dbd6866","event":"debug","phase":"DISTANCE_FILTER","message":"Starting distance-to-route filtering","latency_ms":24,"data":{"all_pois_count":1185,"buffer_meters":13000}}
{"timestamp":"2026-02-14 01:25:35.000000","request_id":"6138c690-7645-436c-8426-39191dbd6866","event":"debug","phase":"DISTANCE_FILTER","message":"Filtering complete","latency_ms":33,"data":{"filtered_pois_count":25}}
{"timestamp":"2026-02-14 01:25:35.000000","request_id":"6138c690-7645-436c-8426-39191dbd6866","event":"response_success","endpoint":"/api/pois-for-route","http_code":200,"latency_ms":33,"cache_hit":false,"cache_miss":false,"data_count":25}
{"timestamp":"2026-02-14 01:25:35.000000","request_id":"6138c690-7645-436c-8426-39191dbd6866","event":"debug","phase":"RESPONSE","message":"Final POI count","latency_ms":34,"data":{"total_in_route":25,"returned":25,"by_category":{"restaurant":22,"temple":3}}}
{"timestamp":"2026-02-14 01:25:35.000000","request_id":"e0cc60f5-4255-4f99-af5f-3e4367dfbe55","event":"request_start","endpoint":"/api/pois-for-route","method":"POST","ip_address":"127.0.0.1","user_id":null}
{"timestamp":"2026-02-14 01:25:35.000000","request_id":"e0cc60f5-4255-4f99-af5f-3e4367dfbe55","event":"debug","phase":"VALIDATION","message":"Polyline received","latency_ms":0,"data":{"point_count":10}}
{"timestamp":"2026-02-14 01:25:35.000000","request_id":"e0cc60f5-4255-4f99-af5f-3e4367dfbe55","event":"debug","phase":"VALIDATION","message":"Input validated","latency_ms":1,"data":{"polyline_points":10,"categories":["temple","restaurant"],"radius_km":14}}
{"timestamp":"2026-02-14 01:25:35.000000","request_id":"e0cc60f5-4255-4f99-af5f-3e4367dfbe55","event":"debug","phase":"BBOX_QUERY","message":"Executing spatial query","latency_ms":1,"data":{"min_lat":9.457173873873874,"max_lat":13.208826126126127,"min_lng":76.39057387387388,"max_lng":80.40112612612613,"categories":["temple","restaurant"]}}
{"timestamp":"2026-02-14 01:25:35.000000","request_id":"e0cc60f5-4255-4f99-af5f-3e4367dfbe55","event":"debug","phase":"BBOX_RESULT","message":"Bounding box query completed","latency_ms":25,"data":{"pois_in_bbox":1192}}
{"timestamp":"2026-02-14 01:25:35.000000","request_id":"e0cc60f5-4255-4f99-af5f-3e4367dfbe55","event":"debug","phase":"DISTANCE_FILTER","message":"Starting distance-to-route filtering","latency_ms":26,"data":{"all_pois_count":1192,"buffer_meters":14000}}
{"timestamp":"2026-02-14 01:25:35.000000","request_id":"e0cc60f5-4255-4f99-af5f-3e4367dfbe55","event":"debug","phase":"DISTANCE_FILTER","message":"Filtering complete","latency_ms":34,"data":{"filtered_pois_count":27}}
{"timestamp":"2026-02-14 01:25:35.000000","request_id":"e0cc60f5-4255-4f99-af5f-3e4367dfbe55","event":"response_success","endpoint":"/api/pois-for-route","http_code":200,"latency_ms":35,"cache_hit":false,"cache_miss":false,"data_count":27}
{"timestamp":"2026-02-14 01:25:35.000000","request_id":"e0cc60f5-4255-4f99-af5f-3e4367dfbe55","event":"debug","phase":"RESPONSE","message":"Final POI count","latency_ms":36,"data":{"total_in_route":27,"returned":27,"by_category":{"restaurant":23,"temple":4}}}
{"timestamp":"2026-02-14 01:25:35.000000","request_id":"aea9060b-f576-4e63-a0a2-373a0d6a6c51","event":"request_start","endpoint":"/api/pois-for-route","method":"POST","ip_address":"127.0.0.1","user_id":null}
{"timestamp":"2026-02-14 01:25:35.000000","request_id":"aea9060b-f576-4e63-a0a2-373a0d6a6c51","event":"debug","phase":"VALIDATION","message":"Polyline received","latency_ms":0,"data":{"point_count":10}}
{"timestamp":"2026-02-14 01:25:35.000000","request_id":"aea9060b-f576-4e63-a0a2-373a0d6a6c51","event":"debug","phase":"VALIDATION","message":"Input validated","latency_ms":1,"data":{"polyline_points":10,"categories":["temple","restaurant"],"radius_km":15}}
{"timestamp":"2026-02-14 01:25:35.000000","request_id":"aea9060b-f576-4e63-a0a2-373a0d6a6c51","event":"debug","phase":"BBOX_QUERY","message":"Executing spatial query","latency_ms":1,"data":{"min_lat":9.448164864864864,"max_lat":13.217835135135136,"min_lng":76.38156486486487,"max_lng":80.41013513513514,"categories":["temple","restaurant"]}}
{"timestamp":"2026-02-14 01:25:35.000000","request_id":"aea9060b-f576-4e63-a0a2-373a0d6a6c51","event":"debug","phase":"BBOX_RESULT","message":"Bounding box query completed","latency_ms":31,"data":{"pois_in_bbox":1202}}
{"timestamp":"2026-02-14 01:25:35.000000","request_id":"aea9060b-f576-4e63-a0a2-373a0d6a6c51","event":"debug","phase":"DISTANCE_FILTER","message":"Starting distance-to-route filtering","latency_ms":32,"data":{"all_pois_count":1202,"buffer_meters":15000}}
{"timestamp":"2026-02-14 01:25:35.000000","request_id":"aea9060b-f576-4e63-a0a2-373a0d6a6c51","event":"debug","phase":"DISTANCE_FILTER","message":"Filtering complete","latency_ms":44,"data":{"filtered_pois_count":31}}
{"timestamp":"2026-02-14 01:25:35.000000","request_id":"aea9060b-f576-4e63-a0a2-373a0d6a6c51","event":"response_success","endpoint":"/api/pois-for-route","http_code":200,"latency_ms":44,"cache_hit":false,"cache_miss":false,"data_count":31}
{"timestamp":"2026-02-14 01:25:35.000000","request_id":"aea9060b-f576-4e63-a0a2-373a0d6a6c51","event":"debug","phase":"RESPONSE","message":"Final POI count","latency_ms":45,"data":{"total_in_route":31,"returned":31,"by_category":{"restaurant":26,"temple":5}}}
{"timestamp":"2026-02-14 01:25:35.000000","request_id":"90722f7d-11ff-4609-9152-e7c1b41cd476","event":"request_start","endpoint":"/api/pois-for-route","method":"POST","ip_address":"127.0.0.1","user_id":null}
{"timestamp":"2026-02-14 01:25:35.000000","request_id":"90722f7d-11ff-4609-9152-e7c1b41cd476","event":"debug","phase":"VALIDATION","message":"Polyline received","latency_ms":0,"data":{"point_count":10}}
{"timestamp":"2026-02-14 01:25:35.000000","request_id":"90722f7d-11ff-4609-9152-e7c1b41cd476","event":"debug","phase":"VALIDATION","message":"Input validated","latency_ms":1,"data":{"polyline_points":10,"categories":["temple","restaurant"],"radius_km":16}}
{"timestamp":"2026-02-14 01:25:35.000000","request_id":"90722f7d-11ff-4609-9152-e7c1b41cd476","event":"debug","phase":"BBOX_QUERY","message":"Executing spatial query","latency_ms":1,"data":{"min_lat":9.439155855855855,"max_lat":13.226844144144145,"min_lng":76.37255585585585,"max_lng":80.41914414414416,"categories":["temple","restaurant"]}}
{"timestamp":"2026-02-14 01:25:35.000000","request_id":"90722f7d-11ff-4609-9152-e7c1b41cd476","event":"debug","phase":"BBOX_RESULT","message":"Bounding box query completed","latency_ms":25,"data":{"pois_in_bbox":1215}}
{"timestamp":"2026-02-14 01:25:35.000000","request_id":"90722f7d-11ff-4609-9152-e7c1b41cd476","event":"debug","phase":"DISTANCE_FILTER","message":"Starting distance-to-route filtering","latency_ms":26,"data":{"all_pois_count":1215,"buffer_meters":16000}}
{"timestamp":"2026-02-14 01:25:35.000000","request_id":"90722f7d-11ff-4609-9152-e7c1b41cd476","event":"debug","phase":"DISTANCE_FILTER","message":"Filtering complete","latency_ms":36,"data":{"filtered_pois_count":34}}
{"timestamp":"2026-02-14 01:25:35.000000","request_id":"90722f7d-11ff-4609-9152-e7c1b41cd476","event":"response_success","endpoint":"/api/pois-for-route","http_code":200,"latency_ms":36,"cache_hit":false,"cache_miss":false,"data_count":34}
{"timestamp":"2026-02-14 01:25:35.000000","request_id":"90722f7d-11ff-4609-9152-e7c1b41cd476","event":"debug","phase":"RESPONSE","message":"Final POI count","latency_ms":37,"data":{"total_in_route":34,"returned":34,"by_category":{"restaurant":28,"temple":6}}}
{"timestamp":"2026-02-14 01:25:35.000000","request_id":"e01b4cbe-ead4-483e-9f23-f40d9ac3e6fb","event":"request_start","endpoint":"/api/pois-for-route","method":"POST","ip_address":"127.0.0.1","user_id":null}
{"timestamp":"2026-02-14 01:25:35.000000","request_id":"e01b4cbe-ead4-483e-9f23-f40d9ac3e6fb","event":"debug","phase":"VALIDATION","message":"Polyline received","latency_ms":0,"data":{"point_count":10}}
{"timestamp":"2026-02-14 01:25:35.000000","request_id":"e01b4cbe-ead4-483e-9f23-f40d9ac3e6fb","event":"debug","phase":"VALIDATION","message":"Input validated","latency_ms":0,"data":{"polyline_points":10,"categories":["temple","restaurant"],"radius_km":17}}
{"timestamp":"2026-02-14 01:25:35.000000","request_id":"e01b4cbe-ead4-483e-9f23-f40d9ac3e6fb","event":"debug","phase":"BBOX_QUERY","message":"Executing spatial query","latency_ms":0,"data":{"min_lat":9.430146846846846,"max_lat":13.235853153153155,"min_lng":76.36354684684684,"max_lng":80.42815315315316,"categories":["temple","restaurant"]}}
{"timestamp":"2026-02-14 01:25:35.000000","request_id":"e01b4cbe-ead4-483e-9f23-f40d9ac3e6fb","event":"debug","phase":"BBOX_RESULT","message":"Bounding box query completed","latency_ms":30,"data":{"pois_in_bbox":1221}}
{"timestamp":"2026-02-14 01:25:35.000000","request_id":"e01b4cbe-ead4-483e-9f23-f40d9ac3e6fb","event":"debug","phase":"DISTANCE_FILTER","message":"Starting distance-to-route filtering","latency_ms":31,"data":{"all_pois_count":1221,"buffer_meters":17000}}
{"timestamp":"2026-02-14 01:25:35.000000","request_id":"e01b4cbe-ead4-483e-9f23-f40d9ac3e6fb","event":"debug","phase":"DISTANCE_FILTER","message":"Filtering complete","latency_ms":45,"data":{"filtered_pois_count":35}}
{"timestamp":"2026-02-14 01:25:35.000000","request_id":"e01b4cbe-ead4-483e-9f23-f40d9ac3e6fb","event":"response_success","endpoint":"/api/pois-for-route","http_code":200,"latency_ms":45,"cache_hit":false,"cache_miss":false,"data_count":35}
{"timestamp":"2026-02-14 01:25:35.000000","request_id":"e01b4cbe-ead4-483e-9f23-f40d9ac3e6fb","event":"debug","phase":"RESPONSE","message":"Final POI count","latency_ms":46,"data":{"total_in_route":35,"returned":35,"by_category":{"restaurant":29,"temple":6}}}
{"timestamp":"2026-02-14 01:25:35.000000","request_id":"928bd73f-2ee7-4978-8324-a73a6bbed55d","event":"request_start","endpoint":"/api/pois-for-route","method":"POST","ip_address":"127.0.0.1","user_id":null}
{"timestamp":"2026-02-14 01:25:35.000000","request_id":"928bd73f-2ee7-4978-8324-a73a6bbed55d","event":"debug","phase":"VALIDATION","message":"Polyline received","latency_ms":0,"data":{"point_count":10}}
{"timestamp":"2026-02-14 01:25:35.000000","request_id":"928bd73f-2ee7-4978-8324-a73a6bbed55d","event":"debug","phase":"VALIDATION","message":"Input validated","latency_ms":1,"data":{"polyline_points":10,"categories":["temple","restaurant"],"radius_km":18}}
{"timestamp":"2026-02-14 01:25:35.000000","request_id":"928bd73f-2ee7-4978-8324-a73a6bbed55d","event":"debug","phase":"BBOX_QUERY","message":"Executing spatial query","latency_ms":1,"data":{"min_lat":9.421137837837838,"max_lat":13.244862162162162,"min_lng":76.35453783783784,"max_lng":80.43716216216217,"categories":["temple","restaurant"]}}
{"timestamp":"2026-02-14 01:25:35.000000","request_id":"928bd73f-2ee7-4978-8324-a73a6bbed55d","event":"debug","phase":"BBOX_RESULT","message":"Bounding box query completed","latency_ms":24,"data":{"pois_in_bbox":1232}}
{"timestamp":"2026-02-14 01:25:35.000000","request_id":"928bd73f-2ee7-4978-8324-a73a6bbed55d","event":"debug","phase":"DISTANCE_FILTER","message":"Starting distance-to-route filtering","latency_ms":25,"data":{"all_pois_count":1232,"buffer_meters":18000}}
{"timestamp":"2026-02-14 01:25:35.000000","request_id":"928bd73f-2ee7-4978-8324-a73a6bbed55d","event":"debug","phase":"DISTANCE_FILTER","message":"Filtering complete","latency_ms":35,"data":{"filtered_pois_count":46}}
{"timestamp":"2026-02-14 01:25:35.000000","request_id":"928bd73f-2ee7-4978-8324-a73a6bbed55d","event":"response_success","endpoint":"/api/pois-for-route","http_code":200,"latency_ms":35,"cache_hit":false,"cache_miss":false,"data_count":46}
{"timestamp":"2026-02-14 01:25:35.000000","request_id":"928bd73f-2ee7-4978-8324-a73a6bbed55d","event":"debug","phase":"RESPONSE","message":"Final POI count","latency_ms":36,"data":{"total_in_route":46,"returned":46,"by_category":{"restaurant":36,"temple":10}}}
{"timestamp":"2026-02-14 01:25:35.000000","request_id":"ad42760e-4a88-4cb3-bb88-db3aa33e7186","event":"request_start","endpoint":"/api/pois-for-route","method":"POST","ip_address":"127.0.0.1","user_id":null}
{"timestamp":"2026-02-14 01:25:35.000000","request_id":"ad42760e-4a88-4cb3-bb88-db3aa33e7186","event":"debug","phase":"VALIDATION","message":"Polyline received","latency_ms":0,"data":{"point_count":10}}
{"timestamp":"2026-02-14 01:25:35.000000","request_id":"ad42760e-4a88-4cb3-bb88-db3aa33e7186","event":"debug","phase":"VALIDATION","message":"Input validated","latency_ms":1,"data":{"polyline_points":10,"categories":["temple","restaurant"],"radius_km":19}}
{"timestamp":"2026-02-14 01:25:35.000000","request_id":"ad42760e-4a88-4cb3-bb88-db3aa33e7186","event":"debug","phase":"BBOX_QUERY","message":"Executing spatial query","latency_ms":1,"data":{"min_lat":9.412128828828829,"max_lat":13.253871171171172,"min_lng":76.34552882882883,"max_lng":80.44617117117117,"categories":["temple","restaurant"]}}
{"timestamp":"2026-02-14 01:25:35.000000","request_id":"ad42760e-4a88-4cb3-bb88-db3aa33e7186","event":"debug","phase":"BBOX_RESULT","message":"Bounding box query completed","latency_ms":25,"data":{"pois_in_bbox":1246}}
{"timestamp":"2026-02-14 01:25:35.000000","request_id":"ad42760e-4a88-4cb3-bb88-db3aa33e7186","event":"debug","phase":"DISTANCE_FILTER","message":"Starting distance-to-route filtering","latency_ms":26,"data":{"all_pois_count":1246,"buffer_meters":19000}}
{"timestamp":"2026-02-14 01:25:35.000000","request_id":"ad42760e-4a88-4cb3-bb88-db3aa33e7186","event":"debug","phase":"DISTANCE_FILTER","message":"Filtering complete","latency_ms":34,"data":{"filtered_pois_count":49}}
{"timestamp":"2026-02-14 01:25:35.000000","request_id":"ad42760e-4a88-4cb3-bb88-db3aa33e7186","event":"response_success","endpoint":"/api/pois-for-route","http_code":200,"latency_ms":35,"cache_hit":false,"cache_miss":false,"data_count":49}
{"timestamp":"2026-02-14 01:25:35.000000","request_id":"ad42760e-4a88-4cb3-bb88-db3aa33e7186","event":"debug","phase":"RESPONSE","message":"Final POI count","latency_ms":35,"data":{"total_in_route":49,"returned":49,"by_category":{"restaurant":38,"temple":11}}}
{"timestamp":"2026-02-14 01:25:35.000000","request_id":"656a98ae-7e97-4716-82c3-2249e58f48df","event":"request_start","endpoint":"/api/pois-for-route","method":"POST","ip_address":"127.0.0.1","user_id":null}
{"timestamp":"2026-02-14 01:25:35.000000","request_id":"656a98ae-7e97-4716-82c3-2249e58f48df","event":"debug","phase":"VALIDATION","message":"Polyline received","latency_ms":0,"data":{"point_count":10}}
{"timestamp":"2026-02-14 01:25:35.000000","request_id":"656a98ae-7e97-4716-82c3-2249e58f48df","event":"debug","phase":"VALIDATION","message":"Input validated","latency_ms":0,"data":{"polyline_points":10,"categories":["temple","restaurant"],"radius_km":20}}
{"timestamp":"2026-02-14 01:25:35.000000","request_id":"656a98ae-7e97-4716-82c3-2249e58f48df","event":"debug","phase":"BBOX_QUERY","message":"Executing spatial query","latency_ms":1,"data":{"min_lat":9.40311981981982,"max_lat":13.262880180180181,"min_lng":76.33651981981981,"max_lng":80.4551801801802,"categories":["temple","restaurant"]}}
{"timestamp":"2026-02-14 01:25:35.000000","request_id":"656a98ae-7e97-4716-82c3-2249e58f48df","event":"debug","phase":"BBOX_RESULT","message":"Bounding box query completed","latency_ms":29,"data":{"pois_in_bbox":1257}}
{"timestamp":"2026-02-14 01:25:35.000000","request_id":"656a98ae-7e97-4716-82c3-2249e58f48df","event":"debug","phase":"DISTANCE_FILTER","message":"Starting distance-to-route filtering","latency_ms":30,"data":{"all_pois_count":1257,"buffer_meters":20000}}
{"timestamp":"2026-02-14 01:25:35.000000","request_id":"656a98ae-7e97-4716-82c3-2249e58f48df","event":"debug","phase":"DISTANCE_FILTER","message":"Filtering complete","latency_ms":40,"data":{"filtered_pois_count":52}}
{"timestamp":"2026-02-14 01:25:35.000000","request_id":"656a98ae-7e97-4716-82c3-2249e58f48df","event":"response_success","endpoint":"/api/pois-for-route","http_code":200,"latency_ms":40,"cache_hit":false,"cache_miss":false,"data_count":52}
{"timestamp":"2026-02-14 01:25:35.000000","request_id":"656a98ae-7e97-4716-82c3-2249e58f48df","event":"debug","phase":"RESPONSE","message":"Final POI count","latency_ms":42,"data":{"total_in_route":52,"returned":52,"by_category":{"restaurant":40,"temple":12}}}
{"timestamp":"2026-02-14 01:25:35.000000","request_id":"31291869-b710-4341-bedf-58ebed10ecb0","event":"request_start","endpoint":"/api/pois-for-route","method":"POST","ip_address":"127.0.0.1","user_id":null}
{"timestamp":"2026-02-14 01:25:35.000000","request_id":"31291869-b710-4341-bedf-58ebed10ecb0","event":"debug","phase":"VALIDATION","message":"Polyline received","latency_ms":1,"data":{"point_count":10}}
{"timestamp":"2026-02-14 01:25:35.000000","request_id":"31291869-b710-4341-bedf-58ebed10ecb0","event":"debug","phase":"VALIDATION","message":"Input validated","latency_ms":1,"data":{"polyline_points":10,"categories":["temple","restaurant"],"radius_km":20}}
{"timestamp":"2026-02-14 01:25:35.000000","request_id":"31291869-b710-4341-bedf-58ebed10ecb0","event":"debug","phase":"BBOX_QUERY","message":"Executing spatial query","latency_ms":2,"data":{"min_lat":9.40311981981982,"max_lat":13.262880180180181,"min_lng":76.33651981981981,"max_lng":80.4551801801802,"categories":["temple","restaurant"]}}
{"timestamp":"2026-02-14 01:25:35.000000","request_id":"31291869-b710-4341-bedf-58ebed10ecb0","event":"debug","phase":"BBOX_RESULT","message":"Bounding box query completed","latency_ms":30,"data":{"pois_in_bbox":1257}}
{"timestamp":"2026-02-14 01:25:35.000000","request_id":"31291869-b710-4341-bedf-58ebed10ecb0","event":"debug","phase":"DISTANCE_FILTER","message":"Starting distance-to-route filtering","latency_ms":30,"data":{"all_pois_count":1257,"buffer_meters":20000}}
{"timestamp":"2026-02-14 01:25:35.000000","request_id":"31291869-b710-4341-bedf-58ebed10ecb0","event":"debug","phase":"DISTANCE_FILTER","message":"Filtering complete","latency_ms":45,"data":{"filtered_pois_count":52}}
{"timestamp":"2026-02-14 01:25:35.000000","request_id":"31291869-b710-4341-bedf-58ebed10ecb0","event":"response_success","endpoint":"/api/pois-for-route","http_code":200,"latency_ms":46,"cache_hit":false,"cache_miss":false,"data_count":52}
{"timestamp":"2026-02-14 01:25:35.000000","request_id":"31291869-b710-4341-bedf-58ebed10ecb0","event":"debug","phase":"RESPONSE","message":"Final POI count","latency_ms":46,"data":{"total_in_route":52,"returned":52,"by_category":{"restaurant":40,"temple":12}}}
{"timestamp":"2026-02-14 01:25:35.000000","request_id":"c7cd70bb-acfd-4cb9-8f27-20e48a2ec97a","event":"request_start","endpoint":"/api/pois-for-route","method":"POST","ip_address":"127.0.0.1","user_id":null}
{"timestamp":"2026-02-14 01:25:35.000000","request_id":"c7cd70bb-acfd-4cb9-8f27-20e48a2ec97a","event":"debug","phase":"VALIDATION","message":"Polyline received","latency_ms":0,"data":{"point_count":10}}
{"timestamp":"2026-02-14 01:25:35.000000","request_id":"c7cd70bb-acfd-4cb9-8f27-20e48a2ec97a","event":"debug","phase":"VALIDATION","message":"Input validated","latency_ms":0,"data":{"polyline_points":10,"categories":["temple","restaurant"],"radius_km":20}}
{"timestamp":"2026-02-14 01:25:35.000000","request_id":"c7cd70bb-acfd-4cb9-8f27-20e48a2ec97a","event":"debug","phase":"BBOX_QUERY","message":"Executing spatial query","latency_ms":1,"data":{"min_lat":9.40311981981982,"max_lat":13.262880180180181,"min_lng":76.33651981981981,"max_lng":80.4551801801802,"categories":["temple","restaurant"]}}
{"timestamp":"2026-02-14 01:25:35.000000","request_id":"c7cd70bb-acfd-4cb9-8f27-20e48a2ec97a","event":"debug","phase":"BBOX_RESULT","message":"Bounding box query completed","latency_ms":30,"data":{"pois_in_bbox":1257}}
{"timestamp":"2026-02-14 01:25:35.000000","request_id":"c7cd70bb-acfd-4cb9-8f27-20e48a2ec97a","event":"debug","phase":"DISTANCE_FILTER","message":"Starting distance-to-route filtering","latency_ms":31,"data":{"all_pois_count":1257,"buffer_meters":20000}}
{"timestamp":"2026-02-14 01:25:36.000000","request_id":"c7cd70bb-acfd-4cb9-8f27-20e48a2ec97a","event":"debug","phase":"DISTANCE_FILTER","message":"Filtering complete","latency_ms":44,"data":{"filtered_pois_count":52}}
{"timestamp":"2026-02-14 01:25:36.000000","request_id":"c7cd70bb-acfd-4cb9-8f27-20e48a2ec97a","event":"response_success","endpoint":"/api/pois-for-route","http_code":200,"latency_ms":45,"cache_hit":false,"cache_miss":false,"data_count":52}
{"timestamp":"2026-02-14 01:25:36.000000","request_id":"c7cd70bb-acfd-4cb9-8f27-20e48a2ec97a","event":"debug","phase":"RESPONSE","message":"Final POI count","latency_ms":46,"data":{"total_in_route":52,"returned":52,"by_category":{"restaurant":40,"temple":12}}}
{"timestamp":"2026-02-14 01:25:36.000000","request_id":"eda2ab82-7bde-4543-a0b2-4c4837a0250f","event":"request_start","endpoint":"/api/pois-for-route","method":"POST","ip_address":"127.0.0.1","user_id":null}
{"timestamp":"2026-02-14 01:25:36.000000","request_id":"eda2ab82-7bde-4543-a0b2-4c4837a0250f","event":"debug","phase":"VALIDATION","message":"Polyline received","latency_ms":0,"data":{"point_count":10}}
{"timestamp":"2026-02-14 01:25:36.000000","request_id":"eda2ab82-7bde-4543-a0b2-4c4837a0250f","event":"debug","phase":"VALIDATION","message":"Input validated","latency_ms":0,"data":{"polyline_points":10,"categories":["temple","restaurant"],"radius_km":20}}
{"timestamp":"2026-02-14 01:25:36.000000","request_id":"eda2ab82-7bde-4543-a0b2-4c4837a0250f","event":"debug","phase":"BBOX_QUERY","message":"Executing spatial query","latency_ms":1,"data":{"min_lat":9.40311981981982,"max_lat":13.262880180180181,"min_lng":76.33651981981981,"max_lng":80.4551801801802,"categories":["temple","restaurant"]}}
{"timestamp":"2026-02-14 01:25:36.000000","request_id":"eda2ab82-7bde-4543-a0b2-4c4837a0250f","event":"debug","phase":"BBOX_RESULT","message":"Bounding box query completed","latency_ms":24,"data":{"pois_in_bbox":1257}}
{"timestamp":"2026-02-14 01:25:36.000000","request_id":"eda2ab82-7bde-4543-a0b2-4c4837a0250f","event":"debug","phase":"DISTANCE_FILTER","message":"Starting distance-to-route filtering","latency_ms":25,"data":{"all_pois_count":1257,"buffer_meters":20000}}
{"timestamp":"2026-02-14 01:25:36.000000","request_id":"eda2ab82-7bde-4543-a0b2-4c4837a0250f","event":"debug","phase":"DISTANCE_FILTER","message":"Filtering complete","latency_ms":33,"data":{"filtered_pois_count":52}}
{"timestamp":"2026-02-14 01:25:36.000000","request_id":"eda2ab82-7bde-4543-a0b2-4c4837a0250f","event":"response_success","endpoint":"/api/pois-for-route","http_code":200,"latency_ms":34,"cache_hit":false,"cache_miss":false,"data_count":52}
{"timestamp":"2026-02-14 01:25:36.000000","request_id":"eda2ab82-7bde-4543-a0b2-4c4837a0250f","event":"debug","phase":"RESPONSE","message":"Final POI count","latency_ms":34,"data":{"total_in_route":52,"returned":52,"by_category":{"restaurant":40,"temple":12}}}
{"timestamp":"2026-02-14 01:25:36.000000","request_id":"6d5c8ff8-efb1-4c27-b315-d33d156216e5","event":"request_start","endpoint":"/api/pois-for-route","method":"POST","ip_address":"127.0.0.1","user_id":null}
{"timestamp":"2026-02-14 01:25:36.000000","request_id":"6d5c8ff8-efb1-4c27-b315-d33d156216e5","event":"debug","phase":"VALIDATION","message":"Polyline received","latency_ms":0,"data":{"point_count":10}}
{"timestamp":"2026-02-14 01:25:36.000000","request_id":"6d5c8ff8-efb1-4c27-b315-d33d156216e5","event":"debug","phase":"VALIDATION","message":"Input validated","latency_ms":1,"data":{"polyline_points":10,"categories":["temple","restaurant"],"radius_km":20}}
{"timestamp":"2026-02-14 01:25:36.000000","request_id":"6d5c8ff8-efb1-4c27-b315-d33d156216e5","event":"debug","phase":"BBOX_QUERY","message":"Executing spatial query","latency_ms":1,"data":{"min_lat":9.40311981981982,"max_lat":13.262880180180181,"min_lng":76.33651981981981,"max_lng":80.4551801801802,"categories":["temple","restaurant"]}}
{"timestamp":"2026-02-14 01:25:36.000000","request_id":"6d5c8ff8-efb1-4c27-b315-d33d156216e5","event":"debug","phase":"BBOX_RESULT","message":"Bounding box query completed","latency_ms":23,"data":{"pois_in_bbox":1257}}
{"timestamp":"2026-02-14 01:25:36.000000","request_id":"6d5c8ff8-efb1-4c27-b315-d33d156216e5","event":"debug","phase":"DISTANCE_FILTER","message":"Starting distance-to-route filtering","latency_ms":24,"data":{"all_pois_count":1257,"buffer_meters":20000}}
{"timestamp":"2026-02-14 01:25:36.000000","request_id":"6d5c8ff8-efb1-4c27-b315-d33d156216e5","event":"debug","phase":"DISTANCE_FILTER","message":"Filtering complete","latency_ms":32,"data":{"filtered_pois_count":52}}
{"timestamp":"2026-02-14 01:25:36.000000","request_id":"6d5c8ff8-efb1-4c27-b315-d33d156216e5","event":"response_success","endpoint":"/api/pois-for-route","http_code":200,"latency_ms":33,"cache_hit":false,"cache_miss":false,"data_count":52}
{"timestamp":"2026-02-14 01:25:36.000000","request_id":"6d5c8ff8-efb1-4c27-b315-d33d156216e5","event":"debug","phase":"RESPONSE","message":"Final POI count","latency_ms":33,"data":{"total_in_route":52,"returned":52,"by_category":{"restaurant":40,"temple":12}}}
{"timestamp":"2026-02-14 01:25:36.000000","request_id":"20aef394-2d95-44fa-a425-f75b0d51cbba","event":"request_start","endpoint":"/api/pois-for-route","method":"POST","ip_address":"127.0.0.1","user_id":null}
{"timestamp":"2026-02-14 01:25:36.000000","request_id":"20aef394-2d95-44fa-a425-f75b0d51cbba","event":"debug","phase":"VALIDATION","message":"Polyline received","latency_ms":0,"data":{"point_count":10}}
{"timestamp":"2026-02-14 01:25:36.000000","request_id":"20aef394-2d95-44fa-a425-f75b0d51cbba","event":"debug","phase":"VALIDATION","message":"Input validated","latency_ms":0,"data":{"polyline_points":10,"categories":["temple","restaurant"],"radius_km":20}}
{"timestamp":"2026-02-14 01:25:36.000000","request_id":"20aef394-2d95-44fa-a425-f75b0d51cbba","event":"debug","phase":"BBOX_QUERY","message":"Executing spatial query","latency_ms":1,"data":{"min_lat":9.40311981981982,"max_lat":13.262880180180181,"min_lng":76.33651981981981,"max_lng":80.4551801801802,"categories":["temple","restaurant"]}}
{"timestamp":"2026-02-14 01:25:36.000000","request_id":"20aef394-2d95-44fa-a425-f75b0d51cbba","event":"debug","phase":"BBOX_RESULT","message":"Bounding box query completed","latency_ms":23,"data":{"pois_in_bbox":1257}}
{"timestamp":"2026-02-14 01:25:36.000000","request_id":"20aef394-2d95-44fa-a425-f75b0d51cbba","event":"debug","phase":"DISTANCE_FILTER","message":"Starting distance-to-route filtering","latency_ms":24,"data":{"all_pois_count":1257,"buffer_meters":20000}}
{"timestamp":"2026-02-14 01:25:36.000000","request_id":"20aef394-2d95-44fa-a425-f75b0d51cbba","event":"debug","phase":"DISTANCE_FILTER","message":"Filtering complete","latency_ms":34,"data":{"filtered_pois_count":52}}
{"timestamp":"2026-02-14 01:25:36.000000","request_id":"20aef394-2d95-44fa-a425-f75b0d51cbba","event":"response_success","endpoint":"/api/pois-for-route","http_code":200,"latency_ms":34,"cache_hit":false,"cache_miss":false,"data_count":52}
{"timestamp":"2026-02-14 01:25:36.000000","request_id":"20aef394-2d95-44fa-a425-f75b0d51cbba","event":"debug","phase":"RESPONSE","message":"Final POI count","latency_ms":35,"data":{"total_in_route":52,"returned":52,"by_category":{"restaurant":40,"temple":12}}}
{"timestamp":"2026-02-14 01:25:36.000000","request_id":"55ca2e32-ac33-4ef5-bfaf-f94345547e52","event":"request_start","endpoint":"/api/pois-for-route","method":"POST","ip_address":"127.0.0.1","user_id":null}
{"timestamp":"2026-02-14 01:25:36.000000","request_id":"55ca2e32-ac33-4ef5-bfaf-f94345547e52","event":"debug","phase":"VALIDATION","message":"Polyline received","latency_ms":0,"data":{"point_count":10}}
{"timestamp":"2026-02-14 01:25:36.000000","request_id":"55ca2e32-ac33-4ef5-bfaf-f94345547e52","event":"debug","phase":"VALIDATION","message":"Input validated","latency_ms":1,"data":{"polyline_points":10,"categories":["temple","restaurant"],"radius_km":20}}
{"timestamp":"2026-02-14 01:25:36.000000","request_id":"55ca2e32-ac33-4ef5-bfaf-f94345547e52","event":"debug","phase":"BBOX_QUERY","message":"Executing spatial query","latency_ms":1,"data":{"min_lat":9.40311981981982,"max_lat":13.262880180180181,"min_lng":76.33651981981981,"max_lng":80.4551801801802,"categories":["temple","restaurant"]}}
{"timestamp":"2026-02-14 01:25:36.000000","request_id":"55ca2e32-ac33-4ef5-bfaf-f94345547e52","event":"debug","phase":"BBOX_RESULT","message":"Bounding box query completed","latency_ms":33,"data":{"pois_in_bbox":1257}}
{"timestamp":"2026-02-14 01:25:36.000000","request_id":"55ca2e32-ac33-4ef5-bfaf-f94345547e52","event":"debug","phase":"DISTANCE_FILTER","message":"Starting distance-to-route filtering","latency_ms":34,"data":{"all_pois_count":1257,"buffer_meters":20000}}
{"timestamp":"2026-02-14 01:25:36.000000","request_id":"55ca2e32-ac33-4ef5-bfaf-f94345547e52","event":"debug","phase":"DISTANCE_FILTER","message":"Filtering complete","latency_ms":46,"data":{"filtered_pois_count":52}}
{"timestamp":"2026-02-14 01:25:36.000000","request_id":"55ca2e32-ac33-4ef5-bfaf-f94345547e52","event":"response_success","endpoint":"/api/pois-for-route","http_code":200,"latency_ms":47,"cache_hit":false,"cache_miss":false,"data_count":52}
{"timestamp":"2026-02-14 01:25:36.000000","request_id":"55ca2e32-ac33-4ef5-bfaf-f94345547e52","event":"debug","phase":"RESPONSE","message":"Final POI count","latency_ms":47,"data":{"total_in_route":52,"returned":52,"by_category":{"restaurant":40,"temple":12}}}
{"timestamp":"2026-02-14 01:25:36.000000","request_id":"6de2e0a0-b405-4cfb-bb25-8120d79dcba3","event":"request_start","endpoint":"/api/pois-for-route","method":"POST","ip_address":"127.0.0.1","user_id":null}
{"timestamp":"2026-02-14 01:25:36.000000","request_id":"6de2e0a0-b405-4cfb-bb25-8120d79dcba3","event":"debug","phase":"VALIDATION","message":"Polyline received","latency_ms":0,"data":{"point_count":10}}
{"timestamp":"2026-02-14 01:25:36.000000","request_id":"6de2e0a0-b405-4cfb-bb25-8120d79dcba3","event":"debug","phase":"VALIDATION","message":"Input validated","latency_ms":0,"data":{"polyline_points":10,"categories":["temple","restaurant"],"radius_km":20}}
{"timestamp":"2026-02-14 01:25:36.000000","request_id":"6de2e0a0-b405-4cfb-bb25-8120d79dcba3","event":"debug","phase":"BBOX_QUERY","message":"Executing spatial query","latency_ms":1,"data":{"min_lat":9.40311981981982,"max_lat":13.262880180180181,"min_lng":76.33651981981981,"max_lng":80.4551801801802,"categories":["temple","restaurant"]}}
{"timestamp":"2026-02-14 01:25:36.000000","request_id":"6de2e0a0-b405-4cfb-bb25-8120d79dcba3","event":"debug","phase":"BBOX_RESULT","message":"Bounding box query completed","latency_ms":25,"data":{"pois_in_bbox":1257}}
{"timestamp":"2026-02-14 01:25:36.000000","request_id":"6de2e0a0-b405-4cfb-bb25-8120d79dcba3","event":"debug","phase":"DISTANCE_FILTER","message":"Starting distance-to-route filtering","latency_ms":26,"data":{"all_pois_count":1257,"buffer_meters":20000}}
{"timestamp":"2026-02-14 01:25:36.000000","request_id":"6de2e0a0-b405-4cfb-bb25-8120d79dcba3","event":"debug","phase":"DISTANCE_FILTER","message":"Filtering complete","latency_ms":33,"data":{"filtered_pois_count":52}}
{"timestamp":"2026-02-14 01:25:36.000000","request_id":"6de2e0a0-b405-4cfb-bb25-8120d79dcba3","event":"response_success","endpoint":"/api/pois-for-route","http_code":200,"latency_ms":34,"cache_hit":false,"cache_miss":false,"data_count":52}
{"timestamp":"2026-02-14 01:25:36.000000","request_id":"6de2e0a0-b405-4cfb-bb25-8120d79dcba3","event":"debug","phase":"RESPONSE","message":"Final POI count","latency_ms":34,"data":{"total_in_route":52,"returned":52,"by_category":{"restaurant":40,"temple":12}}}
{"timestamp":"2026-02-14 01:25:36.000000","request_id":"ac7dd4f5-3f75-428e-8e04-321b8288a07c","event":"request_start","endpoint":"/api/pois-for-route","method":"POST","ip_address":"127.0.0.1","user_id":null}
{"timestamp":"2026-02-14 01:25:36.000000","request_id":"ac7dd4f5-3f75-428e-8e04-321b8288a07c","event":"debug","phase":"VALIDATION","message":"Polyline received","latency_ms":0,"data":{"point_count":10}}
{"timestamp":"2026-02-14 01:25:36.000000","request_id":"ac7dd4f5-3f75-428e-8e04-321b8288a07c","event":"debug","phase":"VALIDATION","message":"Input validated","latency_ms":1,"data":{"polyline_points":10,"categories":["temple","restaurant"],"radius_km":20}}
{"timestamp":"2026-02-14 01:25:36.000000","request_id":"ac7dd4f5-3f75-428e-8e04-321b8288a07c","event":"debug","phase":"BBOX_QUERY","message":"Executing spatial query","latency_ms":1,"data":{"min_lat":9.40311981981982,"max_lat":13.262880180180181,"min_lng":76.33651981981981,"max_lng":80.4551801801802,"categories":["temple","restaurant"]}}
{"timestamp":"2026-02-14 01:25:36.000000","request_id":"ac7dd4f5-3f75-428e-8e04-321b8288a07c","event":"debug","phase":"BBOX_RESULT","message":"Bounding box query completed","latency_ms":25,"data":{"pois_in_bbox":1257}}
{"timestamp":"2026-02-14 01:25:36.000000","request_id":"ac7dd4f5-3f75-428e-8e04-321b8288a07c","event":"debug","phase":"DISTANCE_FILTER","message":"Starting distance-to-route filtering","latency_ms":26,"data":{"all_pois_count":1257,"buffer_meters":20000}}
{"timestamp":"2026-02-14 01:25:36.000000","request_id":"ac7dd4f5-3f75-428e-8e04-321b8288a07c","event":"debug","phase":"DISTANCE_FILTER","message":"Filtering complete","latency_ms":36,"data":{"filtered_pois_count":52}}
{"timestamp":"2026-02-14 01:25:36.000000","request_id":"ac7dd4f5-3f75-428e-8e04-321b8288a07c","event":"response_success","endpoint":"/api/pois-for-route","http_code":200,"latency_ms":38,"cache_hit":false,"cache_miss":false,"data_count":52}
{"timestamp":"2026-02-14 01:25:36.000000","request_id":"ac7dd4f5-3f75-428e-8e04-321b8288a07c","event":"debug","phase":"RESPONSE","message":"Final POI count","latency_ms":38,"data":{"total_in_route":52,"returned":52,"by_category":{"restaurant":40,"temple":12}}}
{"timestamp":"2026-02-14 01:25:36.000000","request_id":"6d2dab74-e311-41aa-866f-2a355627176d","event":"request_start","endpoint":"/api/pois-for-route","method":"POST","ip_address":"127.0.0.1","user_id":null}
{"timestamp":"2026-02-14 01:25:36.000000","request_id":"6d2dab74-e311-41aa-866f-2a355627176d","event":"debug","phase":"VALIDATION","message":"Polyline received","latency_ms":0,"data":{"point_count":10}}
{"timestamp":"2026-02-14 01:25:36.000000","request_id":"6d2dab74-e311-41aa-866f-2a355627176d","event":"debug","phase":"VALIDATION","message":"Input validated","latency_ms":1,"data":{"polyline_points":10,"categories":["temple","restaurant"],"radius_km":20}}
{"timestamp":"2026-02-14 01:25:36.000000","request_id":"6d2dab74-e311-41aa-866f-2a355627176d","event":"debug","phase":"BBOX_QUERY","message":"Executing spatial query","latency_ms":1,"data":{"min_lat":9.40311981981982,"max_lat":13.262880180180181,"min_lng":76.33651981981981,"max_lng":80.4551801801802,"categories":["temple","restaurant"]}}
{"timestamp":"2026-02-14 01:25:36.000000","request_id":"6d2dab74-e311-41aa-866f-2a355627176d","event":"debug","phase":"BBOX_RESULT","message":"Bounding box query completed","latency_ms":30,"data":{"pois_in_bbox":1257}}
{"timestamp":"2026-02-14 01:25:36.000000","request_id":"6d2dab74-e311-41aa-866f-2a355627176d","event":"debug","phase":"DISTANCE_FILTER","message":"Starting distance-to-route filtering","latency_ms":31,"data":{"all_pois_count":1257,"buffer_meters":20000}}
{"timestamp":"2026-02-14 01:25:36.000000","request_id":"6d2dab74-e311-41aa-866f-2a355627176d","event":"debug","phase":"DISTANCE_FILTER","message":"Filtering complete","latency_ms":41,"data":{"filtered_pois_count":52}}
{"timestamp":"2026-02-14 01:25:36.000000","request_id":"6d2dab74-e311-41aa-866f-2a355627176d","event":"response_success","endpoint":"/api/pois-for-route","http_code":200,"latency_ms":41,"cache_hit":false,"cache_miss":false,"data_count":52}
{"timestamp":"2026-02-14 01:25:36.000000","request_id":"6d2dab74-e311-41aa-866f-2a355627176d","event":"debug","phase":"RESPONSE","message":"Final POI count","latency_ms":42,"data":{"total_in_route":52,"returned":52,"by_category":{"restaurant":40,"temple":12}}}
{"timestamp":"2026-02-14 01:25:36.000000","request_id":"7462e771-3b26-487c-a494-544ffede74e8","event":"request_start","endpoint":"/api/pois-for-route","method":"POST","ip_address":"127.0.0.1","user_id":null}
{"timestamp":"2026-02-14 01:25:36.000000","request_id":"7462e771-3b26-487c-a494-544ffede74e8","event":"debug","phase":"VALIDATION","message":"Polyline received","latency_ms":0,"data":{"point_count":10}}
{"timestamp":"2026-02-14 01:25:36.000000","request_id":"7462e771-3b26-487c-a494-544ffede74e8","event":"debug","phase":"VALIDATION","message":"Input validated","latency_ms":1,"data":{"polyline_points":10,"categories":["temple","restaurant"],"radius_km":20}}
{"timestamp":"2026-02-14 01:25:36.000000","request_id":"7462e771-3b26-487c-a494-544ffede74e8","event":"debug","phase":"BBOX_QUERY","message":"Executing spatial query","latency_ms":1,"data":{"min_lat":9.40311981981982,"max_lat":13.262880180180181,"min_lng":76.33651981981981,"max_lng":80.4551801801802,"categories":["temple","restaurant"]}}
{"timestamp":"2026-02-14 01:25:36.000000","request_id":"7462e771-3b26-487c-a494-544ffede74e8","event":"debug","phase":"BBOX_RESULT","message":"Bounding box query completed","latency_ms":33,"data":{"pois_in_bbox":1257}}
{"timestamp":"2026-02-14 01:25:36.000000","request_id":"7462e771-3b26-487c-a494-544ffede74e8","event":"debug","phase":"DISTANCE_FILTER","message":"Starting distance-to-route filtering","latency_ms":34,"data":{"all_pois_count":1257,"buffer_meters":20000}}
{"timestamp":"2026-02-14 01:25:36.000000","request_id":"7462e771-3b26-487c-a494-544ffede74e8","event":"debug","phase":"DISTANCE_FILTER","message":"Filtering complete","latency_ms":45,"data":{"filtered_pois_count":52}}
{"timestamp":"2026-02-14 01:25:36.000000","request_id":"7462e771-3b26-487c-a494-544ffede74e8","event":"response_success","endpoint":"/api/pois-for-route","http_code":200,"latency_ms":45,"cache_hit":false,"cache_miss":false,"data_count":52}
{"timestamp":"2026-02-14 01:25:36.000000","request_id":"7462e771-3b26-487c-a494-544ffede74e8","event":"debug","phase":"RESPONSE","message":"Final POI count","latency_ms":46,"data":{"total_in_route":52,"returned":52,"by_category":{"restaurant":40,"temple":12}}}
{"timestamp":"2026-02-14 01:25:36.000000","request_id":"1ef3a922-aca0-44e8-8d33-2fb22fc5437e","event":"request_start","endpoint":"/api/pois-for-route","method":"POST","ip_address":"127.0.0.1","user_id":null}
{"timestamp":"2026-02-14 01:25:36.000000","request_id":"1ef3a922-aca0-44e8-8d33-2fb22fc5437e","event":"debug","phase":"VALIDATION","message":"Polyline received","latency_ms":0,"data":{"point_count":10}}
{"timestamp":"2026-02-14 01:25:36.000000","request_id":"1ef3a922-aca0-44e8-8d33-2fb22fc5437e","event":"debug","phase":"VALIDATION","message":"Input validated","latency_ms":1,"data":{"polyline_points":10,"categories":["temple","restaurant"],"radius_km":20}}
{"timestamp":"2026-02-14 01:25:36.000000","request_id":"1ef3a922-aca0-44e8-8d33-2fb22fc5437e","event":"debug","phase":"BBOX_QUERY","message":"Executing spatial query","latency_ms":1,"data":{"min_lat":9.40311981981982,"max_lat":13.262880180180181,"min_lng":76.33651981981981,"max_lng":80.4551801801802,"categories":["temple","restaurant"]}}
{"timestamp":"2026-02-14 01:25:36.000000","request_id":"1ef3a922-aca0-44e8-8d33-2fb22fc5437e","event":"debug","phase":"BBOX_RESULT","message":"Bounding box query completed","latency_ms":34,"data":{"pois_in_bbox":1257}}
{"timestamp":"2026-02-14 01:25:36.000000","request_id":"1ef3a922-aca0-44e8-8d33-2fb22fc5437e","event":"debug","phase":"DISTANCE_FILTER","message":"Starting distance-to-route filtering","latency_ms":35,"data":{"all_pois_count":1257,"buffer_meters":20000}}
{"timestamp":"2026-02-14 01:25:36.000000","request_id":"1ef3a922-aca0-44e8-8d33-2fb22fc5437e","event":"debug","phase":"DISTANCE_FILTER","message":"Filtering complete","latency_ms":44,"data":{"filtered_pois_count":52}}
{"timestamp":"2026-02-14 01:25:36.000000","request_id":"1ef3a922-aca0-44e8-8d33-2fb22fc5437e","event":"response_success","endpoint":"/api/pois-for-route","http_code":200,"latency_ms":45,"cache_hit":false,"cache_miss":false,"data_count":52}
{"timestamp":"2026-02-14 01:25:36.000000","request_id":"1ef3a922-aca0-44e8-8d33-2fb22fc5437e","event":"debug","phase":"RESPONSE","message":"Final POI count","latency_ms":45,"data":{"total_in_route":52,"returned":52,"by_category":{"restaurant":40,"temple":12}}}
{"timestamp":"2026-02-14 01:25:36.000000","request_id":"fba29d79-73f7-4377-a083-9ac9fd61a602","event":"request_start","endpoint":"/api/pois-for-route","method":"POST","ip_address":"127.0.0.1","user_id":null}
{"timestamp":"2026-02-14 01:25:36.000000","request_id":"fba29d79-73f7-4377-a083-9ac9fd61a602","event":"debug","phase":"VALIDATION","message":"Polyline received","latency_ms":0,"data":{"point_count":10}}
{"timestamp":"2026-02-14 01:25:36.000000","request_id":"fba29d79-73f7-4377-a083-9ac9fd61a602","event":"debug","phase":"VALIDATION","message":"Input validated","latency_ms":1,"data":{"polyline_points":10,"categories":["temple","restaurant"],"radius_km":20}}
{"timestamp":"2026-02-14 01:25:36.000000","request_id":"fba29d79-73f7-4377-a083-9ac9fd61a602","event":"debug","phase":"BBOX_QUERY","message":"Executing spatial query","latency_ms":1,"data":{"min_lat":9.40311981981982,"max_lat":13.262880180180181,"min_lng":76.33651981981981,"max_lng":80.4551801801802,"categories":["temple","restaurant"]}}
{"timestamp":"2026-02-14 01:25:36.000000","request_id":"fba29d79-73f7-4377-a083-9ac9fd61a602","event":"debug","phase":"BBOX_RESULT","message":"Bounding box query completed","latency_ms":25,"data":{"pois_in_bbox":1257}}
{"timestamp":"2026-02-14 01:25:36.000000","request_id":"fba29d79-73f7-4377-a083-9ac9fd61a602","event":"debug","phase":"DISTANCE_FILTER","message":"Starting distance-to-route filtering","latency_ms":25,"data":{"all_pois_count":1257,"buffer_meters":20000}}
{"timestamp":"2026-02-14 01:25:36.000000","request_id":"fba29d79-73f7-4377-a083-9ac9fd61a602","event":"debug","phase":"DISTANCE_FILTER","message":"Filtering complete","latency_ms":35,"data":{"filtered_pois_count":52}}
{"timestamp":"2026-02-14 01:25:36.000000","request_id":"fba29d79-73f7-4377-a083-9ac9fd61a602","event":"response_success","endpoint":"/api/pois-for-route","http_code":200,"latency_ms":36,"cache_hit":false,"cache_miss":false,"data_count":52}
{"timestamp":"2026-02-14 01:25:36.000000","request_id":"fba29d79-73f7-4377-a083-9ac9fd61a602","event":"debug","phase":"RESPONSE","message":"Final POI count","latency_ms":36,"data":{"total_in_route":52,"returned":52,"by_category":{"restaurant":40,"temple":12}}}
{"timestamp":"2026-02-14 01:25:36.000000","request_id":"b001ebaf-5c77-4ff4-9311-3361cb128075","event":"request_start","endpoint":"/api/pois-for-route","method":"POST","ip_address":"127.0.0.1","user_id":null}
{"timestamp":"2026-02-14 01:25:36.000000","request_id":"b001ebaf-5c77-4ff4-9311-3361cb128075","event":"debug","phase":"VALIDATION","message":"Polyline received","latency_ms":0,"data":{"point_count":10}}
{"timestamp":"2026-02-14 01:25:36.000000","request_id":"b001ebaf-5c77-4ff4-9311-3361cb128075","event":"debug","phase":"VALIDATION","message":"Input validated","latency_ms":1,"data":{"polyline_points":10,"categories":["temple","restaurant"],"radius_km":20}}
{"timestamp":"2026-02-14 01:25:36.000000","request_id":"b001ebaf-5c77-4ff4-9311-3361cb128075","event":"debug","phase":"BBOX_QUERY","message":"Executing spatial query","latency_ms":1,"data":{"min_lat":9.40311981981982,"max_lat":13.262880180180181,"min_lng":76.33651981981981,"max_lng":80.4551801801802,"categories":["temple","restaurant"]}}
{"timestamp":"2026-02-14 01:25:36.000000","request_id":"b001ebaf-5c77-4ff4-9311-3361cb128075","event":"debug","phase":"BBOX_RESULT","message":"Bounding box query completed","latency_ms":26,"data":{"pois_in_bbox":1257}}
{"timestamp":"2026-02-14 01:25:36.000000","request_id":"b001ebaf-5c77-4ff4-9311-3361cb128075","event":"debug","phase":"DISTANCE_FILTER","message":"Starting distance-to-route filtering","latency_ms":27,"data":{"all_pois_count":1257,"buffer_meters":20000}}
{"timestamp":"2026-02-14 01:25:36.000000","request_id":"b001ebaf-5c77-4ff4-9311-3361cb128075","event":"debug","phase":"DISTANCE_FILTER","message":"Filtering complete","latency_ms":36,"data":{"filtered_pois_count":52}}
{"timestamp":"2026-02-14 01:25:36.000000","request_id":"b001ebaf-5c77-4ff4-9311-3361cb128075","event":"response_success","endpoint":"/api/pois-for-route","http_code":200,"latency_ms":37,"cache_hit":false,"cache_miss":false,"data_count":52}
{"timestamp":"2026-02-14 01:25:36.000000","request_id":"b001ebaf-5c77-4ff4-9311-3361cb128075","event":"debug","phase":"RESPONSE","message":"Final POI count","latency_ms":37,"data":{"total_in_route":52,"returned":52,"by_category":{"restaurant":40,"temple":12}}}
{"timestamp":"2026-02-14 01:25:36.000000","request_id":"4b619bdb-ae1a-4e50-991e-6036fbdfd9d1","event":"request_start","endpoint":"/api/pois-for-route","method":"POST","ip_address":"127.0.0.1","user_id":null}
{"timestamp":"2026-02-14 01:25:36.000000","request_id":"4b619bdb-ae1a-4e50-991e-6036fbdfd9d1","event":"debug","phase":"VALIDATION","message":"Polyline received","latency_ms":0,"data":{"point_count":10}}
{"timestamp":"2026-02-14 01:25:36.000000","request_id":"4b619bdb-ae1a-4e50-991e-6036fbdfd9d1","event":"debug","phase":"VALIDATION","message":"Input validated","latency_ms":1,"data":{"polyline_points":10,"categories":["temple","restaurant"],"radius_km":20}}
{"timestamp":"2026-02-14 01:25:36.000000","request_id":"4b619bdb-ae1a-4e50-991e-6036fbdfd9d1","event":"debug","phase":"BBOX_QUERY","message":"Executing spatial query","latency_ms":1,"data":{"min_lat":9.40311981981982,"max_lat":13.262880180180181,"min_lng":76.33651981981981,"max_lng":80.4551801801802,"categories":["temple","restaurant"]}}
{"timestamp":"2026-02-14 01:25:36.000000","request_id":"4b619bdb-ae1a-4e50-991e-6036fbdfd9d1","event":"debug","phase":"BBOX_RESULT","message":"Bounding box query completed","latency_ms":23,"data":{"pois_in_bbox":1257}}
{"timestamp":"2026-02-14 01:25:36.000000","request_id":"4b619bdb-ae1a-4e50-991e-6036fbdfd9d1","event":"debug","phase":"DISTANCE_FILTER","message":"Starting distance-to-route filtering","latency_ms":23,"data":{"all_pois_count":1257,"buffer_meters":20000}}
{"timestamp":"2026-02-14 01:25:36.000000","request_id":"4b619bdb-ae1a-4e50-991e-6036fbdfd9d1","event":"debug","phase":"DISTANCE_FILTER","message":"Filtering complete","latency_ms":33,"data":{"filtered_pois_count":52}}
{"timestamp":"2026-02-14 01:25:36.000000","request_id":"4b619bdb-ae1a-4e50-991e-6036fbdfd9d1","event":"response_success","endpoint":"/api/pois-for-route","http_code":200,"latency_ms":34,"cache_hit":false,"cache_miss":false,"data_count":52}
{"timestamp":"2026-02-14 01:25:36.000000","request_id":"4b619bdb-ae1a-4e50-991e-6036fbdfd9d1","event":"debug","phase":"RESPONSE","message":"Final POI count","latency_ms":34,"data":{"total_in_route":52,"returned":52,"by_category":{"restaurant":40,"temple":12}}}
{"timestamp":"2026-02-14 01:25:36.000000","request_id":"83789cef-99af-41f4-978a-c6cd1efaa09f","event":"request_start","endpoint":"/api/pois-for-route","method":"POST","ip_address":"127.0.0.1","user_id":null}
{"timestamp":"2026-02-14 01:25:36.000000","request_id":"83789cef-99af-41f4-978a-c6cd1efaa09f","event":"debug","phase":"VALIDATION","message":"Polyline received","latency_ms":0,"data":{"point_count":10}}
{"timestamp":"2026-02-14 01:25:36.000000","request_id":"83789cef-99af-41f4-978a-c6cd1efaa09f","event":"debug","phase":"VALIDATION","message":"Input validated","latency_ms":0,"data":{"polyline_points":10,"categories":["temple","restaurant"],"radius_km":20}}
{"timestamp":"2026-02-14 01:25:36.000000","request_id":"83789cef-99af-41f4-978a-c6cd1efaa09f","event":"debug","phase":"BBOX_QUERY","message":"Executing spatial query","latency_ms":1,"data":{"min_lat":9.40311981981982,"max_lat":13.262880180180181,"min_lng":76.33651981981981,"max_lng":80.4551801801802,"categories":["temple","restaurant"]}}
{"timestamp":"2026-02-14 01:25:36.000000","request_id":"83789cef-99af-41f4-978a-c6cd1efaa09f","event":"debug","phase":"BBOX_RESULT","message":"Bounding box query completed","latency_ms":29,"data":{"pois_in_bbox":1257}}
{"timestamp":"2026-02-14 01:25:36.000000","request_id":"83789cef-99af-41f4-978a-c6cd1efaa09f","event":"debug","phase":"DISTANCE_FILTER","message":"Starting distance-to-route filtering","latency_ms":30,"data":{"all_pois_count":1257,"buffer_meters":20000}}
{"timestamp":"2026-02-14 01:25:36.000000","request_id":"83789cef-99af-41f4-978a-c6cd1efaa09f","event":"debug","phase":"DISTANCE_FILTER","message":"Filtering complete","latency_ms":44,"data":{"filtered_pois_count":52}}
{"timestamp":"2026-02-14 01:25:36.000000","request_id":"83789cef-99af-41f4-978a-c6cd1efaa09f","event":"response_success","endpoint":"/api/pois-for-route","http_code":200,"latency_ms":44,"cache_hit":false,"cache_miss":false,"data_count":52}
{"timestamp":"2026-02-14 01:25:36.000000","request_id":"83789cef-99af-41f4-978a-c6cd1efaa09f","event":"debug","phase":"RESPONSE","message":"Final POI count","latency_ms":44,"data":{"total_in_route":52,"returned":52,"by_category":{"restaurant":40,"temple":12}}}
{"timestamp":"2026-02-14 01:25:36.000000","request_id":"8f7329df-1465-4745-b134-9e0520565b28","event":"request_start","endpoint":"/api/pois-for-route","method":"POST","ip_address":"127.0.0.1","user_id":null}
{"timestamp":"2026-02-14 01:25:36.000000","request_id":"8f7329df-1465-4745-b134-9e0520565b28","event":"debug","phase":"VALIDATION","message":"Polyline received","latency_ms":0,"data":{"point_count":10}}
{"timestamp":"2026-02-14 01:25:36.000000","request_id":"8f7329df-1465-4745-b134-9e0520565b28","event":"debug","phase":"VALIDATION","message":"Input validated","latency_ms":1,"data":{"polyline_points":10,"categories":["temple","restaurant"],"radius_km":20}}
{"timestamp":"2026-02-14 01:25:36.000000","request_id":"8f7329df-1465-4745-b134-9e0520565b28","event":"debug","phase":"BBOX_QUERY","message":"Executing spatial query","latency_ms":1,"data":{"min_lat":9.40311981981982,"max_lat":13.262880180180181,"min_lng":76.33651981981981,"max_lng":80.4551801801802,"categories":["temple","restaurant"]}}
{"timestamp":"2026-02-14 01:25:36.000000","request_id":"8f7329df-1465-4745-b134-9e0520565b28","event":"debug","phase":"BBOX_RESULT","message":"Bounding box query completed","latency_ms":25,"data":{"pois_in_bbox":1257}}
{"timestamp":"2026-02-14 01:25:36.000000","request_id":"8f7329df-1465-4745-b134-9e0520565b28","event":"debug","phase":"DISTANCE_FILTER","message":"Starting distance-to-route filtering","latency_ms":26,"data":{"all_pois_count":1257,"buffer_meters":20000}}
{"timestamp":"2026-02-14 01:25:36.000000","request_id":"8f7329df-1465-4745-b134-9e0520565b28","event":"debug","phase":"DISTANCE_FILTER","message":"Filtering complete","latency_ms":34,"data":{"filtered_pois_count":52}}
{"timestamp":"2026-02-14 01:25:36.000000","request_id":"8f7329df-1465-4745-b134-9e0520565b28","event":"response_success","endpoint":"/api/pois-for-route","http_code":200,"latency_ms":35,"cache_hit":false,"cache_miss":false,"data_count":52}
{"timestamp":"2026-02-14 01:25:36.000000","request_id":"8f7329df-1465-4745-b134-9e0520565b28","event":"debug","phase":"RESPONSE","message":"Final POI count","latency_ms":35,"data":{"total_in_route":52,"returned":52,"by_category":{"restaurant":40,"temple":12}}}
{"timestamp":"2026-02-14 01:25:36.000000","request_id":"3e45cf2e-f5dd-4d38-8c36-9734a39abe9d","event":"request_start","endpoint":"/api/pois-for-route","method":"POST","ip_address":"127.0.0.1","user_id":null}
{"timestamp":"2026-02-14 01:25:36.000000","request_id":"3e45cf2e-f5dd-4d38-8c36-9734a39abe9d","event":"debug","phase":"VALIDATION","message":"Polyline received","latency_ms":0,"data":{"point_count":10}}
{"timestamp":"2026-02-14 01:25:36.000000","request_id":"3e45cf2e-f5dd-4d38-8c36-9734a39abe9d","event":"debug","phase":"VALIDATION","message":"Input validated","latency_ms":0,"data":{"polyline_points":10,"categories":["temple","restaurant"],"radius_km":20}}
{"timestamp":"2026-02-14 01:25:36.000000","request_id":"3e45cf2e-f5dd-4d38-8c36-9734a39abe9d","event":"debug","phase":"BBOX_QUERY","message":"Executing spatial query","latency_ms":1,"data":{"min_lat":9.40311981981982,"max_lat":13.262880180180181,"min_lng":76.33651981981981,"max_lng":80.4551801801802,"categories":["temple","restaurant"]}}
{"timestamp":"2026-02-14 01:25:36.000000","request_id":"3e45cf2e-f5dd-4d38-8c36-9734a39abe9d","event":"debug","phase":"BBOX_RESULT","message":"Bounding box query completed","latency_ms":23,"data":{"pois_in_bbox":1257}}
{"timestamp":"2026-02-14 01:25:36.000000","request_id":"3e45cf2e-f5dd-4d38-8c36-9734a39abe9d","event":"debug","phase":"DISTANCE_FILTER","message":"Starting distance-to-route filtering","latency_ms":23,"data":{"all_pois_count":1257,"buffer_meters":20000}}
{"timestamp":"2026-02-14 01:25:36.000000","request_id":"3e45cf2e-f5dd-4d38-8c36-9734a39abe9d","event":"debug","phase":"DISTANCE_FILTER","message":"Filtering complete","latency_ms":32,"data":{"filtered_pois_count":52}}
{"timestamp":"2026-02-14 01:25:36.000000","request_id":"3e45cf2e-f5dd-4d38-8c36-9734a39abe9d","event":"response_success","endpoint":"/api/pois-for-route","http_code":200,"latency_ms":33,"cache_hit":false,"cache_miss":false,"data_count":52}
{"timestamp":"2026-02-14 01:25:36.000000","request_id":"3e45cf2e-f5dd-4d38-8c36-9734a39abe9d","event":"debug","phase":"RESPONSE","message":"Final POI count","latency_ms":33,"data":{"total_in_route":52,"returned":52,"by_category":{"restaurant":40,"temple":12}}}
{"timestamp":"2026-02-14 01:25:36.000000","request_id":"4bc9854b-e548-4d4c-b652-fc3c8e890a8b","event":"request_start","endpoint":"/api/pois-for-route","method":"POST","ip_address":"127.0.0.1","user_id":null}
{"timestamp":"2026-02-14 01:25:36.000000","request_id":"4bc9854b-e548-4d4c-b652-fc3c8e890a8b","event":"debug","phase":"VALIDATION","message":"Polyline received","latency_ms":0,"data":{"point_count":10}}
{"timestamp":"2026-02-14 01:25:36.000000","request_id":"4bc9854b-e548-4d4c-b652-fc3c8e890a8b","event":"debug","phase":"VALIDATION","message":"Input validated","latency_ms":0,"data":{"polyline_points":10,"categories":["temple","restaurant"],"radius_km":20}}
{"timestamp":"2026-02-14 01:25:36.000000","request_id":"4bc9854b-e548-4d4c-b652-fc3c8e890a8b","event":"debug","phase":"BBOX_QUERY","message":"Executing spatial query","latency_ms":0,"data":{"min_lat":9.40311981981982,"max_lat":13.262880180180181,"min_lng":76.33651981981981,"max_lng":80.4551801801802,"categories":["temple","restaurant"]}}
{"timestamp":"2026-02-14 01:25:36.000000","request_id":"4bc9854b-e548-4d4c-b652-fc3c8e890a8b","event":"debug","phase":"BBOX_RESULT","message":"Bounding box query completed","latency_ms":25,"data":{"pois_in_bbox":1257}}
{"timestamp":"2026-02-14 01:25:36.000000","request_id":"4bc9854b-e548-4d4c-b652-fc3c8e890a8b","event":"debug","phase":"DISTANCE_FILTER","message":"Starting distance-to-route filtering","latency_ms":26,"data":{"all_pois_count":1257,"buffer_meters":20000}}
{"timestamp":"2026-02-14 01:25:36.000000","request_id":"4bc9854b-e548-4d4c-b652-fc3c8e890a8b","event":"debug","phase":"DISTANCE_FILTER","message":"Filtering complete","latency_ms":34,"data":{"filtered_pois_count":52}}
{"timestamp":"2026-02-14 01:25:36.000000","request_id":"4bc9854b-e548-4d4c-b652-fc3c8e890a8b","event":"response_success","endpoint":"/api/pois-for-route","http_code":200,"latency_ms":35,"cache_hit":false,"cache_miss":false,"data_count":52}
{"timestamp":"2026-02-14 01:25:36.000000","request_id":"4bc9854b-e548-4d4c-b652-fc3c8e890a8b","event":"debug","phase":"RESPONSE","message":"Final POI count","latency_ms":35,"data":{"total_in_route":52,"returned":52,"by_category":{"restaurant":40,"temple":12}}}
{"timestamp":"2026-02-14 01:25:36.000000","request_id":"4577d271-386b-4dc5-9a7b-6746b540bf15","event":"request_start","endpoint":"/api/pois-for-route","method":"POST","ip_address":"127.0.0.1","user_id":null}
{"timestamp":"2026-02-14 01:25:36.000000","request_id":"4577d271-386b-4dc5-9a7b-6746b540bf15","event":"debug","phase":"VALIDATION","message":"Polyline received","latency_ms":0,"data":{"point_count":10}}
{"timestamp":"2026-02-14 01:25:36.000000","request_id":"4577d271-386b-4dc5-9a7b-6746b540bf15","event":"debug","phase":"VALIDATION","message":"Input validated","latency_ms":1,"data":{"polyline_points":10,"categories":["temple","restaurant"],"radius_km":20}}
{"timestamp":"2026-02-14 01:25:36.000000","request_id":"4577d271-386b-4dc5-9a7b-6746b540bf15","event":"debug","phase":"BBOX_QUERY","message":"Executing spatial query","latency_ms":2,"data":{"min_lat":9.40311981981982,"max_lat":13.262880180180181,"min_lng":76.33651981981981,"max_lng":80.4551801801802,"categories":["temple","restaurant"]}}
{"timestamp":"2026-02-14 01:25:36.000000","request_id":"4577d271-386b-4dc5-9a7b-6746b540bf15","event":"debug","phase":"BBOX_RESULT","message":"Bounding box query completed","latency_ms":27,"data":{"pois_in_bbox":1257}}
{"timestamp":"2026-02-14 01:25:36.000000","request_id":"4577d271-386b-4dc5-9a7b-6746b540bf15","event":"debug","phase":"DISTANCE_FILTER","message":"Starting distance-to-route filtering","latency_ms":27,"data":{"all_pois_count":1257,"buffer_meters":20000}}
{"timestamp":"2026-02-14 01:25:36.000000","request_id":"4577d271-386b-4dc5-9a7b-6746b540bf15","event":"debug","phase":"DISTANCE_FILTER","message":"Filtering complete","latency_ms":36,"data":{"filtered_pois_count":52}}
{"timestamp":"2026-02-14 01:25:36.000000","request_id":"4577d271-386b-4dc5-9a7b-6746b540bf15","event":"response_success","endpoint":"/api/pois-for-route","http_code":200,"latency_ms":37,"cache_hit":false,"cache_miss":false,"data_count":52}
{"timestamp":"2026-02-14 01:25:36.000000","request_id":"4577d271-386b-4dc5-9a7b-6746b540bf15","event":"debug","phase":"RESPONSE","message":"Final POI count","latency_ms":37,"data":{"total_in_route":52,"returned":52,"by_category":{"restaurant":40,"temple":12}}}
{"timestamp":"2026-02-14 01:25:36.000000","request_id":"f759d3e5-0eb5-4497-984a-2d30a7bf0b2b","event":"request_start","endpoint":"/api/pois-for-route","method":"POST","ip_address":"127.0.0.1","user_id":null}
{"timestamp":"2026-02-14 01:25:36.000000","request_id":"f759d3e5-0eb5-4497-984a-2d30a7bf0b2b","event":"debug","phase":"VALIDATION","message":"Polyline received","latency_ms":0,"data":{"point_count":10}}
{"timestamp":"2026-02-14 01:25:36.000000","request_id":"f759d3e5-0eb5-4497-984a-2d30a7bf0b2b","event":"debug","phase":"VALIDATION","message":"Input validated","latency_ms":0,"data":{"polyline_points":10,"categories":["temple","restaurant"],"radius_km":20}}
{"timestamp":"2026-02-14 01:25:36.000000","request_id":"f759d3e5-0eb5-4497-984a-2d30a7bf0b2b","event":"debug","phase":"BBOX_QUERY","message":"Executing spatial query","latency_ms":1,"data":{"min_lat":9.40311981981982,"max_lat":13.262880180180181,"min_lng":76.33651981981981,"max_lng":80.4551801801802,"categories":["temple","restaurant"]}}
{"timestamp":"2026-02-14 01:25:37.000000","request_id":"f759d3e5-0eb5-4497-984a-2d30a7bf0b2b","event":"debug","phase":"BBOX_RESULT","message":"Bounding box query completed","latency_ms":31,"data":{"pois_in_bbox":1257}}
{"timestamp":"2026-02-14 01:25:37.000000","request_id":"f759d3e5-0eb5-4497-984a-2d30a7bf0b2b","event":"debug","phase":"DISTANCE_FILTER","message":"Starting distance-to-route filtering","latency_ms":31,"data":{"all_pois_count":1257,"buffer_meters":20000}}
{"timestamp":"2026-02-14 01:25:37.000000","request_id":"f759d3e5-0eb5-4497-984a-2d30a7bf0b2b","event":"debug","phase":"DISTANCE_FILTER","message":"Filtering complete","latency_ms":43,"data":{"filtered_pois_count":52}}
{"timestamp":"2026-02-14 01:25:37.000000","request_id":"f759d3e5-0eb5-4497-984a-2d30a7bf0b2b","event":"response_success","endpoint":"/api/pois-for-route","http_code":200,"latency_ms":44,"cache_hit":false,"cache_miss":false,"data_count":52}
{"timestamp":"2026-02-14 01:25:37.000000","request_id":"f759d3e5-0eb5-4497-984a-2d30a7bf0b2b","event":"debug","phase":"RESPONSE","message":"Final POI count","latency_ms":44,"data":{"total_in_route":52,"returned":52,"by_category":{"restaurant":40,"temple":12}}}
{"timestamp":"2026-02-14 01:25:37.000000","request_id":"d7e57582-6a2d-466a-8f9d-9a91bced6860","event":"request_start","endpoint":"/api/pois-for-route","method":"POST","ip_address":"127.0.0.1","user_id":null}
{"timestamp":"2026-02-14 01:25:37.000000","request_id":"d7e57582-6a2d-466a-8f9d-9a91bced6860","event":"debug","phase":"VALIDATION","message":"Polyline received","latency_ms":0,"data":{"point_count":10}}
{"timestamp":"2026-02-14 01:25:37.000000","request_id":"d7e57582-6a2d-466a-8f9d-9a91bced6860","event":"debug","phase":"VALIDATION","message":"Input validated","latency_ms":1,"data":{"polyline_points":10,"categories":["temple","restaurant"],"radius_km":20}}
{"timestamp":"2026-02-14 01:25:37.000000","request_id":"d7e57582-6a2d-466a-8f9d-9a91bced6860","event":"debug","phase":"BBOX_QUERY","message":"Executing spatial query","latency_ms":1,"data":{"min_lat":9.40311981981982,"max_lat":13.262880180180181,"min_lng":76.33651981981981,"max_lng":80.4551801801802,"categories":["temple","restaurant"]}}
{"timestamp":"2026-02-14 01:25:37.000000","request_id":"d7e57582-6a2d-466a-8f9d-9a91bced6860","event":"debug","phase":"BBOX_RESULT","message":"Bounding box query completed","latency_ms":25,"data":{"pois_in_bbox":1257}}
{"timestamp":"2026-02-14 01:25:37.000000","request_id":"d7e57582-6a2d-466a-8f9d-9a91bced6860","event":"debug","phase":"DISTANCE_FILTER","message":"Starting distance-to-route filtering","latency_ms":26,"data":{"all_pois_count":1257,"buffer_meters":20000}}
{"timestamp":"2026-02-14 01:25:37.000000","request_id":"d7e57582-6a2d-466a-8f9d-9a91bced6860","event":"debug","phase":"DISTANCE_FILTER","message":"Filtering complete","latency_ms":36,"data":{"filtered_pois_count":52}}
{"timestamp":"2026-02-14 01:25:37.000000","request_id":"d7e57582-6a2d-466a-8f9d-9a91bced6860","event":"response_success","endpoint":"/api/pois-for-route","http_code":200,"latency_ms":37,"cache_hit":false,"cache_miss":false,"data_count":52}
{"timestamp":"2026-02-14 01:25:37.000000","request_id":"d7e57582-6a2d-466a-8f9d-9a91bced6860","event":"debug","phase":"RESPONSE","message":"Final POI count","latency_ms":37,"data":{"total_in_route":52,"returned":52,"by_category":{"restaurant":40,"temple":12}}}
{"timestamp":"2026-02-14 01:25:37.000000","request_id":"07a1f8da-fcfb-4273-b38a-2695d5116d49","event":"request_start","endpoint":"/api/pois-for-route","method":"POST","ip_address":"127.0.0.1","user_id":null}
{"timestamp":"2026-02-14 01:25:37.000000","request_id":"07a1f8da-fcfb-4273-b38a-2695d5116d49","event":"debug","phase":"VALIDATION","message":"Polyline received","latency_ms":0,"data":{"point_count":10}}
{"timestamp":"2026-02-14 01:25:37.000000","request_id":"07a1f8da-fcfb-4273-b38a-2695d5116d49","event":"debug","phase":"VALIDATION","message":"Input validated","latency_ms":0,"data":{"polyline_points":10,"categories":["temple","restaurant"],"radius_km":20}}
{"timestamp":"2026-02-14 01:25:37.000000","request_id":"07a1f8da-fcfb-4273-b38a-2695d5116d49","event":"debug","phase":"BBOX_QUERY","message":"Executing spatial query","latency_ms":1,"data":{"min_lat":9.40311981981982,"max_lat":13.262880180180181,"min_lng":76.33651981981981,"max_lng":80.4551801801802,"categories":["temple","restaurant"]}}
{"timestamp":"2026-02-14 01:25:37.000000","request_id":"07a1f8da-fcfb-4273-b38a-2695d5116d49","event":"debug","phase":"BBOX_RESULT","message":"Bounding box query completed","latency_ms":28,"data":{"pois_in_bbox":1257}}
{"timestamp":"2026-02-14 01:25:37.000000","request_id":"07a1f8da-fcfb-4273-b38a-2695d5116d49","event":"debug","phase":"DISTANCE_FILTER","message":"Starting distance-to-route filtering","latency_ms":28,"data":{"all_pois_count":1257,"buffer_meters":20000}}
{"timestamp":"2026-02-14 01:25:37.000000","request_id":"07a1f8da-fcfb-4273-b38a-2695d5116d49","event":"debug","phase":"DISTANCE_FILTER","message":"Filtering complete","latency_ms":39,"data":{"filtered_pois_count":52}}
{"timestamp":"2026-02-14 01:25:37.000000","request_id":"07a1f8da-fcfb-4273-b38a-2695d5116d49","event":"response_success","endpoint":"/api/pois-for-route","http_code":200,"latency_ms":40,"cache_hit":false,"cache_miss":false,"data_count":52}
{"timestamp":"2026-02-14 01:25:37.000000","request_id":"07a1f8da-fcfb-4273-b38a-2695d5116d49","event":"debug","phase":"RESPONSE","message":"Final POI count","latency_ms":40,"data":{"total_in_route":52,"returned":52,"by_category":{"restaurant":40,"temple":12}}}
{"timestamp":"2026-02-14 01:25:37.000000","request_id":"26d3a085-881a-4b88-83da-8052777f9a15","event":"request_start","endpoint":"/api/pois-for-route","method":"POST","ip_address":"127.0.0.1","user_id":null}
{"timestamp":"2026-02-14 01:25:37.000000","request_id":"26d3a085-881a-4b88-83da-8052777f9a15","event":"debug","phase":"VALIDATION","message":"Polyline received","latency_ms":0,"data":{"point_count":10}}
{"timestamp":"2026-02-14 01:25:37.000000","request_id":"26d3a085-881a-4b88-83da-8052777f9a15","event":"debug","phase":"VALIDATION","message":"Input validated","latency_ms":0,"data":{"polyline_points":10,"categories":["temple","restaurant"],"radius_km":20}}
{"timestamp":"2026-02-14 01:25:37.000000","request_id":"26d3a085-881a-4b88-83da-8052777f9a15","event":"debug","phase":"BBOX_QUERY","message":"Executing spatial query","latency_ms":1,"data":{"min_lat":9.40311981981982,"max_lat":13.262880180180181,"min_lng":76.33651981981981,"max_lng":80.4551801801802,"categories":["temple","restaurant"]}}
{"timestamp":"2026-02-14 01:25:37.000000","request_id":"26d3a085-881a-4b88-83da-8052777f9a15","event":"debug","phase":"BBOX_RESULT","message":"Bounding box query completed","latency_ms":26,"data":{"pois_in_bbox":1257}}
{"timestamp":"2026-02-14 01:25:37.000000","request_id":"26d3a085-881a-4b88-83da-8052777f9a15","event":"debug","phase":"DISTANCE_FILTER","message":"Starting distance-to-route filtering","latency_ms":27,"data":{"all_pois_count":1257,"buffer_meters":20000}}
{"timestamp":"2026-02-14 01:25:37.000000","request_id":"26d3a085-881a-4b88-83da-8052777f9a15","event":"debug","phase":"DISTANCE_FILTER","message":"Filtering complete","latency_ms":38,"data":{"filtered_pois_count":52}}
{"timestamp":"2026-02-14 01:25:37.000000","request_id":"26d3a085-881a-4b88-83da-8052777f9a15","event":"response_success","endpoint":"/api/pois-for-route","http_code":200,"latency_ms":39,"cache_hit":false,"cache_miss":false,"data_count":52}
{"timestamp":"2026-02-14 01:25:37.000000","request_id":"26d3a085-881a-4b88-83da-8052777f9a15","event":"debug","phase":"RESPONSE","message":"Final POI count","latency_ms":39,"data":{"total_in_route":52,"returned":52,"by_category":{"restaurant":40,"temple":12}}}
{"timestamp":"2026-02-14 01:25:37.000000","request_id":"8a182426-0515-4a5b-a222-3d949929b981","event":"request_start","endpoint":"/api/pois-for-route","method":"POST","ip_address":"127.0.0.1","user_id":null}
{"timestamp":"2026-02-14 01:25:37.000000","request_id":"8a182426-0515-4a5b-a222-3d949929b981","event":"debug","phase":"VALIDATION","message":"Polyline received","latency_ms":0,"data":{"point_count":10}}
{"timestamp":"2026-02-14 01:25:37.000000","request_id":"8a182426-0515-4a5b-a222-3d949929b981","event":"debug","phase":"VALIDATION","message":"Input validated","latency_ms":1,"data":{"polyline_points":10,"categories":["temple","restaurant"],"radius_km":20}}
{"timestamp":"2026-02-14 01:25:37.000000","request_id":"8a182426-0515-4a5b-a222-3d949929b981","event":"debug","phase":"BBOX_QUERY","message":"Executing spatial query","latency_ms":1,"data":{"min_lat":9.40311981981982,"max_lat":13.262880180180181,"min_lng":76.33651981981981,"max_lng":80.4551801801802,"categories":["temple","restaurant"]}}
{"timestamp":"2026-02-14 01:25:37.000000","request_id":"8a182426-0515-4a5b-a222-3d949929b981","event":"debug","phase":"BBOX_RESULT","message":"Bounding box query completed","latency_ms":25,"data":{"pois_in_bbox":1257}}
{"timestamp":"2026-02-14 01:25:37.000000","request_id":"8a182426-0515-4a5b-a222-3d949929b981","event":"debug","phase":"DISTANCE_FILTER","message":"Starting distance-to-route filtering","latency_ms":25,"data":{"all_pois_count":1257,"buffer_meters":20000}}
{"timestamp":"2026-02-14 01:25:37.000000","request_id":"8a182426-0515-4a5b-a222-3d949929b981","event":"debug","phase":"DISTANCE_FILTER","message":"Filtering complete","latency_ms":36,"data":{"filtered_pois_count":52}}
{"timestamp":"2026-02-14 01:25:37.000000","request_id":"8a182426-0515-4a5b-a222-3d949929b981","event":"response_success","endpoint":"/api/pois-for-route","http_code":200,"latency_ms":36,"cache_hit":false,"cache_miss":false,"data_count":52}
{"timestamp":"2026-02-14 01:25:37.000000","request_id":"8a182426-0515-4a5b-a222-3d949929b981","event":"debug","phase":"RESPONSE","message":"Final POI count","latency_ms":37,"data":{"total_in_route":52,"returned":52,"by_category":{"restaurant":40,"temple":12}}}
{"timestamp":"2026-02-14 01:25:37.000000","request_id":"309bd056-471a-42b1-b236-f7410e4e2eb4","event":"request_start","endpoint":"/api/pois-for-route","method":"POST","ip_address":"127.0.0.1","user_id":null}
{"timestamp":"2026-02-14 01:25:37.000000","request_id":"309bd056-471a-42b1-b236-f7410e4e2eb4","event":"debug","phase":"VALIDATION","message":"Polyline received","latency_ms":0,"data":{"point_count":10}}
{"timestamp":"2026-02-14 01:25:37.000000","request_id":"309bd056-471a-42b1-b236-f7410e4e2eb4","event":"debug","phase":"VALIDATION","message":"Input validated","latency_ms":1,"data":{"polyline_points":10,"categories":["temple","restaurant"],"radius_km":20}}
{"timestamp":"2026-02-14 01:25:37.000000","request_id":"309bd056-471a-42b1-b236-f7410e4e2eb4","event":"debug","phase":"BBOX_QUERY","message":"Executing spatial query","latency_ms":1,"data":{"min_lat":9.40311981981982,"max_lat":13.262880180180181,"min_lng":76.33651981981981,"max_lng":80.4551801801802,"categories":["temple","restaurant"]}}
{"timestamp":"2026-02-14 01:25:37.000000","request_id":"309bd056-471a-42b1-b236-f7410e4e2eb4","event":"debug","phase":"BBOX_RESULT","message":"Bounding box query completed","latency_ms":35,"data":{"pois_in_bbox":1257}}
{"timestamp":"2026-02-14 01:25:37.000000","request_id":"309bd056-471a-42b1-b236-f7410e4e2eb4","event":"debug","phase":"DISTANCE_FILTER","message":"Starting distance-to-route filtering","latency_ms":36,"data":{"all_pois_count":1257,"buffer_meters":20000}}
{"timestamp":"2026-02-14 01:25:37.000000","request_id":"309bd056-471a-42b1-b236-f7410e4e2eb4","event":"debug","phase":"DISTANCE_FILTER","message":"Filtering complete","latency_ms":49,"data":{"filtered_pois_count":52}}
{"timestamp":"2026-02-14 01:25:37.000000","request_id":"309bd056-471a-42b1-b236-f7410e4e2eb4","event":"response_success","endpoint":"/api/pois-for-route","http_code":200,"latency_ms":50,"cache_hit":false,"cache_miss":false,"data_count":52}
{"timestamp":"2026-02-14 01:25:37.000000","request_id":"309bd056-471a-42b1-b236-f7410e4e2eb4","event":"debug","phase":"RESPONSE","message":"Final POI count","latency_ms":50,"data":{"total_in_route":52,"returned":52,"by_category":{"restaurant":40,"temple":12}}}
{"timestamp":"2026-02-14 01:25:37.000000","request_id":"f12f8f31-d8de-43cc-84b9-6d5dd3836c4d","event":"request_start","endpoint":"/api/pois-for-route","method":"POST","ip_address":"127.0.0.1","user_id":null}
{"timestamp":"2026-02-14 01:25:37.000000","request_id":"f12f8f31-d8de-43cc-84b9-6d5dd3836c4d","event":"debug","phase":"VALIDATION","message":"Polyline received","latency_ms":0,"data":{"point_count":10}}
{"timestamp":"2026-02-14 01:25:37.000000","request_id":"f12f8f31-d8de-43cc-84b9-6d5dd3836c4d","event":"debug","phase":"VALIDATION","message":"Input validated","latency_ms":1,"data":{"polyline_points":10,"categories":["temple","restaurant"],"radius_km":20}}
{"timestamp":"2026-02-14 01:25:37.000000","request_id":"f12f8f31-d8de-43cc-84b9-6d5dd3836c4d","event":"debug","phase":"BBOX_QUERY","message":"Executing spatial query","latency_ms":1,"data":{"min_lat":9.40311981981982,"max_lat":13.262880180180181,"min_lng":76.33651981981981,"max_lng":80.4551801801802,"categories":["temple","restaurant"]}}
{"timestamp":"2026-02-14 01:25:37.000000","request_id":"f12f8f31-d8de-43cc-84b9-6d5dd3836c4d","event":"debug","phase":"BBOX_RESULT","message":"Bounding box query completed","latency_ms":26,"data":{"pois_in_bbox":1257}}
{"timestamp":"2026-02-14 01:25:37.000000","request_id":"f12f8f31-d8de-43cc-84b9-6d5dd3836c4d","event":"debug","phase":"DISTANCE_FILTER","message":"Starting distance-to-route filtering","latency_ms":27,"data":{"all_pois_count":1257,"buffer_meters":20000}}
{"timestamp":"2026-02-14 01:25:37.000000","request_id":"f12f8f31-d8de-43cc-84b9-6d5dd3836c4d","event":"debug","phase":"DISTANCE_FILTER","message":"Filtering complete","latency_ms":35,"data":{"filtered_pois_count":52}}
{"timestamp":"2026-02-14 01:25:37.000000","request_id":"f12f8f31-d8de-43cc-84b9-6d5dd3836c4d","event":"response_success","endpoint":"/api/pois-for-route","http_code":200,"latency_ms":35,"cache_hit":false,"cache_miss":false,"data_count":52}
{"timestamp":"2026-02-14 01:25:37.000000","request_id":"f12f8f31-d8de-43cc-84b9-6d5dd3836c4d","event":"debug","phase":"RESPONSE","message":"Final POI count","latency_ms":36,"data":{"total_in_route":52,"returned":52,"by_category":{"restaurant":40,"temple":12}}}
{"timestamp":"2026-02-14 01:25:37.000000","request_id":"dff1c01a-5802-46ea-b66b-9905f035e725","event":"request_start","endpoint":"/api/pois-for-route","method":"POST","ip_address":"127.0.0.1","user_id":null}
{"timestamp":"2026-02-14 01:25:37.000000","request_id":"dff1c01a-5802-46ea-b66b-9905f035e725","event":"debug","phase":"VALIDATION","message":"Polyline received","latency_ms":0,"data":{"point_count":10}}
{"timestamp":"2026-02-14 01:25:37.000000","request_id":"dff1c01a-5802-46ea-b66b-9905f035e725","event":"debug","phase":"VALIDATION","message":"Input validated","latency_ms":1,"data":{"polyline_points":10,"categories":["temple","restaurant"],"radius_km":20}}
{"timestamp":"2026-02-14 01:25:37.000000","request_id":"dff1c01a-5802-46ea-b66b-9905f035e725","event":"debug","phase":"BBOX_QUERY","message":"Executing spatial query","latency_ms":1,"data":{"min_lat":9.40311981981982,"max_lat":13.262880180180181,"min_lng":76.33651981981981,"max_lng":80.4551801801802,"categories":["temple","restaurant"]}}
{"timestamp":"2026-02-14 01:25:37.000000","request_id":"dff1c01a-5802-46ea-b66b-9905f035e725","event":"debug","phase":"BBOX_RESULT","message":"Bounding box query completed","latency_ms":27,"data":{"pois_in_bbox":1257}}
{"timestamp":"2026-02-14 01:25:37.000000","request_id":"dff1c01a-5802-46ea-b66b-9905f035e725","event":"debug","phase":"DISTANCE_FILTER","message":"Starting distance-to-route filtering","latency_ms":27,"data":{"all_pois_count":1257,"buffer_meters":20000}}
{"timestamp":"2026-02-14 01:25:37.000000","request_id":"dff1c01a-5802-46ea-b66b-9905f035e725","event":"debug","phase":"DISTANCE_FILTER","message":"Filtering complete","latency_ms":40,"data":{"filtered_pois_count":52}}
{"timestamp":"2026-02-14 01:25:37.000000","request_id":"dff1c01a-5802-46ea-b66b-9905f035e725","event":"response_success","endpoint":"/api/pois-for-route","http_code":200,"latency_ms":41,"cache_hit":false,"cache_miss":false,"data_count":52}
{"timestamp":"2026-02-14 01:25:37.000000","request_id":"dff1c01a-5802-46ea-b66b-9905f035e725","event":"debug","phase":"RESPONSE","message":"Final POI count","latency_ms":41,"data":{"total_in_route":52,"returned":52,"by_category":{"restaurant":40,"temple":12}}}
{"timestamp":"2026-02-14 01:25:37.000000","request_id":"3669eaa6-4cc3-4e33-93c8-63fa2a005550","event":"request_start","endpoint":"/api/pois-for-route","method":"POST","ip_address":"127.0.0.1","user_id":null}
{"timestamp":"2026-02-14 01:25:37.000000","request_id":"3669eaa6-4cc3-4e33-93c8-63fa2a005550","event":"debug","phase":"VALIDATION","message":"Polyline received","latency_ms":0,"data":{"point_count":10}}
{"timestamp":"2026-02-14 01:25:37.000000","request_id":"3669eaa6-4cc3-4e33-93c8-63fa2a005550","event":"debug","phase":"VALIDATION","message":"Input validated","latency_ms":0,"data":{"polyline_points":10,"categories":["temple","restaurant"],"radius_km":20}}
{"timestamp":"2026-02-14 01:25:37.000000","request_id":"3669eaa6-4cc3-4e33-93c8-63fa2a005550","event":"debug","phase":"BBOX_QUERY","message":"Executing spatial query","latency_ms":1,"data":{"min_lat":9.40311981981982,"max_lat":13.262880180180181,"min_lng":76.33651981981981,"max_lng":80.4551801801802,"categories":["temple","restaurant"]}}
{"timestamp":"2026-02-14 01:25:37.000000","request_id":"3669eaa6-4cc3-4e33-93c8-63fa2a005550","event":"debug","phase":"BBOX_RESULT","message":"Bounding box query completed","latency_ms":28,"data":{"pois_in_bbox":1257}}
{"timestamp":"2026-02-14 01:25:37.000000","request_id":"3669eaa6-4cc3-4e33-93c8-63fa2a005550","event":"debug","phase":"DISTANCE_FILTER","message":"Starting distance-to-route filtering","latency_ms":28,"data":{"all_pois_count":1257,"buffer_meters":20000}}
{"timestamp":"2026-02-14 01:25:37.000000","request_id":"3669eaa6-4cc3-4e33-93c8-63fa2a005550","event":"debug","phase":"DISTANCE_FILTER","message":"Filtering complete","latency_ms":36,"data":{"filtered_pois_count":52}}
{"timestamp":"2026-02-14 01:25:37.000000","request_id":"3669eaa6-4cc3-4e33-93c8-63fa2a005550","event":"response_success","endpoint":"/api/pois-for-route","http_code":200,"latency_ms":37,"cache_hit":false,"cache_miss":false,"data_count":52}
{"timestamp":"2026-02-14 01:25:37.000000","request_id":"3669eaa6-4cc3-4e33-93c8-63fa2a005550","event":"debug","phase":"RESPONSE","message":"Final POI count","latency_ms":37,"data":{"total_in_route":52,"returned":52,"by_category":{"restaurant":40,"temple":12}}}
{"timestamp":"2026-02-14 01:25:37.000000","request_id":"3a993bd8-fb61-4940-bf02-0b8a6c2b5290","event":"request_start","endpoint":"/api/pois-for-route","method":"POST","ip_address":"127.0.0.1","user_id":null}
{"timestamp":"2026-02-14 01:25:37.000000","request_id":"3a993bd8-fb61-4940-bf02-0b8a6c2b5290","event":"debug","phase":"VALIDATION","message":"Polyline received","latency_ms":0,"data":{"point_count":10}}
{"timestamp":"2026-02-14 01:25:37.000000","request_id":"3a993bd8-fb61-4940-bf02-0b8a6c2b5290","event":"debug","phase":"VALIDATION","message":"Input validated","latency_ms":1,"data":{"polyline_points":10,"categories":["temple","restaurant"],"radius_km":20}}
{"timestamp":"2026-02-14 01:25:37.000000","request_id":"3a993bd8-fb61-4940-bf02-0b8a6c2b5290","event":"debug","phase":"BBOX_QUERY","message":"Executing spatial query","latency_ms":1,"data":{"min_lat":9.40311981981982,"max_lat":13.262880180180181,"min_lng":76.33651981981981,"max_lng":80.4551801801802,"categories":["temple","restaurant"]}}
{"timestamp":"2026-02-14 01:25:37.000000","request_id":"3a993bd8-fb61-4940-bf02-0b8a6c2b5290","event":"debug","phase":"BBOX_RESULT","message":"Bounding box query completed","latency_ms":23,"data":{"pois_in_bbox":1257}}
{"timestamp":"2026-02-14 01:25:37.000000","request_id":"3a993bd8-fb61-4940-bf02-0b8a6c2b5290","event":"debug","phase":"DISTANCE_FILTER","message":"Starting distance-to-route filtering","latency_ms":24,"data":{"all_pois_count":1257,"buffer_meters":20000}}
{"timestamp":"2026-02-14 01:25:37.000000","request_id":"3a993bd8-fb61-4940-bf02-0b8a6c2b5290","event":"debug","phase":"DISTANCE_FILTER","message":"Filtering complete","latency_ms":32,"data":{"filtered_pois_count":52}}
{"timestamp":"2026-02-14 01:25:37.000000","request_id":"3a993bd8-fb61-4940-bf02-0b8a6c2b5290","event":"response_success","endpoint":"/api/pois-for-route","http_code":200,"latency_ms":33,"cache_hit":false,"cache_miss":false,"data_count":52}
{"timestamp":"2026-02-14 01:25:37.000000","request_id":"3a993bd8-fb61-4940-bf02-0b8a6c2b5290","event":"debug","phase":"RESPONSE","message":"Final POI count","latency_ms":33,"data":{"total_in_route":52,"returned":52,"by_category":{"restaurant":40,"temple":12}}}
{"timestamp":"2026-02-14 01:25:37.000000","request_id":"d2617dd8-0c5f-4e87-b988-dc50f3f06152","event":"request_start","endpoint":"/api/pois-for-route","method":"POST","ip_address":"127.0.0.1","user_id":null}
{"timestamp":"2026-02-14 01:25:37.000000","request_id":"d2617dd8-0c5f-4e87-b988-dc50f3f06152","event":"debug","phase":"VALIDATION","message":"Polyline received","latency_ms":0,"data":{"point_count":10}}
{"timestamp":"2026-02-14 01:25:37.000000","request_id":"d2617dd8-0c5f-4e87-b988-dc50f3f06152","event":"debug","phase":"VALIDATION","message":"Input validated","latency_ms":0,"data":{"polyline_points":10,"categories":["temple","restaurant"],"radius_km":20}}
{"timestamp":"2026-02-14 01:25:37.000000","request_id":"d2617dd8-0c5f-4e87-b988-dc50f3f06152","event":"debug","phase":"BBOX_QUERY","message":"Executing spatial query","latency_ms":1,"data":{"min_lat":9.40311981981982,"max_lat":13.262880180180181,"min_lng":76.33651981981981,"max_lng":80.4551801801802,"categories":["temple","restaurant"]}}
{"timestamp":"2026-02-14 01:25:37.000000","request_id":"d2617dd8-0c5f-4e87-b988-dc50f3f06152","event":"debug","phase":"BBOX_RESULT","message":"Bounding box query completed","latency_ms":23,"data":{"pois_in_bbox":1257}}
{"timestamp":"2026-02-14 01:25:37.000000","request_id":"d2617dd8-0c5f-4e87-b988-dc50f3f06152","event":"debug","phase":"DISTANCE_FILTER","message":"Starting distance-to-route filtering","latency_ms":24,"data":{"all_pois_count":1257,"buffer_meters":20000}}
{"timestamp":"2026-02-14 01:25:37.000000","request_id":"d2617dd8-0c5f-4e87-b988-dc50f3f06152","event":"debug","phase":"DISTANCE_FILTER","message":"Filtering complete","latency_ms":37,"data":{"filtered_pois_count":52}}
{"timestamp":"2026-02-14 01:25:37.000000","request_id":"d2617dd8-0c5f-4e87-b988-dc50f3f06152","event":"response_success","endpoint":"/api/pois-for-route","http_code":200,"latency_ms":38,"cache_hit":false,"cache_miss":false,"data_count":52}
{"timestamp":"2026-02-14 01:25:37.000000","request_id":"d2617dd8-0c5f-4e87-b988-dc50f3f06152","event":"debug","phase":"RESPONSE","message":"Final POI count","latency_ms":38,"data":{"total_in_route":52,"returned":52,"by_category":{"restaurant":40,"temple":12}}}
{"timestamp":"2026-02-14 01:25:37.000000","request_id":"28123309-4d87-4bc5-8533-e387d2893577","event":"request_start","endpoint":"/api/pois-for-route","method":"POST","ip_address":"127.0.0.1","user_id":null}
{"timestamp":"2026-02-14 01:25:37.000000","request_id":"28123309-4d87-4bc5-8533-e387d2893577","event":"debug","phase":"VALIDATION","message":"Polyline received","latency_ms":0,"data":{"point_count":10}}
{"timestamp":"2026-02-14 01:25:37.000000","request_id":"28123309-4d87-4bc5-8533-e387d2893577","event":"debug","phase":"VALIDATION","message":"Input validated","latency_ms":0,"data":{"polyline_points":10,"categories":["temple","restaurant"],"radius_km":20}}
{"timestamp":"2026-02-14 01:25:37.000000","request_id":"28123309-4d87-4bc5-8533-e387d2893577","event":"debug","phase":"BBOX_QUERY","message":"Executing spatial query","latency_ms":1,"data":{"min_lat":9.40311981981982,"max_lat":13.262880180180181,"min_lng":76.33651981981981,"max_lng":80.4551801801802,"categories":["temple","restaurant"]}}
{"timestamp":"2026-02-14 01:25:37.000000","request_id":"28123309-4d87-4bc5-8533-e387d2893577","event":"debug","phase":"BBOX_RESULT","message":"Bounding box query completed","latency_ms":35,"data":{"pois_in_bbox":1257}}
{"timestamp":"2026-02-14 01:25:37.000000","request_id":"28123309-4d87-4bc5-8533-e387d2893577","event":"debug","phase":"DISTANCE_FILTER","message":"Starting distance-to-route filtering","latency_ms":35,"data":{"all_pois_count":1257,"buffer_meters":20000}}
{"timestamp":"2026-02-14 01:25:37.000000","request_id":"28123309-4d87-4bc5-8533-e387d2893577","event":"debug","phase":"DISTANCE_FILTER","message":"Filtering complete","latency_ms":43,"data":{"filtered_pois_count":52}}
{"timestamp":"2026-02-14 01:25:37.000000","request_id":"28123309-4d87-4bc5-8533-e387d2893577","event":"response_success","endpoint":"/api/pois-for-route","http_code":200,"latency_ms":44,"cache_hit":false,"cache_miss":false,"data_count":52}
{"timestamp":"2026-02-14 01:25:37.000000","request_id":"28123309-4d87-4bc5-8533-e387d2893577","event":"debug","phase":"RESPONSE","message":"Final POI count","latency_ms":44,"data":{"total_in_route":52,"returned":52,"by_category":{"restaurant":40,"temple":12}}}
{"timestamp":"2026-02-14 01:25:37.000000","request_id":"65c16fa8-ee18-4bc2-bb8a-f569b0bb2d88","event":"request_start","endpoint":"/api/pois-for-route","method":"POST","ip_address":"127.0.0.1","user_id":null}
{"timestamp":"2026-02-14 01:25:37.000000","request_id":"65c16fa8-ee18-4bc2-bb8a-f569b0bb2d88","event":"debug","phase":"VALIDATION","message":"Polyline received","latency_ms":0,"data":{"point_count":10}}
{"timestamp":"2026-02-14 01:25:37.000000","request_id":"65c16fa8-ee18-4bc2-bb8a-f569b0bb2d88","event":"debug","phase":"VALIDATION","message":"Input validated","latency_ms":1,"data":{"polyline_points":10,"categories":["temple","restaurant"],"radius_km":20}}
{"timestamp":"2026-02-14 01:25:37.000000","request_id":"65c16fa8-ee18-4bc2-bb8a-f569b0bb2d88","event":"debug","phase":"BBOX_QUERY","message":"Executing spatial query","latency_ms":1,"data":{"min_lat":9.40311981981982,"max_lat":13.262880180180181,"min_lng":76.33651981981981,"max_lng":80.4551801801802,"categories":["temple","restaurant"]}}
{"timestamp":"2026-02-14 01:25:37.000000","request_id":"65c16fa8-ee18-4bc2-bb8a-f569b0bb2d88","event":"debug","phase":"BBOX_RESULT","message":"Bounding box query completed","latency_ms":28,"data":{"pois_in_bbox":1257}}
{"timestamp":"2026-02-14 01:25:37.000000","request_id":"65c16fa8-ee18-4bc2-bb8a-f569b0bb2d88","event":"debug","phase":"DISTANCE_FILTER","message":"Starting distance-to-route filtering","latency_ms":29,"data":{"all_pois_count":1257,"buffer_meters":20000}}
{"timestamp":"2026-02-14 01:25:37.000000","request_id":"65c16fa8-ee18-4bc2-bb8a-f569b0bb2d88","event":"debug","phase":"DISTANCE_FILTER","message":"Filtering complete","latency_ms":37,"data":{"filtered_pois_count":52}}
{"timestamp":"2026-02-14 01:25:37.000000","request_id":"65c16fa8-ee18-4bc2-bb8a-f569b0bb2d88","event":"response_success","endpoint":"/api/pois-for-route","http_code":200,"latency_ms":37,"cache_hit":false,"cache_miss":false,"data_count":52}
{"timestamp":"2026-02-14 01:25:37.000000","request_id":"65c16fa8-ee18-4bc2-bb8a-f569b0bb2d88","event":"debug","phase":"RESPONSE","message":"Final POI count","latency_ms":38,"data":{"total_in_route":52,"returned":52,"by_category":{"restaurant":40,"temple":12}}}
{"timestamp":"2026-02-14 01:25:37.000000","request_id":"bf91c9e0-a394-4989-ba14-c0d0f4c694a1","event":"request_start","endpoint":"/api/pois-for-route","method":"POST","ip_address":"127.0.0.1","user_id":null}
{"timestamp":"2026-02-14 01:25:37.000000","request_id":"bf91c9e0-a394-4989-ba14-c0d0f4c694a1","event":"debug","phase":"VALIDATION","message":"Polyline received","latency_ms":0,"data":{"point_count":10}}
{"timestamp":"2026-02-14 01:25:37.000000","request_id":"bf91c9e0-a394-4989-ba14-c0d0f4c694a1","event":"debug","phase":"VALIDATION","message":"Input validated","latency_ms":0,"data":{"polyline_points":10,"categories":["temple","restaurant"],"radius_km":20}}
{"timestamp":"2026-02-14 01:25:37.000000","request_id":"bf91c9e0-a394-4989-ba14-c0d0f4c694a1","event":"debug","phase":"BBOX_QUERY","message":"Executing spatial query","latency_ms":1,"data":{"min_lat":9.40311981981982,"max_lat":13.262880180180181,"min_lng":76.33651981981981,"max_lng":80.4551801801802,"categories":["temple","restaurant"]}}
{"timestamp":"2026-02-14 01:25:37.000000","request_id":"bf91c9e0-a394-4989-ba14-c0d0f4c694a1","event":"debug","phase":"BBOX_RESULT","message":"Bounding box query completed","latency_ms":27,"data":{"pois_in_bbox":1257}}
{"timestamp":"2026-02-14 01:25:37.000000","request_id":"bf91c9e0-a394-4989-ba14-c0d0f4c694a1","event":"debug","phase":"DISTANCE_FILTER","message":"Starting distance-to-route filtering","latency_ms":28,"data":{"all_pois_count":1257,"buffer_meters":20000}}
{"timestamp":"2026-02-14 01:25:37.000000","request_id":"bf91c9e0-a394-4989-ba14-c0d0f4c694a1","event":"debug","phase":"DISTANCE_FILTER","message":"Filtering complete","latency_ms":40,"data":{"filtered_pois_count":52}}
{"timestamp":"2026-02-14 01:25:37.000000","request_id":"bf91c9e0-a394-4989-ba14-c0d0f4c694a1","event":"response_success","endpoint":"/api/pois-for-route","http_code":200,"latency_ms":41,"cache_hit":false,"cache_miss":false,"data_count":52}
{"timestamp":"2026-02-14 01:25:37.000000","request_id":"bf91c9e0-a394-4989-ba14-c0d0f4c694a1","event":"debug","phase":"RESPONSE","message":"Final POI count","latency_ms":41,"data":{"total_in_route":52,"returned":52,"by_category":{"restaurant":40,"temple":12}}}
{"timestamp":"2026-02-14 01:25:37.000000","request_id":"5657439c-d4dc-4c25-8d91-06fb25ae8a98","event":"request_start","endpoint":"/api/pois-for-route","method":"POST","ip_address":"127.0.0.1","user_id":null}
{"timestamp":"2026-02-14 01:25:37.000000","request_id":"5657439c-d4dc-4c25-8d91-06fb25ae8a98","event":"debug","phase":"VALIDATION","message":"Polyline received","latency_ms":0,"data":{"point_count":10}}
{"timestamp":"2026-02-14 01:25:37.000000","request_id":"5657439c-d4dc-4c25-8d91-06fb25ae8a98","event":"debug","phase":"VALIDATION","message":"Input validated","latency_ms":0,"data":{"polyline_points":10,"categories":["temple","restaurant"],"radius_km":20}}
{"timestamp":"2026-02-14 01:25:37.000000","request_id":"5657439c-d4dc-4c25-8d91-06fb25ae8a98","event":"debug","phase":"BBOX_QUERY","message":"Executing spatial query","latency_ms":1,"data":{"min_lat":9.40311981981982,"max_lat":13.262880180180181,"min_lng":76.33651981981981,"max_lng":80.4551801801802,"categories":["temple","restaurant"]}}
{"timestamp":"2026-02-14 01:25:37.000000","request_id":"5657439c-d4dc-4c25-8d91-06fb25ae8a98","event":"debug","phase":"BBOX_RESULT","message":"Bounding box query completed","latency_ms":25,"data":{"pois_in_bbox":1257}}
{"timestamp":"2026-02-14 01:25:37.000000","request_id":"5657439c-d4dc-4c25-8d91-06fb25ae8a98","event":"debug","phase":"DISTANCE_FILTER","message":"Starting distance-to-route filtering","latency_ms":25,"data":{"all_pois_count":1257,"buffer_meters":20000}}
{"timestamp":"2026-02-14 01:25:37.000000","request_id":"5657439c-d4dc-4c25-8d91-06fb25ae8a98","event":"debug","phase":"DISTANCE_FILTER","message":"Filtering complete","latency_ms":34,"data":{"filtered_pois_count":52}}
{"timestamp":"2026-02-14 01:25:37.000000","request_id":"5657439c-d4dc-4c25-8d91-06fb25ae8a98","event":"response_success","endpoint":"/api/pois-for-route","http_code":200,"latency_ms":35,"cache_hit":false,"cache_miss":false,"data_count":52}
{"timestamp":"2026-02-14 01:25:37.000000","request_id":"5657439c-d4dc-4c25-8d91-06fb25ae8a98","event":"debug","phase":"RESPONSE","message":"Final POI count","latency_ms":35,"data":{"total_in_route":52,"returned":52,"by_category":{"restaurant":40,"temple":12}}}
{"timestamp":"2026-02-14 01:25:37.000000","request_id":"f6fd00d5-c9ba-46d5-9391-f151601b750a","event":"request_start","endpoint":"/api/pois-for-route","method":"POST","ip_address":"127.0.0.1","user_id":null}
{"timestamp":"2026-02-14 01:25:37.000000","request_id":"f6fd00d5-c9ba-46d5-9391-f151601b750a","event":"debug","phase":"VALIDATION","message":"Polyline received","latency_ms":0,"data":{"point_count":10}}
{"timestamp":"2026-02-14 01:25:37.000000","request_id":"f6fd00d5-c9ba-46d5-9391-f151601b750a","event":"debug","phase":"VALIDATION","message":"Input validated","latency_ms":1,"data":{"polyline_points":10,"categories":["temple","restaurant"],"radius_km":20}}
{"timestamp":"2026-02-14 01:25:37.000000","request_id":"f6fd00d5-c9ba-46d5-9391-f151601b750a","event":"debug","phase":"BBOX_QUERY","message":"Executing spatial query","latency_ms":1,"data":{"min_lat":9.40311981981982,"max_lat":13.262880180180181,"min_lng":76.33651981981981,"max_lng":80.4551801801802,"categories":["temple","restaurant"]}}
{"timestamp":"2026-02-14 01:25:37.000000","request_id":"f6fd00d5-c9ba-46d5-9391-f151601b750a","event":"debug","phase":"BBOX_RESULT","message":"Bounding box query completed","latency_ms":27,"data":{"pois_in_bbox":1257}}
{"timestamp":"2026-02-14 01:25:37.000000","request_id":"f6fd00d5-c9ba-46d5-9391-f151601b750a","event":"debug","phase":"DISTANCE_FILTER","message":"Starting distance-to-route filtering","latency_ms":28,"data":{"all_pois_count":1257,"buffer_meters":20000}}
{"timestamp":"2026-02-14 01:25:37.000000","request_id":"f6fd00d5-c9ba-46d5-9391-f151601b750a","event":"debug","phase":"DISTANCE_FILTER","message":"Filtering complete","latency_ms":37,"data":{"filtered_pois_count":52}}
{"timestamp":"2026-02-14 01:25:37.000000","request_id":"f6fd00d5-c9ba-46d5-9391-f151601b750a","event":"response_success","endpoint":"/api/pois-for-route","http_code":200,"latency_ms":37,"cache_hit":false,"cache_miss":false,"data_count":52}
{"timestamp":"2026-02-14 01:25:37.000000","request_id":"f6fd00d5-c9ba-46d5-9391-f151601b750a","event":"debug","phase":"RESPONSE","message":"Final POI count","latency_ms":38,"data":{"total_in_route":52,"returned":52,"by_category":{"restaurant":40,"temple":12}}}
{"timestamp":"2026-02-14 01:25:37.000000","request_id":"3748afd9-4438-419f-9f04-d6601e7ba0f2","event":"request_start","endpoint":"/api/pois-for-route","method":"POST","ip_address":"127.0.0.1","user_id":null}
{"timestamp":"2026-02-14 01:25:37.000000","request_id":"3748afd9-4438-419f-9f04-d6601e7ba0f2","event":"debug","phase":"VALIDATION","message":"Polyline received","latency_ms":0,"data":{"point_count":10}}
{"timestamp":"2026-02-14 01:25:37.000000","request_id":"3748afd9-4438-419f-9f04-d6601e7ba0f2","event":"debug","phase":"VALIDATION","message":"Input validated","latency_ms":0,"data":{"polyline_points":10,"categories":["temple","restaurant"],"radius_km":20}}
{"timestamp":"2026-02-14 01:25:37.000000","request_id":"3748afd9-4438-419f-9f04-d6601e7ba0f2","event":"debug","phase":"BBOX_QUERY","message":"Executing spatial query","latency_ms":1,"data":{"min_lat":9.40311981981982,"max_lat":13.262880180180181,"min_lng":76.33651981981981,"max_lng":80.4551801801802,"categories":["temple","restaurant"]}}
{"timestamp":"2026-02-14 01:25:37.000000","request_id":"3748afd9-4438-419f-9f04-d6601e7ba0f2","event":"debug","phase":"BBOX_RESULT","message":"Bounding box query completed","latency_ms":23,"data":{"pois_in_bbox":1257}}
{"timestamp":"2026-02-14 01:25:37.000000","request_id":"3748afd9-4438-419f-9f04-d6601e7ba0f2","event":"debug","phase":"DISTANCE_FILTER","message":"Starting distance-to-route filtering","latency_ms":23,"data":{"all_pois_count":1257,"buffer_meters":20000}}
{"timestamp":"2026-02-14 01:25:37.000000","request_id":"3748afd9-4438-419f-9f04-d6601e7ba0f2","event":"debug","phase":"DISTANCE_FILTER","message":"Filtering complete","latency_ms":33,"data":{"filtered_pois_count":52}}
{"timestamp":"2026-02-14 01:25:37.000000","request_id":"3748afd9-4438-419f-9f04-d6601e7ba0f2","event":"response_success","endpoint":"/api/pois-for-route","http_code":200,"latency_ms":34,"cache_hit":false,"cache_miss":false,"data_count":52}
{"timestamp":"2026-02-14 01:25:37.000000","request_id":"3748afd9-4438-419f-9f04-d6601e7ba0f2","event":"debug","phase":"RESPONSE","message":"Final POI count","latency_ms":34,"data":{"total_in_route":52,"returned":52,"by_category":{"restaurant":40,"temple":12}}}
{"timestamp":"2026-02-14 01:25:37.000000","request_id":"884e501c-19a0-4672-b28d-2437cff6ff5c","event":"request_start","endpoint":"/api/pois-for-route","method":"POST","ip_address":"127.0.0.1","user_id":null}
{"timestamp":"2026-02-14 01:25:37.000000","request_id":"884e501c-19a0-4672-b28d-2437cff6ff5c","event":"debug","phase":"VALIDATION","message":"Polyline received","latency_ms":0,"data":{"point_count":10}}
{"timestamp":"2026-02-14 01:25:37.000000","request_id":"884e501c-19a0-4672-b28d-2437cff6ff5c","event":"debug","phase":"VALIDATION","message":"Input validated","latency_ms":1,"data":{"polyline_points":10,"categories":["temple","restaurant"],"radius_km":20}}
{"timestamp":"2026-02-14 01:25:37.000000","request_id":"884e501c-19a0-4672-b28d-2437cff6ff5c","event":"debug","phase":"BBOX_QUERY","message":"Executing spatial query","latency_ms":1,"data":{"min_lat":9.40311981981982,"max_lat":13.262880180180181,"min_lng":76.33651981981981,"max_lng":80.4551801801802,"categories":["temple","restaurant"]}}
{"timestamp":"2026-02-14 01:25:37.000000","request_id":"884e501c-19a0-4672-b28d-2437cff6ff5c","event":"debug","phase":"BBOX_RESULT","message":"Bounding box query completed","latency_ms":26,"data":{"pois_in_bbox":1257}}
{"timestamp":"2026-02-14 01:25:37.000000","request_id":"884e501c-19a0-4672-b28d-2437cff6ff5c","event":"debug","phase":"DISTANCE_FILTER","message":"Starting distance-to-route filtering","latency_ms":27,"data":{"all_pois_count":1257,"buffer_meters":20000}}
{"timestamp":"2026-02-14 01:25:37.000000","request_id":"884e501c-19a0-4672-b28d-2437cff6ff5c","event":"debug","phase":"DISTANCE_FILTER","message":"Filtering complete","latency_ms":40,"data":{"filtered_pois_count":52}}
{"timestamp":"2026-02-14 01:25:37.000000","request_id":"884e501c-19a0-4672-b28d-2437cff6ff5c","event":"response_success","endpoint":"/api/pois-for-route","http_code":200,"latency_ms":41,"cache_hit":false,"cache_miss":false,"data_count":52}
{"timestamp":"2026-02-14 01:25:37.000000","request_id":"884e501c-19a0-4672-b28d-2437cff6ff5c","event":"debug","phase":"RESPONSE","message":"Final POI count","latency_ms":42,"data":{"total_in_route":52,"returned":52,"by_category":{"restaurant":40,"temple":12}}}
{"timestamp":"2026-02-14 01:25:37.000000","request_id":"7c509adc-00b7-4d7f-894e-c827f18db953","event":"request_start","endpoint":"/api/pois-for-route","method":"POST","ip_address":"127.0.0.1","user_id":null}
{"timestamp":"2026-02-14 01:25:37.000000","request_id":"7c509adc-00b7-4d7f-894e-c827f18db953","event":"debug","phase":"VALIDATION","message":"Polyline received","latency_ms":0,"data":{"point_count":10}}
{"timestamp":"2026-02-14 01:25:37.000000","request_id":"7c509adc-00b7-4d7f-894e-c827f18db953","event":"debug","phase":"VALIDATION","message":"Input validated","latency_ms":1,"data":{"polyline_points":10,"categories":["temple","restaurant"],"radius_km":20}}
{"timestamp":"2026-02-14 01:25:37.000000","request_id":"7c509adc-00b7-4d7f-894e-c827f18db953","event":"debug","phase":"BBOX_QUERY","message":"Executing spatial query","latency_ms":1,"data":{"min_lat":9.40311981981982,"max_lat":13.262880180180181,"min_lng":76.33651981981981,"max_lng":80.4551801801802,"categories":["temple","restaurant"]}}
{"timestamp":"2026-02-14 01:25:38.000000","request_id":"7c509adc-00b7-4d7f-894e-c827f18db953","event":"debug","phase":"BBOX_RESULT","message":"Bounding box query completed","latency_ms":31,"data":{"pois_in_bbox":1257}}
{"timestamp":"2026-02-14 01:25:38.000000","request_id":"7c509adc-00b7-4d7f-894e-c827f18db953","event":"debug","phase":"DISTANCE_FILTER","message":"Starting distance-to-route filtering","latency_ms":31,"data":{"all_pois_count":1257,"buffer_meters":20000}}
{"timestamp":"2026-02-14 01:25:38.000000","request_id":"7c509adc-00b7-4d7f-894e-c827f18db953","event":"debug","phase":"DISTANCE_FILTER","message":"Filtering complete","latency_ms":39,"data":{"filtered_pois_count":52}}
{"timestamp":"2026-02-14 01:25:38.000000","request_id":"7c509adc-00b7-4d7f-894e-c827f18db953","event":"response_success","endpoint":"/api/pois-for-route","http_code":200,"latency_ms":40,"cache_hit":false,"cache_miss":false,"data_count":52}
{"timestamp":"2026-02-14 01:25:38.000000","request_id":"7c509adc-00b7-4d7f-894e-c827f18db953","event":"debug","phase":"RESPONSE","message":"Final POI count","latency_ms":40,"data":{"total_in_route":52,"returned":52,"by_category":{"restaurant":40,"temple":12}}}
{"timestamp":"2026-02-14 01:25:38.000000","request_id":"394872f0-5e27-4c68-8df7-642da3d24de8","event":"request_start","endpoint":"/api/pois-for-route","method":"POST","ip_address":"127.0.0.1","user_id":null}
{"timestamp":"2026-02-14 01:25:38.000000","request_id":"394872f0-5e27-4c68-8df7-642da3d24de8","event":"debug","phase":"VALIDATION","message":"Polyline received","latency_ms":0,"data":{"point_count":10}}
{"timestamp":"2026-02-14 01:25:38.000000","request_id":"394872f0-5e27-4c68-8df7-642da3d24de8","event":"debug","phase":"VALIDATION","message":"Input validated","latency_ms":1,"data":{"polyline_points":10,"categories":["temple","restaurant"],"radius_km":20}}
{"timestamp":"2026-02-14 01:25:38.000000","request_id":"394872f0-5e27-4c68-8df7-642da3d24de8","event":"debug","phase":"BBOX_QUERY","message":"Executing spatial query","latency_ms":1,"data":{"min_lat":9.40311981981982,"max_lat":13.262880180180181,"min_lng":76.33651981981981,"max_lng":80.4551801801802,"categories":["temple","restaurant"]}}
{"timestamp":"2026-02-14 01:25:38.000000","request_id":"394872f0-5e27-4c68-8df7-642da3d24de8","event":"debug","phase":"BBOX_RESULT","message":"Bounding box query completed","latency_ms":22,"data":{"pois_in_bbox":1257}}
{"timestamp":"2026-02-14 01:25:38.000000","request_id":"394872f0-5e27-4c68-8df7-642da3d24de8","event":"debug","phase":"DISTANCE_FILTER","message":"Starting distance-to-route filtering","latency_ms":22,"data":{"all_pois_count":1257,"buffer_meters":20000}}
{"timestamp":"2026-02-14 01:25:38.000000","request_id":"394872f0-5e27-4c68-8df7-642da3d24de8","event":"debug","phase":"DISTANCE_FILTER","message":"Filtering complete","latency_ms":31,"data":{"filtered_pois_count":52}}
{"timestamp":"2026-02-14 01:25:38.000000","request_id":"394872f0-5e27-4c68-8df7-642da3d24de8","event":"response_success","endpoint":"/api/pois-for-route","http_code":200,"latency_ms":31,"cache_hit":false,"cache_miss":false,"data_count":52}
{"timestamp":"2026-02-14 01:25:38.000000","request_id":"394872f0-5e27-4c68-8df7-642da3d24de8","event":"debug","phase":"RESPONSE","message":"Final POI count","latency_ms":32,"data":{"total_in_route":52,"returned":52,"by_category":{"restaurant":40,"temple":12}}}
{"timestamp":"2026-02-14 01:25:38.000000","request_id":"ec0c7a20-6380-4590-96ad-c544756d85dc","event":"request_start","endpoint":"/api/pois-for-route","method":"POST","ip_address":"127.0.0.1","user_id":null}
{"timestamp":"2026-02-14 01:25:38.000000","request_id":"ec0c7a20-6380-4590-96ad-c544756d85dc","event":"debug","phase":"VALIDATION","message":"Polyline received","latency_ms":0,"data":{"point_count":10}}
{"timestamp":"2026-02-14 01:25:38.000000","request_id":"ec0c7a20-6380-4590-96ad-c544756d85dc","event":"debug","phase":"VALIDATION","message":"Input validated","latency_ms":0,"data":{"polyline_points":10,"categories":["temple","restaurant"],"radius_km":20}}
{"timestamp":"2026-02-14 01:25:38.000000","request_id":"ec0c7a20-6380-4590-96ad-c544756d85dc","event":"debug","phase":"BBOX_QUERY","message":"Executing spatial query","latency_ms":1,"data":{"min_lat":9.40311981981982,"max_lat":13.262880180180181,"min_lng":76.33651981981981,"max_lng":80.4551801801802,"categories":["temple","restaurant"]}}
{"timestamp":"2026-02-14 01:25:38.000000","request_id":"ec0c7a20-6380-4590-96ad-c544756d85dc","event":"debug","phase":"BBOX_RESULT","message":"Bounding box query completed","latency_ms":21,"data":{"pois_in_bbox":1257}}
{"timestamp":"2026-02-14 01:25:38.000000","request_id":"ec0c7a20-6380-4590-96ad-c544756d85dc","event":"debug","phase":"DISTANCE_FILTER","message":"Starting distance-to-route filtering","latency_ms":22,"data":{"all_pois_count":1257,"buffer_meters":20000}}
{"timestamp":"2026-02-14 01:25:38.000000","request_id":"ec0c7a20-6380-4590-96ad-c544756d85dc","event":"debug","phase":"DISTANCE_FILTER","message":"Filtering complete","latency_ms":32,"data":{"filtered_pois_count":52}}
{"timestamp":"2026-02-14 01:25:38.000000","request_id":"ec0c7a20-6380-4590-96ad-c544756d85dc","event":"response_success","endpoint":"/api/pois-for-route","http_code":200,"latency_ms":33,"cache_hit":false,"cache_miss":false,"data_count":52}
{"timestamp":"2026-02-14 01:25:38.000000","request_id":"ec0c7a20-6380-4590-96ad-c544756d85dc","event":"debug","phase":"RESPONSE","message":"Final POI count","latency_ms":33,"data":{"total_in_route":52,"returned":52,"by_category":{"restaurant":40,"temple":12}}}
{"timestamp":"2026-02-14 01:25:38.000000","request_id":"d7ce28da-2836-4b40-b9d0-083d716e60ff","event":"request_start","endpoint":"/api/pois-for-route","method":"POST","ip_address":"127.0.0.1","user_id":null}
{"timestamp":"2026-02-14 01:25:38.000000","request_id":"d7ce28da-2836-4b40-b9d0-083d716e60ff","event":"debug","phase":"VALIDATION","message":"Polyline received","latency_ms":0,"data":{"point_count":10}}
{"timestamp":"2026-02-14 01:25:38.000000","request_id":"d7ce28da-2836-4b40-b9d0-083d716e60ff","event":"debug","phase":"VALIDATION","message":"Input validated","latency_ms":1,"data":{"polyline_points":10,"categories":["temple","restaurant"],"radius_km":20}}
{"timestamp":"2026-02-14 01:25:38.000000","request_id":"d7ce28da-2836-4b40-b9d0-083d716e60ff","event":"debug","phase":"BBOX_QUERY","message":"Executing spatial query","latency_ms":1,"data":{"min_lat":9.40311981981982,"max_lat":13.262880180180181,"min_lng":76.33651981981981,"max_lng":80.4551801801802,"categories":["temple","restaurant"]}}
{"timestamp":"2026-02-14 01:25:38.000000","request_id":"d7ce28da-2836-4b40-b9d0-083d716e60ff","event":"debug","phase":"BBOX_RESULT","message":"Bounding box query completed","latency_ms":24,"data":{"pois_in_bbox":1257}}
{"timestamp":"2026-02-14 01:25:38.000000","request_id":"d7ce28da-2836-4b40-b9d0-083d716e60ff","event":"debug","phase":"DISTANCE_FILTER","message":"Starting distance-to-route filtering","latency_ms":24,"data":{"all_pois_count":1257,"buffer_meters":20000}}
{"timestamp":"2026-02-14 01:25:38.000000","request_id":"d7ce28da-2836-4b40-b9d0-083d716e60ff","event":"debug","phase":"DISTANCE_FILTER","message":"Filtering complete","latency_ms":31,"data":{"filtered_pois_count":52}}
{"timestamp":"2026-02-14 01:25:38.000000","request_id":"d7ce28da-2836-4b40-b9d0-083d716e60ff","event":"response_success","endpoint":"/api/pois-for-route","http_code":200,"latency_ms":32,"cache_hit":false,"cache_miss":false,"data_count":52}
{"timestamp":"2026-02-14 01:25:38.000000","request_id":"d7ce28da-2836-4b40-b9d0-083d716e60ff","event":"debug","phase":"RESPONSE","message":"Final POI count","latency_ms":32,"data":{"total_in_route":52,"returned":52,"by_category":{"restaurant":40,"temple":12}}}
{"timestamp":"2026-02-14 01:25:38.000000","request_id":"28cacf50-9152-480b-a153-03657ba32d0f","event":"request_start","endpoint":"/api/pois-for-route","method":"POST","ip_address":"127.0.0.1","user_id":null}
{"timestamp":"2026-02-14 01:25:38.000000","request_id":"28cacf50-9152-480b-a153-03657ba32d0f","event":"debug","phase":"VALIDATION","message":"Polyline received","latency_ms":0,"data":{"point_count":10}}
{"timestamp":"2026-02-14 01:25:38.000000","request_id":"28cacf50-9152-480b-a153-03657ba32d0f","event":"debug","phase":"VALIDATION","message":"Input validated","latency_ms":1,"data":{"polyline_points":10,"categories":["temple","restaurant"],"radius_km":20}}
{"timestamp":"2026-02-14 01:25:38.000000","request_id":"28cacf50-9152-480b-a153-03657ba32d0f","event":"debug","phase":"BBOX_QUERY","message":"Executing spatial query","latency_ms":1,"data":{"min_lat":9.40311981981982,"max_lat":13.262880180180181,"min_lng":76.33651981981981,"max_lng":80.4551801801802,"categories":["temple","restaurant"]}}
{"timestamp":"2026-02-14 01:25:38.000000","request_id":"28cacf50-9152-480b-a153-03657ba32d0f","event":"debug","phase":"BBOX_RESULT","message":"Bounding box query completed","latency_ms":24,"data":{"pois_in_bbox":1257}}
{"timestamp":"2026-02-14 01:25:38.000000","request_id":"28cacf50-9152-480b-a153-03657ba32d0f","event":"debug","phase":"DISTANCE_FILTER","message":"Starting distance-to-route filtering","latency_ms":24,"data":{"all_pois_count":1257,"buffer_meters":20000}}
{"timestamp":"2026-02-14 01:25:38.000000","request_id":"28cacf50-9152-480b-a153-03657ba32d0f","event":"debug","phase":"DISTANCE_FILTER","message":"Filtering complete","latency_ms":33,"data":{"filtered_pois_count":52}}
{"timestamp":"2026-02-14 01:25:38.000000","request_id":"28cacf50-9152-480b-a153-03657ba32d0f","event":"response_success","endpoint":"/api/pois-for-route","http_code":200,"latency_ms":34,"cache_hit":false,"cache_miss":false,"data_count":52}
{"timestamp":"2026-02-14 01:25:38.000000","request_id":"28cacf50-9152-480b-a153-03657ba32d0f","event":"debug","phase":"RESPONSE","message":"Final POI count","latency_ms":34,"data":{"total_in_route":52,"returned":52,"by_category":{"restaurant":40,"temple":12}}}
{"timestamp":"2026-02-14 01:25:38.000000","request_id":"da60b74a-d728-49fb-8d5b-5d5e21255609","event":"request_start","endpoint":"/api/pois-for-route","method":"POST","ip_address":"127.0.0.1","user_id":null}
{"timestamp":"2026-02-14 01:25:38.000000","request_id":"da60b74a-d728-49fb-8d5b-5d5e21255609","event":"debug","phase":"VALIDATION","message":"Polyline received","latency_ms":0,"data":{"point_count":10}}
{"timestamp":"2026-02-14 01:25:38.000000","request_id":"da60b74a-d728-49fb-8d5b-5d5e21255609","event":"debug","phase":"VALIDATION","message":"Input validated","latency_ms":0,"data":{"polyline_points":10,"categories":["temple","restaurant"],"radius_km":20}}
{"timestamp":"2026-02-14 01:25:38.000000","request_id":"da60b74a-d728-49fb-8d5b-5d5e21255609","event":"debug","phase":"BBOX_QUERY","message":"Executing spatial query","latency_ms":0,"data":{"min_lat":9.40311981981982,"max_lat":13.262880180180181,"min_lng":76.33651981981981,"max_lng":80.4551801801802,"categories":["temple","restaurant"]}}
{"timestamp":"2026-02-14 01:25:38.000000","request_id":"da60b74a-d728-49fb-8d5b-5d5e21255609","event":"debug","phase":"BBOX_RESULT","message":"Bounding box query completed","latency_ms":21,"data":{"pois_in_bbox":1257}}
{"timestamp":"2026-02-14 01:25:38.000000","request_id":"da60b74a-d728-49fb-8d5b-5d5e21255609","event":"debug","phase":"DISTANCE_FILTER","message":"Starting distance-to-route filtering","latency_ms":22,"data":{"all_pois_count":1257,"buffer_meters":20000}}
{"timestamp":"2026-02-14 01:25:38.000000","request_id":"da60b74a-d728-49fb-8d5b-5d5e21255609","event":"debug","phase":"DISTANCE_FILTER","message":"Filtering complete","latency_ms":30,"data":{"filtered_pois_count":52}}
{"timestamp":"2026-02-14 01:25:38.000000","request_id":"da60b74a-d728-49fb-8d5b-5d5e21255609","event":"response_success","endpoint":"/api/pois-for-route","http_code":200,"latency_ms":30,"cache_hit":false,"cache_miss":false,"data_count":52}
{"timestamp":"2026-02-14 01:25:38.000000","request_id":"da60b74a-d728-49fb-8d5b-5d5e21255609","event":"debug","phase":"RESPONSE","message":"Final POI count","latency_ms":31,"data":{"total_in_route":52,"returned":52,"by_category":{"restaurant":40,"temple":12}}}
{"timestamp":"2026-02-14 01:25:38.000000","request_id":"95e7eed5-5460-4860-9018-e732fb7b1134","event":"request_start","endpoint":"/api/pois-for-route","method":"POST","ip_address":"127.0.0.1","user_id":null}
{"timestamp":"2026-02-14 01:25:38.000000","request_id":"95e7eed5-5460-4860-9018-e732fb7b1134","event":"debug","phase":"VALIDATION","message":"Polyline received","latency_ms":0,"data":{"point_count":10}}
{"timestamp":"2026-02-14 01:25:38.000000","request_id":"95e7eed5-5460-4860-9018-e732fb7b1134","event":"debug","phase":"VALIDATION","message":"Input validated","latency_ms":0,"data":{"polyline_points":10,"categories":["temple","restaurant"],"radius_km":20}}
{"timestamp":"2026-02-14 01:25:38.000000","request_id":"95e7eed5-5460-4860-9018-e732fb7b1134","event":"debug","phase":"BBOX_QUERY","message":"Executing spatial query","latency_ms":0,"data":{"min_lat":9.40311981981982,"max_lat":13.262880180180181,"min_lng":76.33651981981981,"max_lng":80.4551801801802,"categories":["temple","restaurant"]}}
{"timestamp":"2026-02-14 01:25:38.000000","request_id":"95e7eed5-5460-4860-9018-e732fb7b1134","event":"debug","phase":"BBOX_RESULT","message":"Bounding box query completed","latency_ms":26,"data":{"pois_in_bbox":1257}}
{"timestamp":"2026-02-14 01:25:38.000000","request_id":"95e7eed5-5460-4860-9018-e732fb7b1134","event":"debug","phase":"DISTANCE_FILTER","message":"Starting distance-to-route filtering","latency_ms":27,"data":{"all_pois_count":1257,"buffer_meters":20000}}
{"timestamp":"2026-02-14 01:25:38.000000","request_id":"95e7eed5-5460-4860-9018-e732fb7b1134","event":"debug","phase":"DISTANCE_FILTER","message":"Filtering complete","latency_ms":38,"data":{"filtered_pois_count":52}}
{"timestamp":"2026-02-14 01:25:38.000000","request_id":"95e7eed5-5460-4860-9018-e732fb7b1134","event":"response_success","endpoint":"/api/pois-for-route","http_code":200,"latency_ms":38,"cache_hit":false,"cache_miss":false,"data_count":52}
{"timestamp":"2026-02-14 01:25:38.000000","request_id":"95e7eed5-5460-4860-9018-e732fb7b1134","event":"debug","phase":"RESPONSE","message":"Final POI count","latency_ms":39,"data":{"total_in_route":52,"returned":52,"by_category":{"restaurant":40,"temple":12}}}
{"timestamp":"2026-02-14 01:25:38.000000","request_id":"896cba8a-0f0b-45ae-9a94-513afe156327","event":"request_start","endpoint":"/api/pois-for-route","method":"POST","ip_address":"127.0.0.1","user_id":null}
{"timestamp":"2026-02-14 01:25:38.000000","request_id":"896cba8a-0f0b-45ae-9a94-513afe156327","event":"debug","phase":"VALIDATION","message":"Polyline received","latency_ms":0,"data":{"point_count":10}}
{"timestamp":"2026-02-14 01:25:38.000000","request_id":"896cba8a-0f0b-45ae-9a94-513afe156327","event":"debug","phase":"VALIDATION","message":"Input validated","latency_ms":0,"data":{"polyline_points":10,"categories":["temple","restaurant"],"radius_km":20}}
{"timestamp":"2026-02-14 01:25:38.000000","request_id":"896cba8a-0f0b-45ae-9a94-513afe156327","event":"debug","phase":"BBOX_QUERY","message":"Executing spatial query","latency_ms":1,"data":{"min_lat":9.40311981981982,"max_lat":13.262880180180181,"min_lng":76.33651981981981,"max_lng":80.4551801801802,"categories":["temple","restaurant"]}}
{"timestamp":"2026-02-14 01:25:38.000000","request_id":"896cba8a-0f0b-45ae-9a94-513afe156327","event":"debug","phase":"BBOX_RESULT","message":"Bounding box query completed","latency_ms":24,"data":{"pois_in_bbox":1257}}
{"timestamp":"2026-02-14 01:25:38.000000","request_id":"896cba8a-0f0b-45ae-9a94-513afe156327","event":"debug","phase":"DISTANCE_FILTER","message":"Starting distance-to-route filtering","latency_ms":24,"data":{"all_pois_count":1257,"buffer_meters":20000}}
{"timestamp":"2026-02-14 01:25:38.000000","request_id":"896cba8a-0f0b-45ae-9a94-513afe156327","event":"debug","phase":"DISTANCE_FILTER","message":"Filtering complete","latency_ms":37,"data":{"filtered_pois_count":52}}
{"timestamp":"2026-02-14 01:25:38.000000","request_id":"896cba8a-0f0b-45ae-9a94-513afe156327","event":"response_success","endpoint":"/api/pois-for-route","http_code":200,"latency_ms":38,"cache_hit":false,"cache_miss":false,"data_count":52}
{"timestamp":"2026-02-14 01:25:38.000000","request_id":"896cba8a-0f0b-45ae-9a94-513afe156327","event":"debug","phase":"RESPONSE","message":"Final POI count","latency_ms":38,"data":{"total_in_route":52,"returned":52,"by_category":{"restaurant":40,"temple":12}}}
{"timestamp":"2026-02-14 01:25:38.000000","request_id":"24dfc1f9-b6e0-48ef-a721-ddf5faa2b152","event":"request_start","endpoint":"/api/pois-for-route","method":"POST","ip_address":"127.0.0.1","user_id":null}
{"timestamp":"2026-02-14 01:25:38.000000","request_id":"24dfc1f9-b6e0-48ef-a721-ddf5faa2b152","event":"debug","phase":"VALIDATION","message":"Polyline received","latency_ms":0,"data":{"point_count":10}}
{"timestamp":"2026-02-14 01:25:38.000000","request_id":"24dfc1f9-b6e0-48ef-a721-ddf5faa2b152","event":"debug","phase":"VALIDATION","message":"Input validated","latency_ms":0,"data":{"polyline_points":10,"categories":["temple","restaurant"],"radius_km":20}}
{"timestamp":"2026-02-14 01:25:38.000000","request_id":"24dfc1f9-b6e0-48ef-a721-ddf5faa2b152","event":"debug","phase":"BBOX_QUERY","message":"Executing spatial query","latency_ms":1,"data":{"min_lat":9.40311981981982,"max_lat":13.262880180180181,"min_lng":76.33651981981981,"max_lng":80.4551801801802,"categories":["temple","restaurant"]}}
{"timestamp":"2026-02-14 01:25:38.000000","request_id":"24dfc1f9-b6e0-48ef-a721-ddf5faa2b152","event":"debug","phase":"BBOX_RESULT","message":"Bounding box query completed","latency_ms":22,"data":{"pois_in_bbox":1257}}
{"timestamp":"2026-02-14 01:25:38.000000","request_id":"24dfc1f9-b6e0-48ef-a721-ddf5faa2b152","event":"debug","phase":"DISTANCE_FILTER","message":"Starting distance-to-route filtering","latency_ms":23,"data":{"all_pois_count":1257,"buffer_meters":20000}}
{"timestamp":"2026-02-14 01:25:38.000000","request_id":"24dfc1f9-b6e0-48ef-a721-ddf5faa2b152","event":"debug","phase":"DISTANCE_FILTER","message":"Filtering complete","latency_ms":31,"data":{"filtered_pois_count":52}}
{"timestamp":"2026-02-14 01:25:38.000000","request_id":"24dfc1f9-b6e0-48ef-a721-ddf5faa2b152","event":"response_success","endpoint":"/api/pois-for-route","http_code":200,"latency_ms":32,"cache_hit":false,"cache_miss":false,"data_count":52}
{"timestamp":"2026-02-14 01:25:38.000000","request_id":"24dfc1f9-b6e0-48ef-a721-ddf5faa2b152","event":"debug","phase":"RESPONSE","message":"Final POI count","latency_ms":32,"data":{"total_in_route":52,"returned":52,"by_category":{"restaurant":40,"temple":12}}}
{"timestamp":"2026-02-14 01:25:38.000000","request_id":"227c6996-d981-4550-9fc3-e6e05eddbb1e","event":"request_start","endpoint":"/api/pois-for-route","method":"POST","ip_address":"127.0.0.1","user_id":null}
{"timestamp":"2026-02-14 01:25:38.000000","request_id":"227c6996-d981-4550-9fc3-e6e05eddbb1e","event":"debug","phase":"VALIDATION","message":"Polyline received","latency_ms":0,"data":{"point_count":10}}
{"timestamp":"2026-02-14 01:25:38.000000","request_id":"227c6996-d981-4550-9fc3-e6e05eddbb1e","event":"debug","phase":"VALIDATION","message":"Input validated","latency_ms":1,"data":{"polyline_points":10,"categories":["temple","restaurant"],"radius_km":20}}
{"timestamp":"2026-02-14 01:25:38.000000","request_id":"227c6996-d981-4550-9fc3-e6e05eddbb1e","event":"debug","phase":"BBOX_QUERY","message":"Executing spatial query","latency_ms":2,"data":{"min_lat":9.40311981981982,"max_lat":13.262880180180181,"min_lng":76.33651981981981,"max_lng":80.4551801801802,"categories":["temple","restaurant"]}}
{"timestamp":"2026-02-14 01:25:38.000000","request_id":"227c6996-d981-4550-9fc3-e6e05eddbb1e","event":"debug","phase":"BBOX_RESULT","message":"Bounding box query completed","latency_ms":23,"data":{"pois_in_bbox":1257}}
{"timestamp":"2026-02-14 01:25:38.000000","request_id":"227c6996-d981-4550-9fc3-e6e05eddbb1e","event":"debug","phase":"DISTANCE_FILTER","message":"Starting distance-to-route filtering","latency_ms":23,"data":{"all_pois_count":1257,"buffer_meters":20000}}
{"timestamp":"2026-02-14 01:25:38.000000","request_id":"227c6996-d981-4550-9fc3-e6e05eddbb1e","event":"debug","phase":"DISTANCE_FILTER","message":"Filtering complete","latency_ms":32,"data":{"filtered_pois_count":52}}
{"timestamp":"2026-02-14 01:25:38.000000","request_id":"227c6996-d981-4550-9fc3-e6e05eddbb1e","event":"response_success","endpoint":"/api/pois-for-route","http_code":200,"latency_ms":33,"cache_hit":false,"cache_miss":false,"data_count":52}
{"timestamp":"2026-02-14 01:25:38.000000","request_id":"227c6996-d981-4550-9fc3-e6e05eddbb1e","event":"debug","phase":"RESPONSE","message":"Final POI count","latency_ms":34,"data":{"total_in_route":52,"returned":52,"by_category":{"restaurant":40,"temple":12}}}
{"timestamp":"2026-02-14 01:25:38.000000","request_id":"b192b858-f5fc-46c2-b9d8-ea7eca1710ff","event":"request_start","endpoint":"/api/pois-for-route","method":"POST","ip_address":"127.0.0.1","user_id":null}
{"timestamp":"2026-02-14 01:25:38.000000","request_id":"b192b858-f5fc-46c2-b9d8-ea7eca1710ff","event":"debug","phase":"VALIDATION","message":"Polyline received","latency_ms":0,"data":{"point_count":10}}
{"timestamp":"2026-02-14 01:25:38.000000","request_id":"b192b858-f5fc-46c2-b9d8-ea7eca1710ff","event":"debug","phase":"VALIDATION","message":"Input validated","latency_ms":1,"data":{"polyline_points":10,"categories":["temple","restaurant"],"radius_km":20}}
{"timestamp":"2026-02-14 01:25:38.000000","request_id":"b192b858-f5fc-46c2-b9d8-ea7eca1710ff","event":"debug","phase":"BBOX_QUERY","message":"Executing spatial query","latency_ms":1,"data":{"min_lat":9.40311981981982,"max_lat":13.262880180180181,"min_lng":76.33651981981981,"max_lng":80.4551801801802,"categories":["temple","restaurant"]}}
{"timestamp":"2026-02-14 01:25:38.000000","request_id":"b192b858-f5fc-46c2-b9d8-ea7eca1710ff","event":"debug","phase":"BBOX_RESULT","message":"Bounding box query completed","latency_ms":21,"data":{"pois_in_bbox":1257}}
{"timestamp":"2026-02-14 01:25:38.000000","request_id":"b192b858-f5fc-46c2-b9d8-ea7eca1710ff","event":"debug","phase":"DISTANCE_FILTER","message":"Starting distance-to-route filtering","latency_ms":22,"data":{"all_pois_count":1257,"buffer_meters":20000}}
{"timestamp":"2026-02-14 01:25:38.000000","request_id":"b192b858-f5fc-46c2-b9d8-ea7eca1710ff","event":"debug","phase":"DISTANCE_FILTER","message":"Filtering complete","latency_ms":27,"data":{"filtered_pois_count":52}}
{"timestamp":"2026-02-14 01:25:38.000000","request_id":"b192b858-f5fc-46c2-b9d8-ea7eca1710ff","event":"response_success","endpoint":"/api/pois-for-route","http_code":200,"latency_ms":28,"cache_hit":false,"cache_miss":false,"data_count":52}
{"timestamp":"2026-02-14 01:25:38.000000","request_id":"b192b858-f5fc-46c2-b9d8-ea7eca1710ff","event":"debug","phase":"RESPONSE","message":"Final POI count","latency_ms":28,"data":{"total_in_route":52,"returned":52,"by_category":{"restaurant":40,"temple":12}}}
{"timestamp":"2026-02-14 01:25:38.000000","request_id":"82092c87-d09a-475a-81ca-517649bce7bd","event":"request_start","endpoint":"/api/pois-for-route","method":"POST","ip_address":"127.0.0.1","user_id":null}
{"timestamp":"2026-02-14 01:25:38.000000","request_id":"82092c87-d09a-475a-81ca-517649bce7bd","event":"debug","phase":"VALIDATION","message":"Polyline received","latency_ms":0,"data":{"point_count":10}}
{"timestamp":"2026-02-14 01:25:38.000000","request_id":"82092c87-d09a-475a-81ca-517649bce7bd","event":"debug","phase":"VALIDATION","message":"Input validated","latency_ms":0,"data":{"polyline_points":10,"categories":["temple","restaurant"],"radius_km":20}}
{"timestamp":"2026-02-14 01:25:38.000000","request_id":"82092c87-d09a-475a-81ca-517649bce7bd","event":"debug","phase":"BBOX_QUERY","message":"Executing spatial query","latency_ms":1,"data":{"min_lat":9.40311981981982,"max_lat":13.262880180180181,"min_lng":76.33651981981981,"max_lng":80.4551801801802,"categories":["temple","restaurant"]}}
{"timestamp":"2026-02-14 01:25:38.000000","request_id":"82092c87-d09a-475a-81ca-517649bce7bd","event":"debug","phase":"BBOX_RESULT","message":"Bounding box query completed","latency_ms":19,"data":{"pois_in_bbox":1257}}
{"timestamp":"2026-02-14 01:25:38.000000","request_id":"82092c87-d09a-475a-81ca-517649bce7bd","event":"debug","phase":"DISTANCE_FILTER","message":"Starting distance-to-route filtering","latency_ms":19,"data":{"all_pois_count":1257,"buffer_meters":20000}}
{"timestamp":"2026-02-14 01:25:38.000000","request_id":"82092c87-d09a-475a-81ca-517649bce7bd","event":"debug","phase":"DISTANCE_FILTER","message":"Filtering complete","latency_ms":27,"data":{"filtered_pois_count":52}}
{"timestamp":"2026-02-14 01:25:38.000000","request_id":"82092c87-d09a-475a-81ca-517649bce7bd","event":"response_success","endpoint":"/api/pois-for-route","http_code":200,"latency_ms":28,"cache_hit":false,"cache_miss":false,"data_count":52}
{"timestamp":"2026-02-14 01:25:38.000000","request_id":"82092c87-d09a-475a-81ca-517649bce7bd","event":"debug","phase":"RESPONSE","message":"Final POI count","latency_ms":28,"data":{"total_in_route":52,"returned":52,"by_category":{"restaurant":40,"temple":12}}}
{"timestamp":"2026-02-14 01:25:38.000000","request_id":"6d81ff19-2b75-4a2e-b0a9-71ee0f883a9f","event":"request_start","endpoint":"/api/pois-for-route","method":"POST","ip_address":"127.0.0.1","user_id":null}
{"timestamp":"2026-02-14 01:25:38.000000","request_id":"6d81ff19-2b75-4a2e-b0a9-71ee0f883a9f","event":"debug","phase":"VALIDATION","message":"Polyline received","latency_ms":0,"data":{"point_count":10}}
{"timestamp":"2026-02-14 01:25:38.000000","request_id":"6d81ff19-2b75-4a2e-b0a9-71ee0f883a9f","event":"debug","phase":"VALIDATION","message":"Input validated","latency_ms":0,"data":{"polyline_points":10,"categories":["temple","restaurant"],"radius_km":20}}
{"timestamp":"2026-02-14 01:25:38.000000","request_id":"6d81ff19-2b75-4a2e-b0a9-71ee0f883a9f","event":"debug","phase":"BBOX_QUERY","message":"Executing spatial query","latency_ms":1,"data":{"min_lat":9.40311981981982,"max_lat":13.262880180180181,"min_lng":76.33651981981981,"max_lng":80.4551801801802,"categories":["temple","restaurant"]}}
{"timestamp":"2026-02-14 01:25:38.000000","request_id":"6d81ff19-2b75-4a2e-b0a9-71ee0f883a9f","event":"debug","phase":"BBOX_RESULT","message":"Bounding box query completed","latency_ms":24,"data":{"pois_in_bbox":1257}}
{"timestamp":"2026-02-14 01:25:38.000000","request_id":"6d81ff19-2b75-4a2e-b0a9-71ee0f883a9f","event":"debug","phase":"DISTANCE_FILTER","message":"Starting distance-to-route filtering","latency_ms":25,"data":{"all_pois_count":1257,"buffer_meters":20000}}
{"timestamp":"2026-02-14 01:25:38.000000","request_id":"6d81ff19-2b75-4a2e-b0a9-71ee0f883a9f","event":"debug","phase":"DISTANCE_FILTER","message":"Filtering complete","latency_ms":34,"data":{"filtered_pois_count":52}}
{"timestamp":"2026-02-14 01:25:38.000000","request_id":"6d81ff19-2b75-4a2e-b0a9-71ee0f883a9f","event":"response_success","endpoint":"/api/pois-for-route","http_code":200,"latency_ms":34,"cache_hit":false,"cache_miss":false,"data_count":52}
{"timestamp":"2026-02-14 01:25:38.000000","request_id":"6d81ff19-2b75-4a2e-b0a9-71ee0f883a9f","event":"debug","phase":"RESPONSE","message":"Final POI count","latency_ms":35,"data":{"total_in_route":52,"returned":52,"by_category":{"restaurant":40,"temple":12}}}
{"timestamp":"2026-02-14 01:25:38.000000","request_id":"698fcbdf-7bea-403f-b79f-eea39f5e3953","event":"request_start","endpoint":"/api/pois-for-route","method":"POST","ip_address":"127.0.0.1","user_id":null}
{"timestamp":"2026-02-14 01:25:38.000000","request_id":"698fcbdf-7bea-403f-b79f-eea39f5e3953","event":"debug","phase":"VALIDATION","message":"Polyline received","latency_ms":1,"data":{"point_count":10}}
{"timestamp":"2026-02-14 01:25:38.000000","request_id":"698fcbdf-7bea-403f-b79f-eea39f5e3953","event":"debug","phase":"VALIDATION","message":"Input validated","latency_ms":2,"data":{"polyline_points":10,"categories":["temple","restaurant"],"radius_km":20}}
{"timestamp":"2026-02-14 01:25:38.000000","request_id":"698fcbdf-7bea-403f-b79f-eea39f5e3953","event":"debug","phase":"BBOX_QUERY","message":"Executing spatial query","latency_ms":2,"data":{"min_lat":9.40311981981982,"max_lat":13.262880180180181,"min_lng":76.33651981981981,"max_lng":80.4551801801802,"categories":["temple","restaurant"]}}
{"timestamp":"2026-02-14 01:25:38.000000","request_id":"698fcbdf-7bea-403f-b79f-eea39f5e3953","event":"debug","phase":"BBOX_RESULT","message":"Bounding box query completed","latency_ms":24,"data":{"pois_in_bbox":1257}}
{"timestamp":"2026-02-14 01:25:38.000000","request_id":"698fcbdf-7bea-403f-b79f-eea39f5e3953","event":"debug","phase":"DISTANCE_FILTER","message":"Starting distance-to-route filtering","latency_ms":24,"data":{"all_pois_count":1257,"buffer_meters":20000}}
{"timestamp":"2026-02-14 01:25:38.000000","request_id":"698fcbdf-7bea-403f-b79f-eea39f5e3953","event":"debug","phase":"DISTANCE_FILTER","message":"Filtering complete","latency_ms":32,"data":{"filtered_pois_count":52}}
{"timestamp":"2026-02-14 01:25:38.000000","request_id":"698fcbdf-7bea-403f-b79f-eea39f5e3953","event":"response_success","endpoint":"/api/pois-for-route","http_code":200,"latency_ms":32,"cache_hit":false,"cache_miss":false,"data_count":52}
{"timestamp":"2026-02-14 01:25:38.000000","request_id":"698fcbdf-7bea-403f-b79f-eea39f5e3953","event":"debug","phase":"RESPONSE","message":"Final POI count","latency_ms":33,"data":{"total_in_route":52,"returned":52,"by_category":{"restaurant":40,"temple":12}}}
{"timestamp":"2026-02-14 01:25:38.000000","request_id":"106e11d1-a49f-4915-a889-3c365d88e1d6","event":"request_start","endpoint":"/api/pois-for-route","method":"POST","ip_address":"127.0.0.1","user_id":null}
{"timestamp":"2026-02-14 01:25:38.000000","request_id":"106e11d1-a49f-4915-a889-3c365d88e1d6","event":"debug","phase":"VALIDATION","message":"Polyline received","latency_ms":0,"data":{"point_count":10}}
{"timestamp":"2026-02-14 01:25:38.000000","request_id":"106e11d1-a49f-4915-a889-3c365d88e1d6","event":"debug","phase":"VALIDATION","message":"Input validated","latency_ms":0,"data":{"polyline_points":10,"categories":["temple","restaurant"],"radius_km":20}}
{"timestamp":"2026-02-14 01:25:38.000000","request_id":"106e11d1-a49f-4915-a889-3c365d88e1d6","event":"debug","phase":"BBOX_QUERY","message":"Executing spatial query","latency_ms":1,"data":{"min_lat":9.40311981981982,"max_lat":13.262880180180181,"min_lng":76.33651981981981,"max_lng":80.4551801801802,"categories":["temple","restaurant"]}}
{"timestamp":"2026-02-14 01:25:38.000000","request_id":"106e11d1-a49f-4915-a889-3c365d88e1d6","event":"debug","phase":"BBOX_RESULT","message":"Bounding box query completed","latency_ms":21,"data":{"pois_in_bbox":1257}}
{"timestamp":"2026-02-14 01:25:38.000000","request_id":"106e11d1-a49f-4915-a889-3c365d88e1d6","event":"debug","phase":"DISTANCE_FILTER","message":"Starting distance-to-route filtering","latency_ms":21,"data":{"all_pois_count":1257,"buffer_meters":20000}}
{"timestamp":"2026-02-14 01:25:38.000000","request_id":"106e11d1-a49f-4915-a889-3c365d88e1d6","event":"debug","phase":"DISTANCE_FILTER","message":"Filtering complete","latency_ms":29,"data":{"filtered_pois_count":52}}
{"timestamp":"2026-02-14 01:25:38.000000","request_id":"106e11d1-a49f-4915-a889-3c365d88e1d6","event":"response_success","endpoint":"/api/pois-for-route","http_code":200,"latency_ms":30,"cache_hit":false,"cache_miss":false,"data_count":52}
{"timestamp":"2026-02-14 01:25:38.000000","request_id":"106e11d1-a49f-4915-a889-3c365d88e1d6","event":"debug","phase":"RESPONSE","message":"Final POI count","latency_ms":30,"data":{"total_in_route":52,"returned":52,"by_category":{"restaurant":40,"temple":12}}}
{"timestamp":"2026-02-14 01:25:38.000000","request_id":"fc3c90f6-eed4-483d-8296-1c4e81c57d22","event":"request_start","endpoint":"/api/pois-for-route","method":"POST","ip_address":"127.0.0.1","user_id":null}
{"timestamp":"2026-02-14 01:25:38.000000","request_id":"fc3c90f6-eed4-483d-8296-1c4e81c57d22","event":"debug","phase":"VALIDATION","message":"Polyline received","latency_ms":0,"data":{"point_count":10}}
{"timestamp":"2026-02-14 01:25:38.000000","request_id":"fc3c90f6-eed4-483d-8296-1c4e81c57d22","event":"debug","phase":"VALIDATION","message":"Input validated","latency_ms":0,"data":{"polyline_points":10,"categories":["temple","restaurant"],"radius_km":20}}
{"timestamp":"2026-02-14 01:25:38.000000","request_id":"fc3c90f6-eed4-483d-8296-1c4e81c57d22","event":"debug","phase":"BBOX_QUERY","message":"Executing spatial query","latency_ms":1,"data":{"min_lat":9.40311981981982,"max_lat":13.262880180180181,"min_lng":76.33651981981981,"max_lng":80.4551801801802,"categories":["temple","restaurant"]}}
{"timestamp":"2026-02-14 01:25:38.000000","request_id":"fc3c90f6-eed4-483d-8296-1c4e81c57d22","event":"debug","phase":"BBOX_RESULT","message":"Bounding box query completed","latency_ms":24,"data":{"pois_in_bbox":1257}}
{"timestamp":"2026-02-14 01:25:38.000000","request_id":"fc3c90f6-eed4-483d-8296-1c4e81c57d22","event":"debug","phase":"DISTANCE_FILTER","message":"Starting distance-to-route filtering","latency_ms":24,"data":{"all_pois_count":1257,"buffer_meters":20000}}
{"timestamp":"2026-02-14 01:25:38.000000","request_id":"fc3c90f6-eed4-483d-8296-1c4e81c57d22","event":"debug","phase":"DISTANCE_FILTER","message":"Filtering complete","latency_ms":36,"data":{"filtered_pois_count":52}}
{"timestamp":"2026-02-14 01:25:38.000000","request_id":"fc3c90f6-eed4-483d-8296-1c4e81c57d22","event":"response_success","endpoint":"/api/pois-for-route","http_code":200,"latency_ms":37,"cache_hit":false,"cache_miss":false,"data_count":52}
{"timestamp":"2026-02-14 01:25:38.000000","request_id":"fc3c90f6-eed4-483d-8296-1c4e81c57d22","event":"debug","phase":"RESPONSE","message":"Final POI count","latency_ms":37,"data":{"total_in_route":52,"returned":52,"by_category":{"restaurant":40,"temple":12}}}
{"timestamp":"2026-02-14 01:25:38.000000","request_id":"6b79037c-5c1d-491d-9c90-ab5bdb6f5308","event":"request_start","endpoint":"/api/pois-for-route","method":"POST","ip_address":"127.0.0.1","user_id":null}
{"timestamp":"2026-02-14 01:25:38.000000","request_id":"6b79037c-5c1d-491d-9c90-ab5bdb6f5308","event":"debug","phase":"VALIDATION","message":"Polyline received","latency_ms":0,"data":{"point_count":10}}
{"timestamp":"2026-02-14 01:25:38.000000","request_id":"6b79037c-5c1d-491d-9c90-ab5bdb6f5308","event":"debug","phase":"VALIDATION","message":"Input validated","latency_ms":1,"data":{"polyline_points":10,"categories":["temple","restaurant"],"radius_km":20}}
{"timestamp":"2026-02-14 01:25:38.000000","request_id":"6b79037c-5c1d-491d-9c90-ab5bdb6f5308","event":"debug","phase":"BBOX_QUERY","message":"Executing spatial query","latency_ms":1,"data":{"min_lat":9.40311981981982,"max_lat":13.262880180180181,"min_lng":76.33651981981981,"max_lng":80.4551801801802,"categories":["temple","restaurant"]}}
{"timestamp":"2026-02-14 01:25:38.000000","request_id":"6b79037c-5c1d-491d-9c90-ab5bdb6f5308","event":"debug","phase":"BBOX_RESULT","message":"Bounding box query completed","latency_ms":24,"data":{"pois_in_bbox":1257}}
{"timestamp":"2026-02-14 01:25:38.000000","request_id":"6b79037c-5c1d-491d-9c90-ab5bdb6f5308","event":"debug","phase":"DISTANCE_FILTER","message":"Starting distance-to-route filtering","latency_ms":25,"data":{"all_pois_count":1257,"buffer_meters":20000}}
{"timestamp":"2026-02-14 01:25:38.000000","request_id":"6b79037c-5c1d-491d-9c90-ab5bdb6f5308","event":"debug","phase":"DISTANCE_FILTER","message":"Filtering complete","latency_ms":35,"data":{"filtered_pois_count":52}}
{"timestamp":"2026-02-14 01:25:38.000000","request_id":"6b79037c-5c1d-491d-9c90-ab5bdb6f5308","event":"response_success","endpoint":"/api/pois-for-route","http_code":200,"latency_ms":35,"cache_hit":false,"cache_miss":false,"data_count":52}
{"timestamp":"2026-02-14 01:25:38.000000","request_id":"6b79037c-5c1d-491d-9c90-ab5bdb6f5308","event":"debug","phase":"RESPONSE","message":"Final POI count","latency_ms":36,"data":{"total_in_route":52,"returned":52,"by_category":{"restaurant":40,"temple":12}}}
{"timestamp":"2026-02-14 01:25:38.000000","request_id":"2d0e39fd-2eb9-4e47-b701-eb76f9b1ceb2","event":"request_start","endpoint":"/api/pois-for-route","method":"POST","ip_address":"127.0.0.1","user_id":null}
{"timestamp":"2026-02-14 01:25:38.000000","request_id":"2d0e39fd-2eb9-4e47-b701-eb76f9b1ceb2","event":"debug","phase":"VALIDATION","message":"Polyline received","latency_ms":0,"data":{"point_count":10}}
{"timestamp":"2026-02-14 01:25:38.000000","request_id":"2d0e39fd-2eb9-4e47-b701-eb76f9b1ceb2","event":"debug","phase":"VALIDATION","message":"Input validated","latency_ms":1,"data":{"polyline_points":10,"categories":["temple","restaurant"],"radius_km":20}}
{"timestamp":"2026-02-14 01:25:38.000000","request_id":"2d0e39fd-2eb9-4e47-b701-eb76f9b1ceb2","event":"debug","phase":"BBOX_QUERY","message":"Executing spatial query","latency_ms":1,"data":{"min_lat":9.40311981981982,"max_lat":13.262880180180181,"min_lng":76.33651981981981,"max_lng":80.4551801801802,"categories":["temple","restaurant"]}}
{"timestamp":"2026-02-14 01:25:38.000000","request_id":"2d0e39fd-2eb9-4e47-b701-eb76f9b1ceb2","event":"debug","phase":"BBOX_RESULT","message":"Bounding box query completed","latency_ms":22,"data":{"pois_in_bbox":1257}}
{"timestamp":"2026-02-14 01:25:38.000000","request_id":"2d0e39fd-2eb9-4e47-b701-eb76f9b1ceb2","event":"debug","phase":"DISTANCE_FILTER","message":"Starting distance-to-route filtering","latency_ms":22,"data":{"all_pois_count":1257,"buffer_meters":20000}}
{"timestamp":"2026-02-14 01:25:38.000000","request_id":"2d0e39fd-2eb9-4e47-b701-eb76f9b1ceb2","event":"debug","phase":"DISTANCE_FILTER","message":"Filtering complete","latency_ms":30,"data":{"filtered_pois_count":52}}
{"timestamp":"2026-02-14 01:25:38.000000","request_id":"2d0e39fd-2eb9-4e47-b701-eb76f9b1ceb2","event":"response_success","endpoint":"/api/pois-for-route","http_code":200,"latency_ms":30,"cache_hit":false,"cache_miss":false,"data_count":52}
{"timestamp":"2026-02-14 01:25:38.000000","request_id":"2d0e39fd-2eb9-4e47-b701-eb76f9b1ceb2","event":"debug","phase":"RESPONSE","message":"Final POI count","latency_ms":31,"data":{"total_in_route":52,"returned":52,"by_category":{"restaurant":40,"temple":12}}}
{"timestamp":"2026-02-14 01:25:38.000000","request_id":"26452587-7a36-44a2-a96f-4d151883c5b7","event":"request_start","endpoint":"/api/pois-for-route","method":"POST","ip_address":"127.0.0.1","user_id":null}
{"timestamp":"2026-02-14 01:25:38.000000","request_id":"26452587-7a36-44a2-a96f-4d151883c5b7","event":"debug","phase":"VALIDATION","message":"Polyline received","latency_ms":0,"data":{"point_count":10}}
{"timestamp":"2026-02-14 01:25:38.000000","request_id":"26452587-7a36-44a2-a96f-4d151883c5b7","event":"debug","phase":"VALIDATION","message":"Input validated","latency_ms":0,"data":{"polyline_points":10,"categories":["temple","restaurant"],"radius_km":20}}
{"timestamp":"2026-02-14 01:25:38.000000","request_id":"26452587-7a36-44a2-a96f-4d151883c5b7","event":"debug","phase":"BBOX_QUERY","message":"Executing spatial query","latency_ms":1,"data":{"min_lat":9.40311981981982,"max_lat":13.262880180180181,"min_lng":76.33651981981981,"max_lng":80.4551801801802,"categories":["temple","restaurant"]}}
{"timestamp":"2026-02-14 01:25:38.000000","request_id":"26452587-7a36-44a2-a96f-4d151883c5b7","event":"debug","phase":"BBOX_RESULT","message":"Bounding box query completed","latency_ms":21,"data":{"pois_in_bbox":1257}}
{"timestamp":"2026-02-14 01:25:38.000000","request_id":"26452587-7a36-44a2-a96f-4d151883c5b7","event":"debug","phase":"DISTANCE_FILTER","message":"Starting distance-to-route filtering","latency_ms":21,"data":{"all_pois_count":1257,"buffer_meters":20000}}
{"timestamp":"2026-02-14 01:25:38.000000","request_id":"26452587-7a36-44a2-a96f-4d151883c5b7","event":"debug","phase":"DISTANCE_FILTER","message":"Filtering complete","latency_ms":30,"data":{"filtered_pois_count":52}}
{"timestamp":"2026-02-14 01:25:38.000000","request_id":"26452587-7a36-44a2-a96f-4d151883c5b7","event":"response_success","endpoint":"/api/pois-for-route","http_code":200,"latency_ms":31,"cache_hit":false,"cache_miss":false,"data_count":52}
{"timestamp":"2026-02-14 01:25:38.000000","request_id":"26452587-7a36-44a2-a96f-4d151883c5b7","event":"debug","phase":"RESPONSE","message":"Final POI count","latency_ms":31,"data":{"total_in_route":52,"returned":52,"by_category":{"restaurant":40,"temple":12}}}
{"timestamp":"2026-02-14 01:25:38.000000","request_id":"8293c5fa-cc0f-4e11-a27d-f3563922206c","event":"request_start","endpoint":"/api/pois-for-route","method":"POST","ip_address":"127.0.0.1","user_id":null}
{"timestamp":"2026-02-14 01:25:38.000000","request_id":"8293c5fa-cc0f-4e11-a27d-f3563922206c","event":"debug","phase":"VALIDATION","message":"Polyline received","latency_ms":0,"data":{"point_count":10}}
{"timestamp":"2026-02-14 01:25:38.000000","request_id":"8293c5fa-cc0f-4e11-a27d-f3563922206c","event":"debug","phase":"VALIDATION","message":"Input validated","latency_ms":0,"data":{"polyline_points":10,"categories":["temple","restaurant"],"radius_km":20}}
{"timestamp":"2026-02-14 01:25:38.000000","request_id":"8293c5fa-cc0f-4e11-a27d-f3563922206c","event":"debug","phase":"BBOX_QUERY","message":"Executing spatial query","latency_ms":0,"data":{"min_lat":9.40311981981982,"max_lat":13.262880180180181,"min_lng":76.33651981981981,"max_lng":80.4551801801802,"categories":["temple","restaurant"]}}
{"timestamp":"2026-02-14 01:25:38.000000","request_id":"8293c5fa-cc0f-4e11-a27d-f3563922206c","event":"debug","phase":"BBOX_RESULT","message":"Bounding box query completed","latency_ms":23,"data":{"pois_in_bbox":1257}}
{"timestamp":"2026-02-14 01:25:38.000000","request_id":"8293c5fa-cc0f-4e11-a27d-f3563922206c","event":"debug","phase":"DISTANCE_FILTER","message":"Starting distance-to-route filtering","latency_ms":23,"data":{"all_pois_count":1257,"buffer_meters":20000}}
{"timestamp":"2026-02-14 01:25:38.000000","request_id":"8293c5fa-cc0f-4e11-a27d-f3563922206c","event":"debug","phase":"DISTANCE_FILTER","message":"Filtering complete","latency_ms":32,"data":{"filtered_pois_count":52}}
{"timestamp":"2026-02-14 01:25:38.000000","request_id":"8293c5fa-cc0f-4e11-a27d-f3563922206c","event":"response_success","endpoint":"/api/pois-for-route","http_code":200,"latency_ms":32,"cache_hit":false,"cache_miss":false,"data_count":52}
{"timestamp":"2026-02-14 01:25:38.000000","request_id":"8293c5fa-cc0f-4e11-a27d-f3563922206c","event":"debug","phase":"RESPONSE","message":"Final POI count","latency_ms":33,"data":{"total_in_route":52,"returned":52,"by_category":{"restaurant":40,"temple":12}}}
{"timestamp":"2026-02-14 01:25:38.000000","request_id":"d9abbad0-933b-46f0-afb6-5a3efecaf22d","event":"request_start","endpoint":"/api/pois-for-route","method":"POST","ip_address":"127.0.0.1","user_id":null}
{"timestamp":"2026-02-14 01:25:38.000000","request_id":"d9abbad0-933b-46f0-afb6-5a3efecaf22d","event":"debug","phase":"VALIDATION","message":"Polyline received","latency_ms":0,"data":{"point_count":10}}
{"timestamp":"2026-02-14 01:25:38.000000","request_id":"d9abbad0-933b-46f0-afb6-5a3efecaf22d","event":"debug","phase":"VALIDATION","message":"Input validated","latency_ms":0,"data":{"polyline_points":10,"categories":["temple","restaurant"],"radius_km":20}}
{"timestamp":"2026-02-14 01:25:38.000000","request_id":"d9abbad0-933b-46f0-afb6-5a3efecaf22d","event":"debug","phase":"BBOX_QUERY","message":"Executing spatial query","latency_ms":1,"data":{"min_lat":9.40311981981982,"max_lat":13.262880180180181,"min_lng":76.33651981981981,"max_lng":80.4551801801802,"categories":["temple","restaurant"]}}
{"timestamp":"2026-02-14 01:25:38.000000","request_id":"d9abbad0-933b-46f0-afb6-5a3efecaf22d","event":"debug","phase":"BBOX_RESULT","message":"Bounding box query completed","latency_ms":21,"data":{"pois_in_bbox":1257}}
{"timestamp":"2026-02-14 01:25:38.000000","request_id":"d9abbad0-933b-46f0-afb6-5a3efecaf22d","event":"debug","phase":"DISTANCE_FILTER","message":"Starting distance-to-route filtering","latency_ms":22,"data":{"all_pois_count":1257,"buffer_meters":20000}}
{"timestamp":"2026-02-14 01:25:38.000000","request_id":"d9abbad0-933b-46f0-afb6-5a3efecaf22d","event":"debug","phase":"DISTANCE_FILTER","message":"Filtering complete","latency_ms":26,"data":{"filtered_pois_count":52}}
{"timestamp":"2026-02-14 01:25:38.000000","request_id":"d9abbad0-933b-46f0-afb6-5a3efecaf22d","event":"response_success","endpoint":"/api/pois-for-route","http_code":200,"latency_ms":26,"cache_hit":false,"cache_miss":false,"data_count":52}
{"timestamp":"2026-02-14 01:25:38.000000","request_id":"d9abbad0-933b-46f0-afb6-5a3efecaf22d","event":"debug","phase":"RESPONSE","message":"Final POI count","latency_ms":26,"data":{"total_in_route":52,"returned":52,"by_category":{"restaurant":40,"temple":12}}}
{"timestamp":"2026-02-14 01:25:39.000000","request_id":"a20e349f-d860-47ea-8062-2a88a30784b2","event":"request_start","endpoint":"/api/pois-for-route","method":"POST","ip_address":"127.0.0.1","user_id":null}
{"timestamp":"2026-02-14 01:25:39.000000","request_id":"a20e349f-d860-47ea-8062-2a88a30784b2","event":"debug","phase":"VALIDATION","message":"Polyline received","latency_ms":0,"data":{"point_count":10}}
{"timestamp":"2026-02-14 01:25:39.000000","request_id":"a20e349f-d860-47ea-8062-2a88a30784b2","event":"debug","phase":"VALIDATION","message":"Input validated","latency_ms":0,"data":{"polyline_points":10,"categories":["temple","restaurant"],"radius_km":20}}
{"timestamp":"2026-02-14 01:25:39.000000","request_id":"a20e349f-d860-47ea-8062-2a88a30784b2","event":"debug","phase":"BBOX_QUERY","message":"Executing spatial query","latency_ms":1,"data":{"min_lat":9.40311981981982,"max_lat":13.262880180180181,"min_lng":76.33651981981981,"max_lng":80.4551801801802,"categories":["temple","restaurant"]}}
{"timestamp":"2026-02-14 01:25:39.000000","request_id":"a20e349f-d860-47ea-8062-2a88a30784b2","event":"debug","phase":"BBOX_RESULT","message":"Bounding box query completed","latency_ms":23,"data":{"pois_in_bbox":1257}}
{"timestamp":"2026-02-14 01:25:39.000000","request_id":"a20e349f-d860-47ea-8062-2a88a30784b2","event":"debug","phase":"DISTANCE_FILTER","message":"Starting distance-to-route filtering","latency_ms":23,"data":{"all_pois_count":1257,"buffer_meters":20000}}
{"timestamp":"2026-02-14 01:25:39.000000","request_id":"a20e349f-d860-47ea-8062-2a88a30784b2","event":"debug","phase":"DISTANCE_FILTER","message":"Filtering complete","latency_ms":31,"data":{"filtered_pois_count":52}}
{"timestamp":"2026-02-14 01:25:39.000000","request_id":"a20e349f-d860-47ea-8062-2a88a30784b2","event":"response_success","endpoint":"/api/pois-for-route","http_code":200,"latency_ms":31,"cache_hit":false,"cache_miss":false,"data_count":52}
{"timestamp":"2026-02-14 01:25:39.000000","request_id":"a20e349f-d860-47ea-8062-2a88a30784b2","event":"debug","phase":"RESPONSE","message":"Final POI count","latency_ms":32,"data":{"total_in_route":52,"returned":52,"by_category":{"restaurant":40,"temple":12}}}
{"timestamp":"2026-02-14 01:25:39.000000","request_id":"0c0e87bb-b36d-4514-acf3-c8e62e0d3ed6","event":"request_start","endpoint":"/api/pois-for-route","method":"POST","ip_address":"127.0.0.1","user_id":null}
{"timestamp":"2026-02-14 01:25:39.000000","request_id":"0c0e87bb-b36d-4514-acf3-c8e62e0d3ed6","event":"debug","phase":"VALIDATION","message":"Polyline received","latency_ms":0,"data":{"point_count":10}}
{"timestamp":"2026-02-14 01:25:39.000000","request_id":"0c0e87bb-b36d-4514-acf3-c8e62e0d3ed6","event":"debug","phase":"VALIDATION","message":"Input validated","latency_ms":1,"data":{"polyline_points":10,"categories":["temple","restaurant"],"radius_km":20}}
{"timestamp":"2026-02-14 01:25:39.000000","request_id":"0c0e87bb-b36d-4514-acf3-c8e62e0d3ed6","event":"debug","phase":"BBOX_QUERY","message":"Executing spatial query","latency_ms":2,"data":{"min_lat":9.40311981981982,"max_lat":13.262880180180181,"min_lng":76.33651981981981,"max_lng":80.4551801801802,"categories":["temple","restaurant"]}}
{"timestamp":"2026-02-14 01:25:39.000000","request_id":"0c0e87bb-b36d-4514-acf3-c8e62e0d3ed6","event":"debug","phase":"BBOX_RESULT","message":"Bounding box query completed","latency_ms":26,"data":{"pois_in_bbox":1257}}
{"timestamp":"2026-02-14 01:25:39.000000","request_id":"0c0e87bb-b36d-4514-acf3-c8e62e0d3ed6","event":"debug","phase":"DISTANCE_FILTER","message":"Starting distance-to-route filtering","latency_ms":26,"data":{"all_pois_count":1257,"buffer_meters":20000}}
{"timestamp":"2026-02-14 01:25:39.000000","request_id":"0c0e87bb-b36d-4514-acf3-c8e62e0d3ed6","event":"debug","phase":"DISTANCE_FILTER","message":"Filtering complete","latency_ms":34,"data":{"filtered_pois_count":52}}
{"timestamp":"2026-02-14 01:25:39.000000","request_id":"0c0e87bb-b36d-4514-acf3-c8e62e0d3ed6","event":"response_success","endpoint":"/api/pois-for-route","http_code":200,"latency_ms":35,"cache_hit":false,"cache_miss":false,"data_count":52}
{"timestamp":"2026-02-14 01:25:39.000000","request_id":"0c0e87bb-b36d-4514-acf3-c8e62e0d3ed6","event":"debug","phase":"RESPONSE","message":"Final POI count","latency_ms":35,"data":{"total_in_route":52,"returned":52,"by_category":{"restaurant":40,"temple":12}}}
{"timestamp":"2026-02-14 01:25:39.000000","request_id":"e2a04a0d-268d-4e70-aa96-2d7cf3d4a64f","event":"request_start","endpoint":"/api/pois-for-route","method":"POST","ip_address":"127.0.0.1","user_id":null}
{"timestamp":"2026-02-14 01:25:39.000000","request_id":"e2a04a0d-268d-4e70-aa96-2d7cf3d4a64f","event":"debug","phase":"VALIDATION","message":"Polyline received","latency_ms":0,"data":{"point_count":10}}
{"timestamp":"2026-02-14 01:25:39.000000","request_id":"e2a04a0d-268d-4e70-aa96-2d7cf3d4a64f","event":"debug","phase":"VALIDATION","message":"Input validated","latency_ms":0,"data":{"polyline_points":10,"categories":["temple","restaurant"],"radius_km":20}}
{"timestamp":"2026-02-14 01:25:39.000000","request_id":"e2a04a0d-268d-4e70-aa96-2d7cf3d4a64f","event":"debug","phase":"BBOX_QUERY","message":"Executing spatial query","latency_ms":1,"data":{"min_lat":9.40311981981982,"max_lat":13.262880180180181,"min_lng":76.33651981981981,"max_lng":80.4551801801802,"categories":["temple","restaurant"]}}
{"timestamp":"2026-02-14 01:25:39.000000","request_id":"e2a04a0d-268d-4e70-aa96-2d7cf3d4a64f","event":"debug","phase":"BBOX_RESULT","message":"Bounding box query completed","latency_ms":23,"data":{"pois_in_bbox":1257}}
{"timestamp":"2026-02-14 01:25:39.000000","request_id":"e2a04a0d-268d-4e70-aa96-2d7cf3d4a64f","event":"debug","phase":"DISTANCE_FILTER","message":"Starting distance-to-route filtering","latency_ms":23,"data":{"all_pois_count":1257,"buffer_meters":20000}}
{"timestamp":"2026-02-14 01:25:39.000000","request_id":"e2a04a0d-268d-4e70-aa96-2d7cf3d4a64f","event":"debug","phase":"DISTANCE_FILTER","message":"Filtering complete","latency_ms":31,"data":{"filtered_pois_count":52}}
{"timestamp":"2026-02-14 01:25:39.000000","request_id":"e2a04a0d-268d-4e70-aa96-2d7cf3d4a64f","event":"response_success","endpoint":"/api/pois-for-route","http_code":200,"latency_ms":31,"cache_hit":false,"cache_miss":false,"data_count":52}
{"timestamp":"2026-02-14 01:25:39.000000","request_id":"e2a04a0d-268d-4e70-aa96-2d7cf3d4a64f","event":"debug","phase":"RESPONSE","message":"Final POI count","latency_ms":32,"data":{"total_in_route":52,"returned":52,"by_category":{"restaurant":40,"temple":12}}}
{"timestamp":"2026-02-14 01:25:39.000000","request_id":"789b4907-9783-44a9-b685-7063bc561ac1","event":"request_start","endpoint":"/api/pois-for-route","method":"POST","ip_address":"127.0.0.1","user_id":null}
{"timestamp":"2026-02-14 01:25:39.000000","request_id":"789b4907-9783-44a9-b685-7063bc561ac1","event":"debug","phase":"VALIDATION","message":"Polyline received","latency_ms":0,"data":{"point_count":10}}
{"timestamp":"2026-02-14 01:25:39.000000","request_id":"789b4907-9783-44a9-b685-7063bc561ac1","event":"debug","phase":"VALIDATION","message":"Input validated","latency_ms":0,"data":{"polyline_points":10,"categories":["temple","restaurant"],"radius_km":20}}
{"timestamp":"2026-02-14 01:25:39.000000","request_id":"789b4907-9783-44a9-b685-7063bc561ac1","event":"debug","phase":"BBOX_QUERY","message":"Executing spatial query","latency_ms":1,"data":{"min_lat":9.40311981981982,"max_lat":13.262880180180181,"min_lng":76.33651981981981,"max_lng":80.4551801801802,"categories":["temple","restaurant"]}}
{"timestamp":"2026-02-14 01:25:39.000000","request_id":"789b4907-9783-44a9-b685-7063bc561ac1","event":"debug","phase":"BBOX_RESULT","message":"Bounding box query completed","latency_ms":25,"data":{"pois_in_bbox":1257}}
{"timestamp":"2026-02-14 01:25:39.000000","request_id":"789b4907-9783-44a9-b685-7063bc561ac1","event":"debug","phase":"DISTANCE_FILTER","message":"Starting distance-to-route filtering","latency_ms":26,"data":{"all_pois_count":1257,"buffer_meters":20000}}
{"timestamp":"2026-02-14 01:25:39.000000","request_id":"789b4907-9783-44a9-b685-7063bc561ac1","event":"debug","phase":"DISTANCE_FILTER","message":"Filtering complete","latency_ms":31,"data":{"filtered_pois_count":52}}
{"timestamp":"2026-02-14 01:25:39.000000","request_id":"789b4907-9783-44a9-b685-7063bc561ac1","event":"response_success","endpoint":"/api/pois-for-route","http_code":200,"latency_ms":32,"cache_hit":false,"cache_miss":false,"data_count":52}
{"timestamp":"2026-02-14 01:25:39.000000","request_id":"789b4907-9783-44a9-b685-7063bc561ac1","event":"debug","phase":"RESPONSE","message":"Final POI count","latency_ms":32,"data":{"total_in_route":52,"returned":52,"by_category":{"restaurant":40,"temple":12}}}
{"timestamp":"2026-02-14 01:25:39.000000","request_id":"e3582e0a-0163-498f-bff9-ee6f20b4785c","event":"request_start","endpoint":"/api/pois-for-route","method":"POST","ip_address":"127.0.0.1","user_id":null}
{"timestamp":"2026-02-14 01:25:39.000000","request_id":"e3582e0a-0163-498f-bff9-ee6f20b4785c","event":"debug","phase":"VALIDATION","message":"Polyline received","latency_ms":0,"data":{"point_count":10}}
{"timestamp":"2026-02-14 01:25:39.000000","request_id":"e3582e0a-0163-498f-bff9-ee6f20b4785c","event":"debug","phase":"VALIDATION","message":"Input validated","latency_ms":1,"data":{"polyline_points":10,"categories":["temple","restaurant"],"radius_km":20}}
{"timestamp":"2026-02-14 01:25:39.000000","request_id":"e3582e0a-0163-498f-bff9-ee6f20b4785c","event":"debug","phase":"BBOX_QUERY","message":"Executing spatial query","latency_ms":1,"data":{"min_lat":9.40311981981982,"max_lat":13.262880180180181,"min_lng":76.33651981981981,"max_lng":80.4551801801802,"categories":["temple","restaurant"]}}
{"timestamp":"2026-02-14 01:25:39.000000","request_id":"e3582e0a-0163-498f-bff9-ee6f20b4785c","event":"debug","phase":"BBOX_RESULT","message":"Bounding box query completed","latency_ms":25,"data":{"pois_in_bbox":1257}}
{"timestamp":"2026-02-14 01:25:39.000000","request_id":"e3582e0a-0163-498f-bff9-ee6f20b4785c","event":"debug","phase":"DISTANCE_FILTER","message":"Starting distance-to-route filtering","latency_ms":26,"data":{"all_pois_count":1257,"buffer_meters":20000}}
{"timestamp":"2026-02-14 01:25:39.000000","request_id":"e3582e0a-0163-498f-bff9-ee6f20b4785c","event":"debug","phase":"DISTANCE_FILTER","message":"Filtering complete","latency_ms":39,"data":{"filtered_pois_count":52}}
{"timestamp":"2026-02-14 01:25:39.000000","request_id":"e3582e0a-0163-498f-bff9-ee6f20b4785c","event":"response_success","endpoint":"/api/pois-for-route","http_code":200,"latency_ms":40,"cache_hit":false,"cache_miss":false,"data_count":52}
{"timestamp":"2026-02-14 01:25:39.000000","request_id":"e3582e0a-0163-498f-bff9-ee6f20b4785c","event":"debug","phase":"RESPONSE","message":"Final POI count","latency_ms":40,"data":{"total_in_route":52,"returned":52,"by_category":{"restaurant":40,"temple":12}}}
{"timestamp":"2026-02-14 01:25:39.000000","request_id":"87ce73a7-b386-4340-b813-b7738f731267","event":"request_start","endpoint":"/api/pois-for-route","method":"POST","ip_address":"127.0.0.1","user_id":null}
{"timestamp":"2026-02-14 01:25:39.000000","request_id":"87ce73a7-b386-4340-b813-b7738f731267","event":"debug","phase":"VALIDATION","message":"Polyline received","latency_ms":0,"data":{"point_count":10}}
{"timestamp":"2026-02-14 01:25:39.000000","request_id":"87ce73a7-b386-4340-b813-b7738f731267","event":"debug","phase":"VALIDATION","message":"Input validated","latency_ms":1,"data":{"polyline_points":10,"categories":["temple","restaurant"],"radius_km":20}}
{"timestamp":"2026-02-14 01:25:39.000000","request_id":"87ce73a7-b386-4340-b813-b7738f731267","event":"debug","phase":"BBOX_QUERY","message":"Executing spatial query","latency_ms":1,"data":{"min_lat":9.40311981981982,"max_lat":13.262880180180181,"min_lng":76.33651981981981,"max_lng":80.4551801801802,"categories":["temple","restaurant"]}}
{"timestamp":"2026-02-14 01:25:39.000000","request_id":"87ce73a7-b386-4340-b813-b7738f731267","event":"debug","phase":"BBOX_RESULT","message":"Bounding box query completed","latency_ms":25,"data":{"pois_in_bbox":1257}}
{"timestamp":"2026-02-14 01:25:39.000000","request_id":"87ce73a7-b386-4340-b813-b7738f731267","event":"debug","phase":"DISTANCE_FILTER","message":"Starting distance-to-route filtering","latency_ms":25,"data":{"all_pois_count":1257,"buffer_meters":20000}}
{"timestamp":"2026-02-14 01:25:39.000000","request_id":"87ce73a7-b386-4340-b813-b7738f731267","event":"debug","phase":"DISTANCE_FILTER","message":"Filtering complete","latency_ms":34,"data":{"filtered_pois_count":52}}
{"timestamp":"2026-02-14 01:25:39.000000","request_id":"87ce73a7-b386-4340-b813-b7738f731267","event":"response_success","endpoint":"/api/pois-for-route","http_code":200,"latency_ms":35,"cache_hit":false,"cache_miss":false,"data_count":52}
{"timestamp":"2026-02-14 01:25:39.000000","request_id":"87ce73a7-b386-4340-b813-b7738f731267","event":"debug","phase":"RESPONSE","message":"Final POI count","latency_ms":35,"data":{"total_in_route":52,"returned":52,"by_category":{"restaurant":40,"temple":12}}}
{"timestamp":"2026-02-14 01:25:39.000000","request_id":"f2fe5c87-20cf-4f2b-b05e-0751a81a8a99","event":"request_start","endpoint":"/api/pois-for-route","method":"POST","ip_address":"127.0.0.1","user_id":null}
{"timestamp":"2026-02-14 01:25:39.000000","request_id":"f2fe5c87-20cf-4f2b-b05e-0751a81a8a99","event":"debug","phase":"VALIDATION","message":"Polyline received","latency_ms":0,"data":{"point_count":10}}
{"timestamp":"2026-02-14 01:25:39.000000","request_id":"f2fe5c87-20cf-4f2b-b05e-0751a81a8a99","event":"debug","phase":"VALIDATION","message":"Input validated","latency_ms":1,"data":{"polyline_points":10,"categories":["temple","restaurant"],"radius_km":20}}
{"timestamp":"2026-02-14 01:25:39.000000","request_id":"f2fe5c87-20cf-4f2b-b05e-0751a81a8a99","event":"debug","phase":"BBOX_QUERY","message":"Executing spatial query","latency_ms":1,"data":{"min_lat":9.40311981981982,"max_lat":13.262880180180181,"min_lng":76.33651981981981,"max_lng":80.4551801801802,"categories":["temple","restaurant"]}}
{"timestamp":"2026-02-14 01:25:39.000000","request_id":"f2fe5c87-20cf-4f2b-b05e-0751a81a8a99","event":"debug","phase":"BBOX_RESULT","message":"Bounding box query completed","latency_ms":22,"data":{"pois_in_bbox":1257}}
{"timestamp":"2026-02-14 01:25:39.000000","request_id":"f2fe5c87-20cf-4f2b-b05e-0751a81a8a99","event":"debug","phase":"DISTANCE_FILTER","message":"Starting distance-to-route filtering","latency_ms":22,"data":{"all_pois_count":1257,"buffer_meters":20000}}
{"timestamp":"2026-02-14 01:25:39.000000","request_id":"f2fe5c87-20cf-4f2b-b05e-0751a81a8a99","event":"debug","phase":"DISTANCE_FILTER","message":"Filtering complete","latency_ms":32,"data":{"filtered_pois_count":52}}
{"timestamp":"2026-02-14 01:25:39.000000","request_id":"f2fe5c87-20cf-4f2b-b05e-0751a81a8a99","event":"response_success","endpoint":"/api/pois-for-route","http_code":200,"latency_ms":33,"cache_hit":false,"cache_miss":false,"data_count":52}
{"timestamp":"2026-02-14 01:25:39.000000","request_id":"f2fe5c87-20cf-4f2b-b05e-0751a81a8a99","event":"debug","phase":"RESPONSE","message":"Final POI count","latency_ms":33,"data":{"total_in_route":52,"returned":52,"by_category":{"restaurant":40,"temple":12}}}
{"timestamp":"2026-02-14 01:25:39.000000","request_id":"2f8eeff8-3e86-441c-964c-e6ddfdabafed","event":"request_start","endpoint":"/api/pois-for-route","method":"POST","ip_address":"127.0.0.1","user_id":null}
{"timestamp":"2026-02-14 01:25:39.000000","request_id":"2f8eeff8-3e86-441c-964c-e6ddfdabafed","event":"debug","phase":"VALIDATION","message":"Polyline received","latency_ms":0,"data":{"point_count":10}}
{"timestamp":"2026-02-14 01:25:39.000000","request_id":"2f8eeff8-3e86-441c-964c-e6ddfdabafed","event":"debug","phase":"VALIDATION","message":"Input validated","latency_ms":1,"data":{"polyline_points":10,"categories":["temple","restaurant"],"radius_km":20}}
{"timestamp":"2026-02-14 01:25:39.000000","request_id":"2f8eeff8-3e86-441c-964c-e6ddfdabafed","event":"debug","phase":"BBOX_QUERY","message":"Executing spatial query","latency_ms":1,"data":{"min_lat":9.40311981981982,"max_lat":13.262880180180181,"min_lng":76.33651981981981,"max_lng":80.4551801801802,"categories":["temple","restaurant"]}}
{"timestamp":"2026-02-14 01:25:39.000000","request_id":"2f8eeff8-3e86-441c-964c-e6ddfdabafed","event":"debug","phase":"BBOX_RESULT","message":"Bounding box query completed","latency_ms":22,"data":{"pois_in_bbox":1257}}
{"timestamp":"2026-02-14 01:25:39.000000","request_id":"2f8eeff8-3e86-441c-964c-e6ddfdabafed","event":"debug","phase":"DISTANCE_FILTER","message":"Starting distance-to-route filtering","latency_ms":22,"data":{"all_pois_count":1257,"buffer_meters":20000}}
{"timestamp":"2026-02-14 01:25:39.000000","request_id":"2f8eeff8-3e86-441c-964c-e6ddfdabafed","event":"debug","phase":"DISTANCE_FILTER","message":"Filtering complete","latency_ms":30,"data":{"filtered_pois_count":52}}
{"timestamp":"2026-02-14 01:25:39.000000","request_id":"2f8eeff8-3e86-441c-964c-e6ddfdabafed","event":"response_success","endpoint":"/api/pois-for-route","http_code":200,"latency_ms":31,"cache_hit":false,"cache_miss":false,"data_count":52}
{"timestamp":"2026-02-14 01:25:39.000000","request_id":"2f8eeff8-3e86-441c-964c-e6ddfdabafed","event":"debug","phase":"RESPONSE","message":"Final POI count","latency_ms":31,"data":{"total_in_route":52,"returned":52,"by_category":{"restaurant":40,"temple":12}}}
{"timestamp":"2026-02-14 01:25:39.000000","request_id":"8911fa57-f8e6-45ef-a7d0-a6058c38df97","event":"request_start","endpoint":"/api/pois-for-route","method":"POST","ip_address":"127.0.0.1","user_id":null}
{"timestamp":"2026-02-14 01:25:39.000000","request_id":"8911fa57-f8e6-45ef-a7d0-a6058c38df97","event":"debug","phase":"VALIDATION","message":"Polyline received","latency_ms":0,"data":{"point_count":10}}
{"timestamp":"2026-02-14 01:25:39.000000","request_id":"8911fa57-f8e6-45ef-a7d0-a6058c38df97","event":"debug","phase":"VALIDATION","message":"Input validated","latency_ms":0,"data":{"polyline_points":10,"categories":["temple","restaurant"],"radius_km":20}}
{"timestamp":"2026-02-14 01:25:39.000000","request_id":"8911fa57-f8e6-45ef-a7d0-a6058c38df97","event":"debug","phase":"BBOX_QUERY","message":"Executing spatial query","latency_ms":0,"data":{"min_lat":9.40311981981982,"max_lat":13.262880180180181,"min_lng":76.33651981981981,"max_lng":80.4551801801802,"categories":["temple","restaurant"]}}
{"timestamp":"2026-02-14 01:25:39.000000","request_id":"8911fa57-f8e6-45ef-a7d0-a6058c38df97","event":"debug","phase":"BBOX_RESULT","message":"Bounding box query completed","latency_ms":22,"data":{"pois_in_bbox":1257}}
{"timestamp":"2026-02-14 01:25:39.000000","request_id":"8911fa57-f8e6-45ef-a7d0-a6058c38df97","event":"debug","phase":"DISTANCE_FILTER","message":"Starting distance-to-route filtering","latency_ms":22,"data":{"all_pois_count":1257,"buffer_meters":20000}}
{"timestamp":"2026-02-14 01:25:39.000000","request_id":"8911fa57-f8e6-45ef-a7d0-a6058c38df97","event":"debug","phase":"DISTANCE_FILTER","message":"Filtering complete","latency_ms":31,"data":{"filtered_pois_count":52}}
{"timestamp":"2026-02-14 01:25:39.000000","request_id":"8911fa57-f8e6-45ef-a7d0-a6058c38df97","event":"response_success","endpoint":"/api/pois-for-route","http_code":200,"latency_ms":31,"cache_hit":false,"cache_miss":false,"data_count":52}
{"timestamp":"2026-02-14 01:25:39.000000","request_id":"8911fa57-f8e6-45ef-a7d0-a6058c38df97","event":"debug","phase":"RESPONSE","message":"Final POI count","latency_ms":32,"data":{"total_in_route":52,"returned":52,"by_category":{"restaurant":40,"temple":12}}}
{"timestamp":"2026-02-14 01:25:39.000000","request_id":"13beb192-244f-4940-a699-22bb882767b5","event":"request_start","endpoint":"/api/pois-for-route","method":"POST","ip_address":"127.0.0.1","user_id":null}
{"timestamp":"2026-02-14 01:25:39.000000","request_id":"13beb192-244f-4940-a699-22bb882767b5","event":"debug","phase":"VALIDATION","message":"Polyline received","latency_ms":0,"data":{"point_count":10}}
{"timestamp":"2026-02-14 01:25:39.000000","request_id":"13beb192-244f-4940-a699-22bb882767b5","event":"debug","phase":"VALIDATION","message":"Input validated","latency_ms":1,"data":{"polyline_points":10,"categories":["temple","restaurant"],"radius_km":20}}
{"timestamp":"2026-02-14 01:25:39.000000","request_id":"13beb192-244f-4940-a699-22bb882767b5","event":"debug","phase":"BBOX_QUERY","message":"Executing spatial query","latency_ms":2,"data":{"min_lat":9.40311981981982,"max_lat":13.262880180180181,"min_lng":76.33651981981981,"max_lng":80.4551801801802,"categories":["temple","restaurant"]}}
{"timestamp":"2026-02-14 01:25:39.000000","request_id":"13beb192-244f-4940-a699-22bb882767b5","event":"debug","phase":"BBOX_RESULT","message":"Bounding box query completed","latency_ms":26,"data":{"pois_in_bbox":1257}}
{"timestamp":"2026-02-14 01:25:39.000000","request_id":"13beb192-244f-4940-a699-22bb882767b5","event":"debug","phase":"DISTANCE_FILTER","message":"Starting distance-to-route filtering","latency_ms":27,"data":{"all_pois_count":1257,"buffer_meters":20000}}
{"timestamp":"2026-02-14 01:25:39.000000","request_id":"13beb192-244f-4940-a699-22bb882767b5","event":"debug","phase":"DISTANCE_FILTER","message":"Filtering complete","latency_ms":35,"data":{"filtered_pois_count":52}}
{"timestamp":"2026-02-14 01:25:39.000000","request_id":"13beb192-244f-4940-a699-22bb882767b5","event":"response_success","endpoint":"/api/pois-for-route","http_code":200,"latency_ms":36,"cache_hit":false,"cache_miss":false,"data_count":52}
{"timestamp":"2026-02-14 01:25:39.000000","request_id":"13beb192-244f-4940-a699-22bb882767b5","event":"debug","phase":"RESPONSE","message":"Final POI count","latency_ms":36,"data":{"total_in_route":52,"returned":52,"by_category":{"restaurant":40,"temple":12}}}
{"timestamp":"2026-02-14 01:25:39.000000","request_id":"1c13b504-1a28-4f7e-b7cc-d79821217308","event":"request_start","endpoint":"/api/pois-for-route","method":"POST","ip_address":"127.0.0.1","user_id":null}
{"timestamp":"2026-02-14 01:25:39.000000","request_id":"1c13b504-1a28-4f7e-b7cc-d79821217308","event":"debug","phase":"VALIDATION","message":"Polyline received","latency_ms":0,"data":{"point_count":10}}
{"timestamp":"2026-02-14 01:25:39.000000","request_id":"1c13b504-1a28-4f7e-b7cc-d79821217308","event":"debug","phase":"VALIDATION","message":"Input validated","latency_ms":0,"data":{"polyline_points":10,"categories":["temple","restaurant"],"radius_km":20}}
{"timestamp":"2026-02-14 01:25:39.000000","request_id":"1c13b504-1a28-4f7e-b7cc-d79821217308","event":"debug","phase":"BBOX_QUERY","message":"Executing spatial query","latency_ms":1,"data":{"min_lat":9.40311981981982,"max_lat":13.262880180180181,"min_lng":76.33651981981981,"max_lng":80.4551801801802,"categories":["temple","restaurant"]}}
{"timestamp":"2026-02-14 01:25:39.000000","request_id":"1c13b504-1a28-4f7e-b7cc-d79821217308","event":"debug","phase":"BBOX_RESULT","message":"Bounding box query completed","latency_ms":21,"data":{"pois_in_bbox":1257}}
{"timestamp":"2026-02-14 01:25:39.000000","request_id":"1c13b504-1a28-4f7e-b7cc-d79821217308","event":"debug","phase":"DISTANCE_FILTER","message":"Starting distance-to-route filtering","latency_ms":22,"data":{"all_pois_count":1257,"buffer_meters":20000}}
{"timestamp":"2026-02-14 01:25:39.000000","request_id":"1c13b504-1a28-4f7e-b7cc-d79821217308","event":"debug","phase":"DISTANCE_FILTER","message":"Filtering complete","latency_ms":29,"data":{"filtered_pois_count":52}}
{"timestamp":"2026-02-14 01:25:39.000000","request_id":"1c13b504-1a28-4f7e-b7cc-d79821217308","event":"response_success","endpoint":"/api/pois-for-route","http_code":200,"latency_ms":30,"cache_hit":false,"cache_miss":false,"data_count":52}
{"timestamp":"2026-02-14 01:25:39.000000","request_id":"1c13b504-1a28-4f7e-b7cc-d79821217308","event":"debug","phase":"RESPONSE","message":"Final POI count","latency_ms":30,"data":{"total_in_route":52,"returned":52,"by_category":{"restaurant":40,"temple":12}}}
{"timestamp":"2026-02-14 01:25:39.000000","request_id":"6b740a9d-286f-4ffa-aaac-ed0a10886299","event":"request_start","endpoint":"/api/pois-for-route","method":"POST","ip_address":"127.0.0.1","user_id":null}
{"timestamp":"2026-02-14 01:25:39.000000","request_id":"6b740a9d-286f-4ffa-aaac-ed0a10886299","event":"debug","phase":"VALIDATION","message":"Polyline received","latency_ms":0,"data":{"point_count":10}}
{"timestamp":"2026-02-14 01:25:39.000000","request_id":"6b740a9d-286f-4ffa-aaac-ed0a10886299","event":"debug","phase":"VALIDATION","message":"Input validated","latency_ms":1,"data":{"polyline_points":10,"categories":["temple","restaurant"],"radius_km":20}}
{"timestamp":"2026-02-14 01:25:39.000000","request_id":"6b740a9d-286f-4ffa-aaac-ed0a10886299","event":"debug","phase":"BBOX_QUERY","message":"Executing spatial query","latency_ms":1,"data":{"min_lat":9.40311981981982,"max_lat":13.262880180180181,"min_lng":76.33651981981981,"max_lng":80.4551801801802,"categories":["temple","restaurant"]}}
{"timestamp":"2026-02-14 01:25:39.000000","request_id":"6b740a9d-286f-4ffa-aaac-ed0a10886299","event":"debug","phase":"BBOX_RESULT","message":"Bounding box query completed","latency_ms":24,"data":{"pois_in_bbox":1257}}
{"timestamp":"2026-02-14 01:25:39.000000","request_id":"6b740a9d-286f-4ffa-aaac-ed0a10886299","event":"debug","phase":"DISTANCE_FILTER","message":"Starting distance-to-route filtering","latency_ms":24,"data":{"all_pois_count":1257,"buffer_meters":20000}}
{"timestamp":"2026-02-14 01:25:39.000000","request_id":"6b740a9d-286f-4ffa-aaac-ed0a10886299","event":"debug","phase":"DISTANCE_FILTER","message":"Filtering complete","latency_ms":33,"data":{"filtered_pois_count":52}}
{"timestamp":"2026-02-14 01:25:39.000000","request_id":"6b740a9d-286f-4ffa-aaac-ed0a10886299","event":"response_success","endpoint":"/api/pois-for-route","http_code":200,"latency_ms":33,"cache_hit":false,"cache_miss":false,"data_count":52}
{"timestamp":"2026-02-14 01:25:39.000000","request_id":"6b740a9d-286f-4ffa-aaac-ed0a10886299","event":"debug","phase":"RESPONSE","message":"Final POI count","latency_ms":34,"data":{"total_in_route":52,"returned":52,"by_category":{"restaurant":40,"temple":12}}}
{"timestamp":"2026-02-14 01:25:39.000000","request_id":"a7208711-8cfa-4805-93ca-be969d5e1021","event":"request_start","endpoint":"/api/pois-for-route","method":"POST","ip_address":"127.0.0.1","user_id":null}
{"timestamp":"2026-02-14 01:25:39.000000","request_id":"a7208711-8cfa-4805-93ca-be969d5e1021","event":"debug","phase":"VALIDATION","message":"Polyline received","latency_ms":0,"data":{"point_count":10}}
{"timestamp":"2026-02-14 01:25:39.000000","request_id":"a7208711-8cfa-4805-93ca-be969d5e1021","event":"debug","phase":"VALIDATION","message":"Input validated","latency_ms":1,"data":{"polyline_points":10,"categories":["temple","restaurant"],"radius_km":20}}
{"timestamp":"2026-02-14 01:25:39.000000","request_id":"a7208711-8cfa-4805-93ca-be969d5e1021","event":"debug","phase":"BBOX_QUERY","message":"Executing spatial query","latency_ms":1,"data":{"min_lat":9.40311981981982,"max_lat":13.262880180180181,"min_lng":76.33651981981981,"max_lng":80.4551801801802,"categories":["temple","restaurant"]}}
{"timestamp":"2026-02-14 01:25:39.000000","request_id":"a7208711-8cfa-4805-93ca-be969d5e1021","event":"debug","phase":"BBOX_RESULT","message":"Bounding box query completed","latency_ms":22,"data":{"pois_in_bbox":1257}}
{"timestamp":"2026-02-14 01:25:39.000000","request_id":"a7208711-8cfa-4805-93ca-be969d5e1021","event":"debug","phase":"DISTANCE_FILTER","message":"Starting distance-to-route filtering","latency_ms":22,"data":{"all_pois_count":1257,"buffer_meters":20000}}
{"timestamp":"2026-02-14 01:25:39.000000","request_id":"a7208711-8cfa-4805-93ca-be969d5e1021","event":"debug","phase":"DISTANCE_FILTER","message":"Filtering complete","latency_ms":31,"data":{"filtered_pois_count":52}}
{"timestamp":"2026-02-14 01:25:39.000000","request_id":"a7208711-8cfa-4805-93ca-be969d5e1021","event":"response_success","endpoint":"/api/pois-for-route","http_code":200,"latency_ms":31,"cache_hit":false,"cache_miss":false,"data_count":52}
{"timestamp":"2026-02-14 01:25:39.000000","request_id":"a7208711-8cfa-4805-93ca-be969d5e1021","event":"debug","phase":"RESPONSE","message":"Final POI count","latency_ms":32,"data":{"total_in_route":52,"returned":52,"by_category":{"restaurant":40,"temple":12}}}
{"timestamp":"2026-02-14 01:25:39.000000","request_id":"0bd5e08b-5927-4cb6-85ac-22d6c0c96f06","event":"request_start","endpoint":"/api/pois-for-route","method":"POST","ip_address":"127.0.0.1","user_id":null}
{"timestamp":"2026-02-14 01:25:39.000000","request_id":"0bd5e08b-5927-4cb6-85ac-22d6c0c96f06","event":"debug","phase":"VALIDATION","message":"Polyline received","latency_ms":0,"data":{"point_count":10}}
{"timestamp":"2026-02-14 01:25:39.000000","request_id":"0bd5e08b-5927-4cb6-85ac-22d6c0c96f06","event":"debug","phase":"VALIDATION","message":"Input validated","latency_ms":0,"data":{"polyline_points":10,"categories":["temple","restaurant"],"radius_km":20}}
{"timestamp":"2026-02-14 01:25:39.000000","request_id":"0bd5e08b-5927-4cb6-85ac-22d6c0c96f06","event":"debug","phase":"BBOX_QUERY","message":"Executing spatial query","latency_ms":0,"data":{"min_lat":9.40311981981982,"max_lat":13.262880180180181,"min_lng":76.33651981981981,"max_lng":80.4551801801802,"categories":["temple","restaurant"]}}
{"timestamp":"2026-02-14 01:25:39.000000","request_id":"0bd5e08b-5927-4cb6-85ac-22d6c0c96f06","event":"debug","phase":"BBOX_RESULT","message":"Bounding box query completed","latency_ms":25,"data":{"pois_in_bbox":1257}}
{"timestamp":"2026-02-14 01:25:39.000000","request_id":"0bd5e08b-5927-4cb6-85ac-22d6c0c96f06","event":"debug","phase":"DISTANCE_FILTER","message":"Starting distance-to-route filtering","latency_ms":26,"data":{"all_pois_count":1257,"buffer_meters":20000}}
{"timestamp":"2026-02-14 01:25:39.000000","request_id":"0bd5e08b-5927-4cb6-85ac-22d6c0c96f06","event":"debug","phase":"DISTANCE_FILTER","message":"Filtering complete","latency_ms":39,"data":{"filtered_pois_count":52}}
{"timestamp":"2026-02-14 01:25:39.000000","request_id":"0bd5e08b-5927-4cb6-85ac-22d6c0c96f06","event":"response_success","endpoint":"/api/pois-for-route","http_code":200,"latency_ms":40,"cache_hit":false,"cache_miss":false,"data_count":52}
{"timestamp":"2026-02-14 01:25:39.000000","request_id":"0bd5e08b-5927-4cb6-85ac-22d6c0c96f06","event":"debug","phase":"RESPONSE","message":"Final POI count","latency_ms":40,"data":{"total_in_route":52,"returned":52,"by_category":{"restaurant":40,"temple":12}}}
{"timestamp":"2026-02-14 01:25:39.000000","request_id":"bf57bbfc-fef3-4b03-9584-3b0171919aee","event":"request_start","endpoint":"/api/pois-for-route","method":"POST","ip_address":"127.0.0.1","user_id":null}
{"timestamp":"2026-02-14 01:25:39.000000","request_id":"bf57bbfc-fef3-4b03-9584-3b0171919aee","event":"debug","phase":"VALIDATION","message":"Polyline received","latency_ms":0,"data":{"point_count":10}}
{"timestamp":"2026-02-14 01:25:39.000000","request_id":"bf57bbfc-fef3-4b03-9584-3b0171919aee","event":"debug","phase":"VALIDATION","message":"Input validated","latency_ms":0,"data":{"polyline_points":10,"categories":["temple","restaurant"],"radius_km":20}}
{"timestamp":"2026-02-14 01:25:39.000000","request_id":"bf57bbfc-fef3-4b03-9584-3b0171919aee","event":"debug","phase":"BBOX_QUERY","message":"Executing spatial query","latency_ms":1,"data":{"min_lat":9.40311981981982,"max_lat":13.262880180180181,"min_lng":76.33651981981981,"max_lng":80.4551801801802,"categories":["temple","restaurant"]}}
{"timestamp":"2026-02-14 01:25:39.000000","request_id":"bf57bbfc-fef3-4b03-9584-3b0171919aee","event":"debug","phase":"BBOX_RESULT","message":"Bounding box query completed","latency_ms":22,"data":{"pois_in_bbox":1257}}
{"timestamp":"2026-02-14 01:25:39.000000","request_id":"bf57bbfc-fef3-4b03-9584-3b0171919aee","event":"debug","phase":"DISTANCE_FILTER","message":"Starting distance-to-route filtering","latency_ms":22,"data":{"all_pois_count":1257,"buffer_meters":20000}}
{"timestamp":"2026-02-14 01:25:39.000000","request_id":"bf57bbfc-fef3-4b03-9584-3b0171919aee","event":"debug","phase":"DISTANCE_FILTER","message":"Filtering complete","latency_ms":30,"data":{"filtered_pois_count":52}}
{"timestamp":"2026-02-14 01:25:39.000000","request_id":"bf57bbfc-fef3-4b03-9584-3b0171919aee","event":"response_success","endpoint":"/api/pois-for-route","http_code":200,"latency_ms":31,"cache_hit":false,"cache_miss":false,"data_count":52}
{"timestamp":"2026-02-14 01:25:39.000000","request_id":"bf57bbfc-fef3-4b03-9584-3b0171919aee","event":"debug","phase":"RESPONSE","message":"Final POI count","latency_ms":31,"data":{"total_in_route":52,"returned":52,"by_category":{"restaurant":40,"temple":12}}}
{"timestamp":"2026-02-14 01:25:39.000000","request_id":"1ff269e7-3aa2-4904-899a-e9870e7fc7a7","event":"request_start","endpoint":"/api/pois-for-route","method":"POST","ip_address":"127.0.0.1","user_id":null}
{"timestamp":"2026-02-14 01:25:39.000000","request_id":"1ff269e7-3aa2-4904-899a-e9870e7fc7a7","event":"debug","phase":"VALIDATION","message":"Polyline received","latency_ms":0,"data":{"point_count":10}}
{"timestamp":"2026-02-14 01:25:39.000000","request_id":"1ff269e7-3aa2-4904-899a-e9870e7fc7a7","event":"debug","phase":"VALIDATION","message":"Input validated","latency_ms":0,"data":{"polyline_points":10,"categories":["temple","restaurant"],"radius_km":20}}
{"timestamp":"2026-02-14 01:25:39.000000","request_id":"1ff269e7-3aa2-4904-899a-e9870e7fc7a7","event":"debug","phase":"BBOX_QUERY","message":"Executing spatial query","latency_ms":1,"data":{"min_lat":9.40311981981982,"max_lat":13.262880180180181,"min_lng":76.33651981981981,"max_lng":80.4551801801802,"categories":["temple","restaurant"]}}
{"timestamp":"2026-02-14 01:25:39.000000","request_id":"1ff269e7-3aa2-4904-899a-e9870e7fc7a7","event":"debug","phase":"BBOX_RESULT","message":"Bounding box query completed","latency_ms":23,"data":{"pois_in_bbox":1257}}
{"timestamp":"2026-02-14 01:25:39.000000","request_id":"1ff269e7-3aa2-4904-899a-e9870e7fc7a7","event":"debug","phase":"DISTANCE_FILTER","message":"Starting distance-to-route filtering","latency_ms":23,"data":{"all_pois_count":1257,"buffer_meters":20000}}
{"timestamp":"2026-02-14 01:25:39.000000","request_id":"1ff269e7-3aa2-4904-899a-e9870e7fc7a7","event":"debug","phase":"DISTANCE_FILTER","message":"Filtering complete","latency_ms":31,"data":{"filtered_pois_count":52}}
{"timestamp":"2026-02-14 01:25:39.000000","request_id":"1ff269e7-3aa2-4904-899a-e9870e7fc7a7","event":"response_success","endpoint":"/api/pois-for-route","http_code":200,"latency_ms":32,"cache_hit":false,"cache_miss":false,"data_count":52}
{"timestamp":"2026-02-14 01:25:39.000000","request_id":"1ff269e7-3aa2-4904-899a-e9870e7fc7a7","event":"debug","phase":"RESPONSE","message":"Final POI count","latency_ms":32,"data":{"total_in_route":52,"returned":52,"by_category":{"restaurant":40,"temple":12}}}
{"timestamp":"2026-02-14 01:25:39.000000","request_id":"ae55a648-8bc9-46c6-8a5f-b6a4429dadeb","event":"request_start","endpoint":"/api/pois-for-route","method":"POST","ip_address":"127.0.0.1","user_id":null}
{"timestamp":"2026-02-14 01:25:39.000000","request_id":"ae55a648-8bc9-46c6-8a5f-b6a4429dadeb","event":"debug","phase":"VALIDATION","message":"Polyline received","latency_ms":0,"data":{"point_count":10}}
{"timestamp":"2026-02-14 01:25:39.000000","request_id":"ae55a648-8bc9-46c6-8a5f-b6a4429dadeb","event":"debug","phase":"VALIDATION","message":"Input validated","latency_ms":0,"data":{"polyline_points":10,"categories":["temple","restaurant"],"radius_km":20}}
{"timestamp":"2026-02-14 01:25:39.000000","request_id":"ae55a648-8bc9-46c6-8a5f-b6a4429dadeb","event":"debug","phase":"BBOX_QUERY","message":"Executing spatial query","latency_ms":1,"data":{"min_lat":9.40311981981982,"max_lat":13.262880180180181,"min_lng":76.33651981981981,"max_lng":80.4551801801802,"categories":["temple","restaurant"]}}
{"timestamp":"2026-02-14 01:25:39.000000","request_id":"ae55a648-8bc9-46c6-8a5f-b6a4429dadeb","event":"debug","phase":"BBOX_RESULT","message":"Bounding box query completed","latency_ms":25,"data":{"pois_in_bbox":1257}}
{"timestamp":"2026-02-14 01:25:39.000000","request_id":"ae55a648-8bc9-46c6-8a5f-b6a4429dadeb","event":"debug","phase":"DISTANCE_FILTER","message":"Starting distance-to-route filtering","latency_ms":25,"data":{"all_pois_count":1257,"buffer_meters":20000}}
{"timestamp":"2026-02-14 01:25:39.000000","request_id":"ae55a648-8bc9-46c6-8a5f-b6a4429dadeb","event":"debug","phase":"DISTANCE_FILTER","message":"Filtering complete","latency_ms":33,"data":{"filtered_pois_count":52}}
{"timestamp":"2026-02-14 01:25:39.000000","request_id":"ae55a648-8bc9-46c6-8a5f-b6a4429dadeb","event":"response_success","endpoint":"/api/pois-for-route","http_code":200,"latency_ms":33,"cache_hit":false,"cache_miss":false,"data_count":52}
{"timestamp":"2026-02-14 01:25:39.000000","request_id":"ae55a648-8bc9-46c6-8a5f-b6a4429dadeb","event":"debug","phase":"RESPONSE","message":"Final POI count","latency_ms":34,"data":{"total_in_route":52,"returned":52,"by_category":{"restaurant":40,"temple":12}}}
{"timestamp":"2026-02-14 01:25:39.000000","request_id":"2b6f1fcb-22ab-4855-bb27-4307c9092083","event":"request_start","endpoint":"/api/pois-for-route","method":"POST","ip_address":"127.0.0.1","user_id":null}
{"timestamp":"2026-02-14 01:25:39.000000","request_id":"2b6f1fcb-22ab-4855-bb27-4307c9092083","event":"debug","phase":"VALIDATION","message":"Polyline received","latency_ms":0,"data":{"point_count":10}}
{"timestamp":"2026-02-14 01:25:39.000000","request_id":"2b6f1fcb-22ab-4855-bb27-4307c9092083","event":"debug","phase":"VALIDATION","message":"Input validated","latency_ms":0,"data":{"polyline_points":10,"categories":["temple","restaurant"],"radius_km":20}}
{"timestamp":"2026-02-14 01:25:39.000000","request_id":"2b6f1fcb-22ab-4855-bb27-4307c9092083","event":"debug","phase":"BBOX_QUERY","message":"Executing spatial query","latency_ms":0,"data":{"min_lat":9.40311981981982,"max_lat":13.262880180180181,"min_lng":76.33651981981981,"max_lng":80.4551801801802,"categories":["temple","restaurant"]}}
{"timestamp":"2026-02-14 01:25:39.000000","request_id":"2b6f1fcb-22ab-4855-bb27-4307c9092083","event":"debug","phase":"BBOX_RESULT","message":"Bounding box query completed","latency_ms":26,"data":{"pois_in_bbox":1257}}
{"timestamp":"2026-02-14 01:25:39.000000","request_id":"2b6f1fcb-22ab-4855-bb27-4307c9092083","event":"debug","phase":"DISTANCE_FILTER","message":"Starting distance-to-route filtering","latency_ms":26,"data":{"all_pois_count":1257,"buffer_meters":20000}}
{"timestamp":"2026-02-14 01:25:39.000000","request_id":"2b6f1fcb-22ab-4855-bb27-4307c9092083","event":"debug","phase":"DISTANCE_FILTER","message":"Filtering complete","latency_ms":35,"data":{"filtered_pois_count":52}}
{"timestamp":"2026-02-14 01:25:39.000000","request_id":"2b6f1fcb-22ab-4855-bb27-4307c9092083","event":"response_success","endpoint":"/api/pois-for-route","http_code":200,"latency_ms":36,"cache_hit":false,"cache_miss":false,"data_count":52}
{"timestamp":"2026-02-14 01:25:39.000000","request_id":"2b6f1fcb-22ab-4855-bb27-4307c9092083","event":"debug","phase":"RESPONSE","message":"Final POI count","latency_ms":36,"data":{"total_in_route":52,"returned":52,"by_category":{"restaurant":40,"temple":12}}}
{"timestamp":"2026-02-14 01:25:39.000000","request_id":"dcb7576b-8921-4805-9b2f-dac49b9846df","event":"request_start","endpoint":"/api/pois-for-route","method":"POST","ip_address":"127.0.0.1","user_id":null}
{"timestamp":"2026-02-14 01:25:39.000000","request_id":"dcb7576b-8921-4805-9b2f-dac49b9846df","event":"debug","phase":"VALIDATION","message":"Polyline received","latency_ms":0,"data":{"point_count":10}}
{"timestamp":"2026-02-14 01:25:39.000000","request_id":"dcb7576b-8921-4805-9b2f-dac49b9846df","event":"debug","phase":"VALIDATION","message":"Input validated","latency_ms":0,"data":{"polyline_points":10,"categories":["temple","restaurant"],"radius_km":20}}
{"timestamp":"2026-02-14 01:25:39.000000","request_id":"dcb7576b-8921-4805-9b2f-dac49b9846df","event":"debug","phase":"BBOX_QUERY","message":"Executing spatial query","latency_ms":1,"data":{"min_lat":9.40311981981982,"max_lat":13.262880180180181,"min_lng":76.33651981981981,"max_lng":80.4551801801802,"categories":["temple","restaurant"]}}
{"timestamp":"2026-02-14 01:25:39.000000","request_id":"dcb7576b-8921-4805-9b2f-dac49b9846df","event":"debug","phase":"BBOX_RESULT","message":"Bounding box query completed","latency_ms":24,"data":{"pois_in_bbox":1257}}
{"timestamp":"2026-02-14 01:25:39.000000","request_id":"dcb7576b-8921-4805-9b2f-dac49b9846df","event":"debug","phase":"DISTANCE_FILTER","message":"Starting distance-to-route filtering","latency_ms":25,"data":{"all_pois_count":1257,"buffer_meters":20000}}
{"timestamp":"2026-02-14 01:25:39.000000","request_id":"dcb7576b-8921-4805-9b2f-dac49b9846df","event":"debug","phase":"DISTANCE_FILTER","message":"Filtering complete","latency_ms":35,"data":{"filtered_pois_count":52}}
{"timestamp":"2026-02-14 01:25:39.000000","request_id":"dcb7576b-8921-4805-9b2f-dac49b9846df","event":"response_success","endpoint":"/api/pois-for-route","http_code":200,"latency_ms":36,"cache_hit":false,"cache_miss":false,"data_count":52}
{"timestamp":"2026-02-14 01:25:39.000000","request_id":"dcb7576b-8921-4805-9b2f-dac49b9846df","event":"debug","phase":"RESPONSE","message":"Final POI count","latency_ms":37,"data":{"total_in_route":52,"returned":52,"by_category":{"restaurant":40,"temple":12}}}
{"timestamp":"2026-02-14 01:25:39.000000","request_id":"a535fe67-cc02-4d06-a458-c2dd143ae86d","event":"request_start","endpoint":"/api/pois-for-route","method":"POST","ip_address":"127.0.0.1","user_id":null}
{"timestamp":"2026-02-14 01:25:39.000000","request_id":"a535fe67-cc02-4d06-a458-c2dd143ae86d","event":"debug","phase":"VALIDATION","message":"Polyline received","latency_ms":0,"data":{"point_count":10}}
{"timestamp":"2026-02-14 01:25:39.000000","request_id":"a535fe67-cc02-4d06-a458-c2dd143ae86d","event":"debug","phase":"VALIDATION","message":"Input validated","latency_ms":1,"data":{"polyline_points":10,"categories":["temple","restaurant"],"radius_km":20}}
{"timestamp":"2026-02-14 01:25:39.000000","request_id":"a535fe67-cc02-4d06-a458-c2dd143ae86d","event":"debug","phase":"BBOX_QUERY","message":"Executing spatial query","latency_ms":1,"data":{"min_lat":9.40311981981982,"max_lat":13.262880180180181,"min_lng":76.33651981981981,"max_lng":80.4551801801802,"categories":["temple","restaurant"]}}
{"timestamp":"2026-02-14 01:25:40.000000","request_id":"a535fe67-cc02-4d06-a458-c2dd143ae86d","event":"debug","phase":"BBOX_RESULT","message":"Bounding box query completed","latency_ms":28,"data":{"pois_in_bbox":1257}}
{"timestamp":"2026-02-14 01:25:40.000000","request_id":"a535fe67-cc02-4d06-a458-c2dd143ae86d","event":"debug","phase":"DISTANCE_FILTER","message":"Starting distance-to-route filtering","latency_ms":28,"data":{"all_pois_count":1257,"buffer_meters":20000}}
{"timestamp":"2026-02-14 01:25:40.000000","request_id":"a535fe67-cc02-4d06-a458-c2dd143ae86d","event":"debug","phase":"DISTANCE_FILTER","message":"Filtering complete","latency_ms":39,"data":{"filtered_pois_count":52}}
{"timestamp":"2026-02-14 01:25:40.000000","request_id":"a535fe67-cc02-4d06-a458-c2dd143ae86d","event":"response_success","endpoint":"/api/pois-for-route","http_code":200,"latency_ms":39,"cache_hit":false,"cache_miss":false,"data_count":52}
{"timestamp":"2026-02-14 01:25:40.000000","request_id":"a535fe67-cc02-4d06-a458-c2dd143ae86d","event":"debug","phase":"RESPONSE","message":"Final POI count","latency_ms":40,"data":{"total_in_route":52,"returned":52,"by_category":{"restaurant":40,"temple":12}}}
{"timestamp":"2026-02-14 01:25:40.000000","request_id":"aec4c38e-8ee5-4493-9a7c-89854ef547f0","event":"request_start","endpoint":"/api/pois-for-route","method":"POST","ip_address":"127.0.0.1","user_id":null}
{"timestamp":"2026-02-14 01:25:40.000000","request_id":"aec4c38e-8ee5-4493-9a7c-89854ef547f0","event":"debug","phase":"VALIDATION","message":"Polyline received","latency_ms":0,"data":{"point_count":10}}
{"timestamp":"2026-02-14 01:25:40.000000","request_id":"aec4c38e-8ee5-4493-9a7c-89854ef547f0","event":"debug","phase":"VALIDATION","message":"Input validated","latency_ms":1,"data":{"polyline_points":10,"categories":["temple","restaurant"],"radius_km":20}}
{"timestamp":"2026-02-14 01:25:40.000000","request_id":"aec4c38e-8ee5-4493-9a7c-89854ef547f0","event":"debug","phase":"BBOX_QUERY","message":"Executing spatial query","latency_ms":1,"data":{"min_lat":9.40311981981982,"max_lat":13.262880180180181,"min_lng":76.33651981981981,"max_lng":80.4551801801802,"categories":["temple","restaurant"]}}
{"timestamp":"2026-02-14 01:25:40.000000","request_id":"aec4c38e-8ee5-4493-9a7c-89854ef547f0","event":"debug","phase":"BBOX_RESULT","message":"Bounding box query completed","latency_ms":25,"data":{"pois_in_bbox":1257}}
{"timestamp":"2026-02-14 01:25:40.000000","request_id":"aec4c38e-8ee5-4493-9a7c-89854ef547f0","event":"debug","phase":"DISTANCE_FILTER","message":"Starting distance-to-route filtering","latency_ms":25,"data":{"all_pois_count":1257,"buffer_meters":20000}}
{"timestamp":"2026-02-14 01:25:40.000000","request_id":"aec4c38e-8ee5-4493-9a7c-89854ef547f0","event":"debug","phase":"DISTANCE_FILTER","message":"Filtering complete","latency_ms":36,"data":{"filtered_pois_count":52}}
{"timestamp":"2026-02-14 01:25:40.000000","request_id":"aec4c38e-8ee5-4493-9a7c-89854ef547f0","event":"response_success","endpoint":"/api/pois-for-route","http_code":200,"latency_ms":36,"cache_hit":false,"cache_miss":false,"data_count":52}
{"timestamp":"2026-02-14 01:25:40.000000","request_id":"aec4c38e-8ee5-4493-9a7c-89854ef547f0","event":"debug","phase":"RESPONSE","message":"Final POI count","latency_ms":37,"data":{"total_in_route":52,"returned":52,"by_category":{"restaurant":40,"temple":12}}}
{"timestamp":"2026-02-14 01:25:40.000000","request_id":"3c726eb9-367c-42d0-8772-da0558f81914","event":"request_start","endpoint":"/api/pois-for-route","method":"POST","ip_address":"127.0.0.1","user_id":null}
{"timestamp":"2026-02-14 01:25:40.000000","request_id":"3c726eb9-367c-42d0-8772-da0558f81914","event":"debug","phase":"VALIDATION","message":"Polyline received","latency_ms":0,"data":{"point_count":10}}
{"timestamp":"2026-02-14 01:25:40.000000","request_id":"3c726eb9-367c-42d0-8772-da0558f81914","event":"debug","phase":"VALIDATION","message":"Input validated","latency_ms":1,"data":{"polyline_points":10,"categories":["temple","restaurant"],"radius_km":20}}
{"timestamp":"2026-02-14 01:25:40.000000","request_id":"3c726eb9-367c-42d0-8772-da0558f81914","event":"debug","phase":"BBOX_QUERY","message":"Executing spatial query","latency_ms":1,"data":{"min_lat":9.40311981981982,"max_lat":13.262880180180181,"min_lng":76.33651981981981,"max_lng":80.4551801801802,"categories":["temple","restaurant"]}}
{"timestamp":"2026-02-14 01:25:40.000000","request_id":"3c726eb9-367c-42d0-8772-da0558f81914","event":"debug","phase":"BBOX_RESULT","message":"Bounding box query completed","latency_ms":23,"data":{"pois_in_bbox":1257}}
{"timestamp":"2026-02-14 01:25:40.000000","request_id":"3c726eb9-367c-42d0-8772-da0558f81914","event":"debug","phase":"DISTANCE_FILTER","message":"Starting distance-to-route filtering","latency_ms":23,"data":{"all_pois_count":1257,"buffer_meters":20000}}
{"timestamp":"2026-02-14 01:25:40.000000","request_id":"3c726eb9-367c-42d0-8772-da0558f81914","event":"debug","phase":"DISTANCE_FILTER","message":"Filtering complete","latency_ms":31,"data":{"filtered_pois_count":52}}
{"timestamp":"2026-02-14 01:25:40.000000","request_id":"3c726eb9-367c-42d0-8772-da0558f81914","event":"response_success","endpoint":"/api/pois-for-route","http_code":200,"latency_ms":32,"cache_hit":false,"cache_miss":false,"data_count":52}
{"timestamp":"2026-02-14 01:25:40.000000","request_id":"3c726eb9-367c-42d0-8772-da0558f81914","event":"debug","phase":"RESPONSE","message":"Final POI count","latency_ms":32,"data":{"total_in_route":52,"returned":52,"by_category":{"restaurant":40,"temple":12}}}
{"timestamp":"2026-02-14 01:25:50.000000","request_id":"55e6efbd-bca6-4ef4-8a71-92e4b23b7865","event":"request_start","endpoint":"/api/pois-for-route","method":"POST","ip_address":"127.0.0.1","user_id":null}
{"timestamp":"2026-02-14 01:25:50.000000","request_id":"55e6efbd-bca6-4ef4-8a71-92e4b23b7865","event":"debug","phase":"VALIDATION","message":"Polyline received","latency_ms":0,"data":{"point_count":10}}
{"timestamp":"2026-02-14 01:25:50.000000","request_id":"55e6efbd-bca6-4ef4-8a71-92e4b23b7865","event":"debug","phase":"VALIDATION","message":"Input validated","latency_ms":0,"data":{"polyline_points":10,"categories":["temple"],"radius_km":20}}
{"timestamp":"2026-02-14 01:25:50.000000","request_id":"55e6efbd-bca6-4ef4-8a71-92e4b23b7865","event":"debug","phase":"BBOX_QUERY","message":"Executing spatial query","latency_ms":1,"data":{"min_lat":9.40311981981982,"max_lat":13.262880180180181,"min_lng":76.33651981981981,"max_lng":80.4551801801802,"categories":["temple"]}}
{"timestamp":"2026-02-14 01:25:50.000000","request_id":"55e6efbd-bca6-4ef4-8a71-92e4b23b7865","event":"debug","phase":"BBOX_RESULT","message":"Bounding box query completed","latency_ms":23,"data":{"pois_in_bbox":264}}
{"timestamp":"2026-02-14 01:25:50.000000","request_id":"55e6efbd-bca6-4ef4-8a71-92e4b23b7865","event":"debug","phase":"DISTANCE_FILTER","message":"Starting distance-to-route filtering","latency_ms":24,"data":{"all_pois_count":264,"buffer_meters":20000}}
{"timestamp":"2026-02-14 01:25:50.000000","request_id":"55e6efbd-bca6-4ef4-8a71-92e4b23b7865","event":"debug","phase":"DISTANCE_FILTER","message":"Filtering complete","latency_ms":28,"data":{"filtered_pois_count":12}}
{"timestamp":"2026-02-14 01:25:50.000000","request_id":"55e6efbd-bca6-4ef4-8a71-92e4b23b7865","event":"response_success","endpoint":"/api/pois-for-route","http_code":200,"latency_ms":29,"cache_hit":false,"cache_miss":false,"data_count":12}
{"timestamp":"2026-02-14 01:25:50.000000","request_id":"55e6efbd-bca6-4ef4-8a71-92e4b23b7865","event":"debug","phase":"RESPONSE","message":"Final POI count","latency_ms":30,"data":{"total_in_route":12,"returned":12,"by_category":{"temple":12}}}
{"timestamp":"2026-02-14 01:25:53.000000","request_id":"83b2c3df-31d3-44bf-95b2-c3c26334ada5","event":"request_start","endpoint":"/api/pois-for-route","method":"POST","ip_address":"127.0.0.1","user_id":null}
{"timestamp":"2026-02-14 01:25:53.000000","request_id":"83b2c3df-31d3-44bf-95b2-c3c26334ada5","event":"debug","phase":"VALIDATION","message":"Polyline received","latency_ms":0,"data":{"point_count":10}}
{"timestamp":"2026-02-14 01:25:53.000000","request_id":"83b2c3df-31d3-44bf-95b2-c3c26334ada5","event":"debug","phase":"VALIDATION","message":"Input validated","latency_ms":0,"data":{"polyline_points":10,"categories":["restaurant"],"radius_km":20}}
{"timestamp":"2026-02-14 01:25:53.000000","request_id":"83b2c3df-31d3-44bf-95b2-c3c26334ada5","event":"debug","phase":"BBOX_QUERY","message":"Executing spatial query","latency_ms":1,"data":{"min_lat":9.40311981981982,"max_lat":13.262880180180181,"min_lng":76.33651981981981,"max_lng":80.4551801801802,"categories":["restaurant"]}}
{"timestamp":"2026-02-14 01:25:53.000000","request_id":"83b2c3df-31d3-44bf-95b2-c3c26334ada5","event":"debug","phase":"BBOX_RESULT","message":"Bounding box query completed","latency_ms":100,"data":{"pois_in_bbox":993}}
{"timestamp":"2026-02-14 01:25:53.000000","request_id":"83b2c3df-31d3-44bf-95b2-c3c26334ada5","event":"debug","phase":"DISTANCE_FILTER","message":"Starting distance-to-route filtering","latency_ms":101,"data":{"all_pois_count":993,"buffer_meters":20000}}
{"timestamp":"2026-02-14 01:25:53.000000","request_id":"83b2c3df-31d3-44bf-95b2-c3c26334ada5","event":"debug","phase":"DISTANCE_FILTER","message":"Filtering complete","latency_ms":110,"data":{"filtered_pois_count":40}}
{"timestamp":"2026-02-14 01:25:53.000000","request_id":"83b2c3df-31d3-44bf-95b2-c3c26334ada5","event":"response_success","endpoint":"/api/pois-for-route","http_code":200,"latency_ms":110,"cache_hit":false,"cache_miss":false,"data_count":40}
{"timestamp":"2026-02-14 01:25:53.000000","request_id":"83b2c3df-31d3-44bf-95b2-c3c26334ada5","event":"debug","phase":"RESPONSE","message":"Final POI count","latency_ms":111,"data":{"total_in_route":40,"returned":40,"by_category":{"restaurant":40}}}
{"timestamp":"2026-02-14 01:26:18.000000","request_id":"e2ee0204-73b1-40d3-aecb-00a8e35403c1","event":"request_start","endpoint":"/api/pois-for-route","method":"POST","ip_address":"127.0.0.1","user_id":null}
{"timestamp":"2026-02-14 01:26:18.000000","request_id":"e2ee0204-73b1-40d3-aecb-00a8e35403c1","event":"debug","phase":"VALIDATION","message":"Polyline received","latency_ms":1,"data":{"point_count":1041}}
{"timestamp":"2026-02-14 01:26:18.000000","request_id":"e2ee0204-73b1-40d3-aecb-00a8e35403c1","event":"debug","phase":"VALIDATION","message":"Input validated","latency_ms":1,"data":{"polyline_points":1041,"categories":["temple","fuel","charger","toll","restaurant","hospital"],"radius_km":3}}
{"timestamp":"2026-02-14 01:26:18.000000","request_id":"e2ee0204-73b1-40d3-aecb-00a8e35403c1","event":"debug","phase":"BBOX_QUERY","message":"Executing spatial query","latency_ms":2,"data":{"min_lat":19.03780797297297,"max_lat":28.640936027027028,"min_lng":72.84751697297297,"max_lng":77.37201402702703,"categories":["temple","fuel","charger","toll","restaurant","hospital"]}}
{"timestamp":"2026-02-14 01:26:18.000000","request_id":"e2ee0204-73b1-40d3-aecb-00a8e35403c1","event":"debug","phase":"BBOX_RESULT","message":"Bounding box query completed","latency_ms":49,"data":{"pois_in_bbox":5000}}
{"timestamp":"2026-02-14 01:26:18.000000","request_id":"e2ee0204-73b1-40d3-aecb-00a8e35403c1","event":"debug","phase":"DISTANCE_FILTER","message":"Starting distance-to-route filtering","latency_ms":49,"data":{"all_pois_count":5000,"buffer_meters":3000}}
{"timestamp":"2026-02-14 01:26:19.000000","request_id":"e2ee0204-73b1-40d3-aecb-00a8e35403c1","event":"debug","phase":"DISTANCE_FILTER","message":"Filtering complete","latency_ms":493,"data":{"filtered_pois_count":50}}
{"timestamp":"2026-02-14 01:26:19.000000","request_id":"e2ee0204-73b1-40d3-aecb-00a8e35403c1","event":"response_success","endpoint":"/api/pois-for-route","http_code":200,"latency_ms":493,"cache_hit":false,"cache_miss":false,"data_count":50}
{"timestamp":"2026-02-14 01:26:19.000000","request_id":"e2ee0204-73b1-40d3-aecb-00a8e35403c1","event":"debug","phase":"RESPONSE","message":"Final POI count","latency_ms":493,"data":{"total_in_route":50,"returned":50,"by_category":{"fuel":16,"restaurant":16,"hospital":8,"temple":10}}}
{"timestamp":"2026-02-14 01:26:24.000000","request_id":"66ff8522-7954-4dc7-ab83-148b7ec812e5","event":"request_start","endpoint":"/api/pois-for-route","method":"POST","ip_address":"127.0.0.1","user_id":null}
{"timestamp":"2026-02-14 01:26:24.000000","request_id":"66ff8522-7954-4dc7-ab83-148b7ec812e5","event":"debug","phase":"VALIDATION","message":"Polyline received","latency_ms":0,"data":{"point_count":11}}
{"timestamp":"2026-02-14 01:26:24.000000","request_id":"66ff8522-7954-4dc7-ab83-148b7ec812e5","event":"debug","phase":"VALIDATION","message":"Input validated","latency_ms":0,"data":{"polyline_points":11,"categories":["temple","restaurant"],"radius_km":5}}
{"timestamp":"2026-02-14 01:26:24.000000","request_id":"66ff8522-7954-4dc7-ab83-148b7ec812e5","event":"debug","phase":"BBOX_QUERY","message":"Executing spatial query","latency_ms":1,"data":{"min_lat":19.009953954954952,"max_lat":28.658940045045046,"min_lng":72.82415895495495,"max_lng":77.25405104504505,"categories":["temple","restaurant"]}}
{"timestamp":"2026-02-14 01:26:24.000000","request_id":"66ff8522-7954-4dc7-ab83-148b7ec812e5","event":"debug","phase":"BBOX_RESULT","message":"Bounding box query completed","latency_ms":68,"data":{"pois_in_bbox":3288}}
{"timestamp":"2026-02-14 01:26:24.000000","request_id":"66ff8522-7954-4dc7-ab83-148b7ec812e5","event":"debug","phase":"DISTANCE_FILTER","message":"Starting distance-to-route filtering","latency_ms":68,"data":{"all_pois_count":3288,"buffer_meters":5000}}
{"timestamp":"2026-02-14 01:26:24.000000","request_id":"66ff8522-7954-4dc7-ab83-148b7ec812e5","event":"debug","phase":"DISTANCE_FILTER","message":"Filtering complete","latency_ms":95,"data":{"filtered_pois_count":7}}
{"timestamp":"2026-02-14 01:26:24.000000","request_id":"66ff8522-7954-4dc7-ab83-148b7ec812e5","event":"response_success","endpoint":"/api/pois-for-route","http_code":200,"latency_ms":96,"cache_hit":false,"cache_miss":false,"data_count":7}
{"timestamp":"2026-02-14 01:26:24.000000","request_id":"66ff8522-7954-4dc7-ab83-148b7ec812e5","event":"debug","phase":"RESPONSE","message":"Final POI count","latency_ms":96,"data":{"total_in_route":7,"returned":7,"by_category":{"restaurant":5,"temple":2}}}
{"timestamp":"2026-02-14 01:26:24.000000","request_id":"51f71331-bf83-48c1-b91b-b5c6d56013a6","event":"request_start","endpoint":"/api/pois-for-route","method":"POST","ip_address":"127.0.0.1","user_id":null}
{"timestamp":"2026-02-14 01:26:24.000000","request_id":"51f71331-bf83-48c1-b91b-b5c6d56013a6","event":"debug","phase":"VALIDATION","message":"Polyline received","latency_ms":0,"data":{"point_count":11}}
{"timestamp":"2026-02-14 01:26:24.000000","request_id":"51f71331-bf83-48c1-b91b-b5c6d56013a6","event":"debug","phase":"VALIDATION","message":"Input validated","latency_ms":0,"data":{"polyline_points":11,"categories":["temple","restaurant"],"radius_km":5}}
{"timestamp":"2026-02-14 01:26:24.000000","request_id":"51f71331-bf83-48c1-b91b-b5c6d56013a6","event":"debug","phase":"BBOX_QUERY","message":"Executing spatial query","latency_ms":1,"data":{"min_lat":19.009953954954952,"max_lat":28.658940045045046,"min_lng":72.82415895495495,"max_lng":77.25405104504505,"categories":["temple","restaurant"]}}
{"timestamp":"2026-02-14 01:26:24.000000","request_id":"51f71331-bf83-48c1-b91b-b5c6d56013a6","event":"debug","phase":"BBOX_RESULT","message":"Bounding box query completed","latency_ms":55,"data":{"pois_in_bbox":3288}}
{"timestamp":"2026-02-14 01:26:24.000000","request_id":"51f71331-bf83-48c1-b91b-b5c6d56013a6","event":"debug","phase":"DISTANCE_FILTER","message":"Starting distance-to-route filtering","latency_ms":55,"data":{"all_pois_count":3288,"buffer_meters":5000}}
{"timestamp":"2026-02-14 01:26:24.000000","request_id":"51f71331-bf83-48c1-b91b-b5c6d56013a6","event":"debug","phase":"DISTANCE_FILTER","message":"Filtering complete","latency_ms":78,"data":{"filtered_pois_count":7}}
{"timestamp":"2026-02-14 01:26:24.000000","request_id":"51f71331-bf83-48c1-b91b-b5c6d56013a6","event":"response_success","endpoint":"/api/pois-for-route","http_code":200,"latency_ms":79,"cache_hit":false,"cache_miss":false,"data_count":7}
{"timestamp":"2026-02-14 01:26:24.000000","request_id":"51f71331-bf83-48c1-b91b-b5c6d56013a6","event":"debug","phase":"RESPONSE","message":"Final POI count","latency_ms":79,"data":{"total_in_route":7,"returned":7,"by_category":{"restaurant":5,"temple":2}}}
{"timestamp":"2026-02-14 01:26:31.000000","request_id":"28c2dc97-cca8-404c-ace5-e6777456ae5c","event":"request_start","endpoint":"/api/pois-for-route","method":"POST","ip_address":"127.0.0.1","user_id":null}
{"timestamp":"2026-02-14 01:26:31.000000","request_id":"28c2dc97-cca8-404c-ace5-e6777456ae5c","event":"debug","phase":"VALIDATION","message":"Polyline received","latency_ms":0,"data":{"point_count":11}}
{"timestamp":"2026-02-14 01:26:31.000000","request_id":"28c2dc97-cca8-404c-ace5-e6777456ae5c","event":"debug","phase":"VALIDATION","message":"Input validated","latency_ms":0,"data":{"polyline_points":11,"categories":["temple","restaurant"],"radius_km":4}}
{"timestamp":"2026-02-14 01:26:31.000000","request_id":"28c2dc97-cca8-404c-ace5-e6777456ae5c","event":"debug","phase":"BBOX_QUERY","message":"Executing spatial query","latency_ms":0,"data":{"min_lat":19.01896296396396,"max_lat":28.649931036036037,"min_lng":72.83316796396396,"max_lng":77.24504203603604,"categories":["temple","restaurant"]}}
{"timestamp":"2026-02-14 01:26:31.000000","request_id":"28c2dc97-cca8-404c-ace5-e6777456ae5c","event":"debug","phase":"BBOX_RESULT","message":"Bounding box query completed","latency_ms":58,"data":{"pois_in_bbox":3269}}
{"timestamp":"2026-02-14 01:26:31.000000","request_id":"28c2dc97-cca8-404c-ace5-e6777456ae5c","event":"debug","phase":"DISTANCE_FILTER","message":"Starting distance-to-route filtering","latency_ms":58,"data":{"all_pois_count":3269,"buffer_meters":4000}}
{"timestamp":"2026-02-14 01:26:31.000000","request_id":"28c2dc97-cca8-404c-ace5-e6777456ae5c","event":"debug","phase":"DISTANCE_FILTER","message":"Filtering complete","latency_ms":80,"data":{"filtered_pois_count":6}}
{"timestamp":"2026-02-14 01:26:31.000000","request_id":"28c2dc97-cca8-404c-ace5-e6777456ae5c","event":"response_success","endpoint":"/api/pois-for-route","http_code":200,"latency_ms":81,"cache_hit":false,"cache_miss":false,"data_count":6}
{"timestamp":"2026-02-14 01:26:31.000000","request_id":"28c2dc97-cca8-404c-ace5-e6777456ae5c","event":"debug","phase":"RESPONSE","message":"Final POI count","latency_ms":82,"data":{"total_in_route":6,"returned":6,"by_category":{"restaurant":4,"temple":2}}}
{"timestamp":"2026-02-14 01:26:31.000000","request_id":"ff3b63d9-6806-4f61-9370-44f83ab62c10","event":"request_start","endpoint":"/api/pois-for-route","method":"POST","ip_address":"127.0.0.1","user_id":null}
{"timestamp":"2026-02-14 01:26:31.000000","request_id":"ff3b63d9-6806-4f61-9370-44f83ab62c10","event":"debug","phase":"VALIDATION","message":"Polyline received","latency_ms":0,"data":{"point_count":11}}
{"timestamp":"2026-02-14 01:26:31.000000","request_id":"ff3b63d9-6806-4f61-9370-44f83ab62c10","event":"debug","phase":"VALIDATION","message":"Input validated","latency_ms":0,"data":{"polyline_points":11,"categories":["temple","restaurant"],"radius_km":3}}
{"timestamp":"2026-02-14 01:26:31.000000","request_id":"ff3b63d9-6806-4f61-9370-44f83ab62c10","event":"debug","phase":"BBOX_QUERY","message":"Executing spatial query","latency_ms":1,"data":{"min_lat":19.02797197297297,"max_lat":28.640922027027027,"min_lng":72.84217697297296,"max_lng":77.23603302702703,"categories":["temple","restaurant"]}}
{"timestamp":"2026-02-14 01:26:31.000000","request_id":"ff3b63d9-6806-4f61-9370-44f83ab62c10","event":"debug","phase":"BBOX_RESULT","message":"Bounding box query completed","latency_ms":57,"data":{"pois_in_bbox":3251}}
{"timestamp":"2026-02-14 01:26:31.000000","request_id":"ff3b63d9-6806-4f61-9370-44f83ab62c10","event":"debug","phase":"DISTANCE_FILTER","message":"Starting distance-to-route filtering","latency_ms":57,"data":{"all_pois_count":3251,"buffer_meters":3000}}
{"timestamp":"2026-02-14 01:26:31.000000","request_id":"ff3b63d9-6806-4f61-9370-44f83ab62c10","event":"debug","phase":"DISTANCE_FILTER","message":"Filtering complete","latency_ms":80,"data":{"filtered_pois_count":2}}
{"timestamp":"2026-02-14 01:26:31.000000","request_id":"ff3b63d9-6806-4f61-9370-44f83ab62c10","event":"response_success","endpoint":"/api/pois-for-route","http_code":200,"latency_ms":81,"cache_hit":false,"cache_miss":false,"data_count":2}
{"timestamp":"2026-02-14 01:26:31.000000","request_id":"ff3b63d9-6806-4f61-9370-44f83ab62c10","event":"debug","phase":"RESPONSE","message":"Final POI count","latency_ms":81,"data":{"total_in_route":2,"returned":2,"by_category":{"temple":2}}}
{"timestamp":"2026-02-14 01:26:31.000000","request_id":"a9eb9fce-6802-4df1-b65a-24cdd3ef57a9","event":"request_start","endpoint":"/api/pois-for-route","method":"POST","ip_address":"127.0.0.1","user_id":null}
{"timestamp":"2026-02-14 01:26:31.000000","request_id":"a9eb9fce-6802-4df1-b65a-24cdd3ef57a9","event":"debug","phase":"VALIDATION","message":"Polyline received","latency_ms":0,"data":{"point_count":11}}
{"timestamp":"2026-02-14 01:26:31.000000","request_id":"a9eb9fce-6802-4df1-b65a-24cdd3ef57a9","event":"debug","phase":"VALIDATION","message":"Input validated","latency_ms":1,"data":{"polyline_points":11,"categories":["temple","restaurant"],"radius_km":2}}
{"timestamp":"2026-02-14 01:26:31.000000","request_id":"a9eb9fce-6802-4df1-b65a-24cdd3ef57a9","event":"debug","phase":"BBOX_QUERY","message":"Executing spatial query","latency_ms":1,"data":{"min_lat":19.03698098198198,"max_lat":28.631913018018018,"min_lng":72.85118598198198,"max_lng":77.22702401801801,"categories":["temple","restaurant"]}}
{"timestamp":"2026-02-14 01:26:31.000000","request_id":"a9eb9fce-6802-4df1-b65a-24cdd3ef57a9","event":"debug","phase":"BBOX_RESULT","message":"Bounding box query completed","latency_ms":60,"data":{"pois_in_bbox":3222}}
{"timestamp":"2026-02-14 01:26:31.000000","request_id":"a9eb9fce-6802-4df1-b65a-24cdd3ef57a9","event":"debug","phase":"DISTANCE_FILTER","message":"Starting distance-to-route filtering","latency_ms":60,"data":{"all_pois_count":3222,"buffer_meters":2000}}
{"timestamp":"2026-02-14 01:26:31.000000","request_id":"a9eb9fce-6802-4df1-b65a-24cdd3ef57a9","event":"debug","phase":"DISTANCE_FILTER","message":"Filtering complete","latency_ms":82,"data":{"filtered_pois_count":0}}
{"timestamp":"2026-02-14 01:26:31.000000","request_id":"a9eb9fce-6802-4df1-b65a-24cdd3ef57a9","event":"response_error","endpoint":"/api/pois-for-route","http_code":200,"error_code":"POI_ZERO_RESULTS","message":"No POIs found within criteria","latency_ms":83,"user_id":null,"details":null}
{"timestamp":"2026-02-14 01:26:31.000000","request_id":"a9eb9fce-6802-4df1-b65a-24cdd3ef57a9","event":"debug","phase":"RESPONSE","message":"Final POI count","latency_ms":83,"data":{"total_in_route":0,"returned":0,"by_category":[]}}
{"timestamp":"2026-02-14 01:26:31.000000","request_id":"73bcb137-07cc-4245-9535-80b5e88c823c","event":"request_start","endpoint":"/api/pois-for-route","method":"POST","ip_address":"127.0.0.1","user_id":null}
{"timestamp":"2026-02-14 01:26:31.000000","request_id":"73bcb137-07cc-4245-9535-80b5e88c823c","event":"debug","phase":"VALIDATION","message":"Polyline received","latency_ms":0,"data":{"point_count":11}}
{"timestamp":"2026-02-14 01:26:31.000000","request_id":"73bcb137-07cc-4245-9535-80b5e88c823c","event":"debug","phase":"VALIDATION","message":"Input validated","latency_ms":0,"data":{"polyline_points":11,"categories":["temple","restaurant"],"radius_km":1}}
{"timestamp":"2026-02-14 01:26:31.000000","request_id":"73bcb137-07cc-4245-9535-80b5e88c823c","event":"debug","phase":"BBOX_QUERY","message":"Executing spatial query","latency_ms":1,"data":{"min_lat":19.04598999099099,"max_lat":28.62290400900901,"min_lng":72.86019499099099,"max_lng":77.21801500900901,"categories":["temple","restaurant"]}}
{"timestamp":"2026-02-14 01:26:31.000000","request_id":"73bcb137-07cc-4245-9535-80b5e88c823c","event":"debug","phase":"BBOX_RESULT","message":"Bounding box query completed","latency_ms":56,"data":{"pois_in_bbox":3201}}
{"timestamp":"2026-02-14 01:26:31.000000","request_id":"73bcb137-07cc-4245-9535-80b5e88c823c","event":"debug","phase":"DISTANCE_FILTER","message":"Starting distance-to-route filtering","latency_ms":56,"data":{"all_pois_count":3201,"buffer_meters":1000}}
{"timestamp":"2026-02-14 01:26:31.000000","request_id":"73bcb137-07cc-4245-9535-80b5e88c823c","event":"debug","phase":"DISTANCE_FILTER","message":"Filtering complete","latency_ms":80,"data":{"filtered_pois_count":0}}
{"timestamp":"2026-02-14 01:26:31.000000","request_id":"73bcb137-07cc-4245-9535-80b5e88c823c","event":"response_error","endpoint":"/api/pois-for-route","http_code":200,"error_code":"POI_ZERO_RESULTS","message":"No POIs found within criteria","latency_ms":80,"user_id":null,"details":null}
{"timestamp":"2026-02-14 01:26:31.000000","request_id":"73bcb137-07cc-4245-9535-80b5e88c823c","event":"debug","phase":"RESPONSE","message":"Final POI count","latency_ms":81,"data":{"total_in_route":0,"returned":0,"by_category":[]}}
{"timestamp":"2026-02-14 01:26:32.000000","request_id":"7a3faf8a-f3e7-4c9f-9234-9b7dbadbd19a","event":"request_start","endpoint":"/api/pois-for-route","method":"POST","ip_address":"127.0.0.1","user_id":null}
{"timestamp":"2026-02-14 01:26:32.000000","request_id":"7a3faf8a-f3e7-4c9f-9234-9b7dbadbd19a","event":"debug","phase":"VALIDATION","message":"Polyline received","latency_ms":0,"data":{"point_count":11}}
{"timestamp":"2026-02-14 01:26:32.000000","request_id":"7a3faf8a-f3e7-4c9f-9234-9b7dbadbd19a","event":"debug","phase":"VALIDATION","message":"Input validated","latency_ms":0,"data":{"polyline_points":11,"categories":["temple","restaurant"],"radius_km":2}}
{"timestamp":"2026-02-14 01:26:32.000000","request_id":"7a3faf8a-f3e7-4c9f-9234-9b7dbadbd19a","event":"debug","phase":"BBOX_QUERY","message":"Executing spatial query","latency_ms":1,"data":{"min_lat":19.03698098198198,"max_lat":28.631913018018018,"min_lng":72.85118598198198,"max_lng":77.22702401801801,"categories":["temple","restaurant"]}}
{"timestamp":"2026-02-14 01:26:32.000000","request_id":"7a3faf8a-f3e7-4c9f-9234-9b7dbadbd19a","event":"debug","phase":"BBOX_RESULT","message":"Bounding box query completed","latency_ms":58,"data":{"pois_in_bbox":3222}}
{"timestamp":"2026-02-14 01:26:32.000000","request_id":"7a3faf8a-f3e7-4c9f-9234-9b7dbadbd19a","event":"debug","phase":"DISTANCE_FILTER","message":"Starting distance-to-route filtering","latency_ms":58,"data":{"all_pois_count":3222,"buffer_meters":2000}}
{"timestamp":"2026-02-14 01:26:32.000000","request_id":"7a3faf8a-f3e7-4c9f-9234-9b7dbadbd19a","event":"debug","phase":"DISTANCE_FILTER","message":"Filtering complete","latency_ms":85,"data":{"filtered_pois_count":0}}
{"timestamp":"2026-02-14 01:26:32.000000","request_id":"7a3faf8a-f3e7-4c9f-9234-9b7dbadbd19a","event":"response_error","endpoint":"/api/pois-for-route","http_code":200,"error_code":"POI_ZERO_RESULTS","message":"No POIs found within criteria","latency_ms":85,"user_id":null,"details":null}
{"timestamp":"2026-02-14 01:26:32.000000","request_id":"7a3faf8a-f3e7-4c9f-9234-9b7dbadbd19a","event":"debug","phase":"RESPONSE","message":"Final POI count","latency_ms":86,"data":{"total_in_route":0,"returned":0,"by_category":[]}}
{"timestamp":"2026-02-14 01:26:33.000000","request_id":"0c924adc-152e-4076-9f4a-bf47cab971b5","event":"request_start","endpoint":"/api/pois-for-route","method":"POST","ip_address":"127.0.0.1","user_id":null}
{"timestamp":"2026-02-14 01:26:33.000000","request_id":"0c924adc-152e-4076-9f4a-bf47cab971b5","event":"debug","phase":"VALIDATION","message":"Polyline received","latency_ms":1,"data":{"point_count":11}}
{"timestamp":"2026-02-14 01:26:33.000000","request_id":"0c924adc-152e-4076-9f4a-bf47cab971b5","event":"debug","phase":"VALIDATION","message":"Input validated","latency_ms":2,"data":{"polyline_points":11,"categories":["temple","restaurant"],"radius_km":3}}
{"timestamp":"2026-02-14 01:26:33.000000","request_id":"0c924adc-152e-4076-9f4a-bf47cab971b5","event":"debug","phase":"BBOX_QUERY","message":"Executing spatial query","latency_ms":2,"data":{"min_lat":19.02797197297297,"max_lat":28.640922027027027,"min_lng":72.84217697297296,"max_lng":77.23603302702703,"categories":["temple","restaurant"]}}
{"timestamp":"2026-02-14 01:26:33.000000","request_id":"0c924adc-152e-4076-9f4a-bf47cab971b5","event":"debug","phase":"BBOX_RESULT","message":"Bounding box query completed","latency_ms":67,"data":{"pois_in_bbox":3251}}
{"timestamp":"2026-02-14 01:26:33.000000","request_id":"0c924adc-152e-4076-9f4a-bf47cab971b5","event":"debug","phase":"DISTANCE_FILTER","message":"Starting distance-to-route filtering","latency_ms":68,"data":{"all_pois_count":3251,"buffer_meters":3000}}
{"timestamp":"2026-02-14 01:26:33.000000","request_id":"0c924adc-152e-4076-9f4a-bf47cab971b5","event":"debug","phase":"DISTANCE_FILTER","message":"Filtering complete","latency_ms":90,"data":{"filtered_pois_count":2}}
{"timestamp":"2026-02-14 01:26:33.000000","request_id":"0c924adc-152e-4076-9f4a-bf47cab971b5","event":"response_success","endpoint":"/api/pois-for-route","http_code":200,"latency_ms":90,"cache_hit":false,"cache_miss":false,"data_count":2}
{"timestamp":"2026-02-14 01:26:33.000000","request_id":"0c924adc-152e-4076-9f4a-bf47cab971b5","event":"debug","phase":"RESPONSE","message":"Final POI count","latency_ms":90,"data":{"total_in_route":2,"returned":2,"by_category":{"temple":2}}}
{"timestamp":"2026-02-14 01:26:33.000000","request_id":"b9a8970c-8633-4a4e-8373-9ab5bdf5da79","event":"request_start","endpoint":"/api/pois-for-route","method":"POST","ip_address":"127.0.0.1","user_id":null}
{"timestamp":"2026-02-14 01:26:33.000000","request_id":"b9a8970c-8633-4a4e-8373-9ab5bdf5da79","event":"debug","phase":"VALIDATION","message":"Polyline received","latency_ms":0,"data":{"point_count":11}}
{"timestamp":"2026-02-14 01:26:33.000000","request_id":"b9a8970c-8633-4a4e-8373-9ab5bdf5da79","event":"debug","phase":"VALIDATION","message":"Input validated","latency_ms":1,"data":{"polyline_points":11,"categories":["temple","restaurant"],"radius_km":4}}
{"timestamp":"2026-02-14 01:26:33.000000","request_id":"b9a8970c-8633-4a4e-8373-9ab5bdf5da79","event":"debug","phase":"BBOX_QUERY","message":"Executing spatial query","latency_ms":2,"data":{"min_lat":19.01896296396396,"max_lat":28.649931036036037,"min_lng":72.83316796396396,"max_lng":77.24504203603604,"categories":["temple","restaurant"]}}
{"timestamp":"2026-02-14 01:26:33.000000","request_id":"b9a8970c-8633-4a4e-8373-9ab5bdf5da79","event":"debug","phase":"BBOX_RESULT","message":"Bounding box query completed","latency_ms":60,"data":{"pois_in_bbox":3269}}
{"timestamp":"2026-02-14 01:26:33.000000","request_id":"b9a8970c-8633-4a4e-8373-9ab5bdf5da79","event":"debug","phase":"DISTANCE_FILTER","message":"Starting distance-to-route filtering","latency_ms":60,"data":{"all_pois_count":3269,"buffer_meters":4000}}
{"timestamp":"2026-02-14 01:26:33.000000","request_id":"b9a8970c-8633-4a4e-8373-9ab5bdf5da79","event":"debug","phase":"DISTANCE_FILTER","message":"Filtering complete","latency_ms":83,"data":{"filtered_pois_count":6}}
{"timestamp":"2026-02-14 01:26:33.000000","request_id":"b9a8970c-8633-4a4e-8373-9ab5bdf5da79","event":"response_success","endpoint":"/api/pois-for-route","http_code":200,"latency_ms":84,"cache_hit":false,"cache_miss":false,"data_count":6}
{"timestamp":"2026-02-14 01:26:33.000000","request_id":"b9a8970c-8633-4a4e-8373-9ab5bdf5da79","event":"debug","phase":"RESPONSE","message":"Final POI count","latency_ms":84,"data":{"total_in_route":6,"returned":6,"by_category":{"restaurant":4,"temple":2}}}
{"timestamp":"2026-02-14 01:26:33.000000","request_id":"0305d161-c298-44e9-b498-fde503e13842","event":"request_start","endpoint":"/api/pois-for-route","method":"POST","ip_address":"127.0.0.1","user_id":null}
{"timestamp":"2026-02-14 01:26:33.000000","request_id":"0305d161-c298-44e9-b498-fde503e13842","event":"debug","phase":"VALIDATION","message":"Polyline received","latency_ms":4,"data":{"point_count":11}}
{"timestamp":"2026-02-14 01:26:33.000000","request_id":"0305d161-c298-44e9-b498-fde503e13842","event":"debug","phase":"VALIDATION","message":"Input validated","latency_ms":5,"data":{"polyline_points":11,"categories":["temple","restaurant"],"radius_km":5}}
{"timestamp":"2026-02-14 01:26:33.000000","request_id":"0305d161-c298-44e9-b498-fde503e13842","event":"debug","phase":"BBOX_QUERY","message":"Executing spatial query","latency_ms":5,"data":{"min_lat":19.009953954954952,"max_lat":28.658940045045046,"min_lng":72.82415895495495,"max_lng":77.25405104504505,"categories":["temple","restaurant"]}}
{"timestamp":"2026-02-14 01:26:33.000000","request_id":"0305d161-c298-44e9-b498-fde503e13842","event":"debug","phase":"BBOX_RESULT","message":"Bounding box query completed","latency_ms":68,"data":{"pois_in_bbox":3288}}
{"timestamp":"2026-02-14 01:26:33.000000","request_id":"0305d161-c298-44e9-b498-fde503e13842","event":"debug","phase":"DISTANCE_FILTER","message":"Starting distance-to-route filtering","latency_ms":69,"data":{"all_pois_count":3288,"buffer_meters":5000}}
{"timestamp":"2026-02-14 01:26:33.000000","request_id":"0305d161-c298-44e9-b498-fde503e13842","event":"debug","phase":"DISTANCE_FILTER","message":"Filtering complete","latency_ms":93,"data":{"filtered_pois_count":7}}
{"timestamp":"2026-02-14 01:26:33.000000","request_id":"0305d161-c298-44e9-b498-fde503e13842","event":"response_success","endpoint":"/api/pois-for-route","http_code":200,"latency_ms":93,"cache_hit":false,"cache_miss":false,"data_count":7}
{"timestamp":"2026-02-14 01:26:33.000000","request_id":"0305d161-c298-44e9-b498-fde503e13842","event":"debug","phase":"RESPONSE","message":"Final POI count","latency_ms":94,"data":{"total_in_route":7,"returned":7,"by_category":{"restaurant":5,"temple":2}}}
{"timestamp":"2026-02-14 01:26:33.000000","request_id":"7db8c820-eef3-4991-9e19-e460755a1a6f","event":"request_start","endpoint":"/api/pois-for-route","method":"POST","ip_address":"127.0.0.1","user_id":null}
{"timestamp":"2026-02-14 01:26:33.000000","request_id":"7db8c820-eef3-4991-9e19-e460755a1a6f","event":"debug","phase":"VALIDATION","message":"Polyline received","latency_ms":0,"data":{"point_count":11}}
{"timestamp":"2026-02-14 01:26:33.000000","request_id":"7db8c820-eef3-4991-9e19-e460755a1a6f","event":"debug","phase":"VALIDATION","message":"Input validated","latency_ms":1,"data":{"polyline_points":11,"categories":["temple","restaurant"],"radius_km":6}}
{"timestamp":"2026-02-14 01:26:33.000000","request_id":"7db8c820-eef3-4991-9e19-e460755a1a6f","event":"debug","phase":"BBOX_QUERY","message":"Executing spatial query","latency_ms":2,"data":{"min_lat":19.000944945945946,"max_lat":28.667949054054052,"min_lng":72.81514994594595,"max_lng":77.26306005405405,"categories":["temple","restaurant"]}}
{"timestamp":"2026-02-14 01:26:33.000000","request_id":"7db8c820-eef3-4991-9e19-e460755a1a6f","event":"debug","phase":"BBOX_RESULT","message":"Bounding box query completed","latency_ms":67,"data":{"pois_in_bbox":3309}}
{"timestamp":"2026-02-14 01:26:33.000000","request_id":"7db8c820-eef3-4991-9e19-e460755a1a6f","event":"debug","phase":"DISTANCE_FILTER","message":"Starting distance-to-route filtering","latency_ms":68,"data":{"all_pois_count":3309,"buffer_meters":6000}}
{"timestamp":"2026-02-14 01:26:33.000000","request_id":"7db8c820-eef3-4991-9e19-e460755a1a6f","event":"debug","phase":"DISTANCE_FILTER","message":"Filtering complete","latency_ms":98,"data":{"filtered_pois_count":11}}
{"timestamp":"2026-02-14 01:26:33.000000","request_id":"7db8c820-eef3-4991-9e19-e460755a1a6f","event":"response_success","endpoint":"/api/pois-for-route","http_code":200,"latency_ms":98,"cache_hit":false,"cache_miss":false,"data_count":11}
{"timestamp":"2026-02-14 01:26:33.000000","request_id":"7db8c820-eef3-4991-9e19-e460755a1a6f","event":"debug","phase":"RESPONSE","message":"Final POI count","latency_ms":98,"data":{"total_in_route":11,"returned":11,"by_category":{"restaurant":7,"temple":4}}}
{"timestamp":"2026-02-14 01:26:33.000000","request_id":"faf9aca3-2ec5-4e86-a31f-3fd151eaf857","event":"request_start","endpoint":"/api/pois-for-route","method":"POST","ip_address":"127.0.0.1","user_id":null}
{"timestamp":"2026-02-14 01:26:33.000000","request_id":"faf9aca3-2ec5-4e86-a31f-3fd151eaf857","event":"debug","phase":"VALIDATION","message":"Polyline received","latency_ms":0,"data":{"point_count":11}}
{"timestamp":"2026-02-14 01:26:33.000000","request_id":"faf9aca3-2ec5-4e86-a31f-3fd151eaf857","event":"debug","phase":"VALIDATION","message":"Input validated","latency_ms":0,"data":{"polyline_points":11,"categories":["temple","restaurant"],"radius_km":7}}
{"timestamp":"2026-02-14 01:26:33.000000","request_id":"faf9aca3-2ec5-4e86-a31f-3fd151eaf857","event":"debug","phase":"BBOX_QUERY","message":"Executing spatial query","latency_ms":1,"data":{"min_lat":18.991935936936937,"max_lat":28.67695806306306,"min_lng":72.80614093693693,"max_lng":77.27206906306307,"categories":["temple","restaurant"]}}
{"timestamp":"2026-02-14 01:26:33.000000","request_id":"faf9aca3-2ec5-4e86-a31f-3fd151eaf857","event":"debug","phase":"BBOX_RESULT","message":"Bounding box query completed","latency_ms":77,"data":{"pois_in_bbox":3329}}
{"timestamp":"2026-02-14 01:26:33.000000","request_id":"faf9aca3-2ec5-4e86-a31f-3fd151eaf857","event":"debug","phase":"DISTANCE_FILTER","message":"Starting distance-to-route filtering","latency_ms":78,"data":{"all_pois_count":3329,"buffer_meters":7000}}
{"timestamp":"2026-02-14 01:26:33.000000","request_id":"faf9aca3-2ec5-4e86-a31f-3fd151eaf857","event":"debug","phase":"DISTANCE_FILTER","message":"Filtering complete","latency_ms":102,"data":{"filtered_pois_count":15}}
{"timestamp":"2026-02-14 01:26:33.000000","request_id":"faf9aca3-2ec5-4e86-a31f-3fd151eaf857","event":"response_success","endpoint":"/api/pois-for-route","http_code":200,"latency_ms":103,"cache_hit":false,"cache_miss":false,"data_count":15}
{"timestamp":"2026-02-14 01:26:33.000000","request_id":"faf9aca3-2ec5-4e86-a31f-3fd151eaf857","event":"debug","phase":"RESPONSE","message":"Final POI count","latency_ms":103,"data":{"total_in_route":15,"returned":15,"by_category":{"restaurant":11,"temple":4}}}
{"timestamp":"2026-02-14 01:26:33.000000","request_id":"a1c5eb3c-3b25-43bc-9bfa-6fe430366771","event":"request_start","endpoint":"/api/pois-for-route","method":"POST","ip_address":"127.0.0.1","user_id":null}
{"timestamp":"2026-02-14 01:26:33.000000","request_id":"a1c5eb3c-3b25-43bc-9bfa-6fe430366771","event":"debug","phase":"VALIDATION","message":"Polyline received","latency_ms":0,"data":{"point_count":11}}
{"timestamp":"2026-02-14 01:26:33.000000","request_id":"a1c5eb3c-3b25-43bc-9bfa-6fe430366771","event":"debug","phase":"VALIDATION","message":"Input validated","latency_ms":0,"data":{"polyline_points":11,"categories":["temple","restaurant"],"radius_km":8}}
{"timestamp":"2026-02-14 01:26:33.000000","request_id":"a1c5eb3c-3b25-43bc-9bfa-6fe430366771","event":"debug","phase":"BBOX_QUERY","message":"Executing spatial query","latency_ms":1,"data":{"min_lat":18.982926927927927,"max_lat":28.68596707207207,"min_lng":72.79713192792792,"max_lng":77.28107807207208,"categories":["temple","restaurant"]}}
{"timestamp":"2026-02-14 01:26:34.000000","request_id":"a1c5eb3c-3b25-43bc-9bfa-6fe430366771","event":"debug","phase":"BBOX_RESULT","message":"Bounding box query completed","latency_ms":67,"data":{"pois_in_bbox":3338}}
{"timestamp":"2026-02-14 01:26:34.000000","request_id":"a1c5eb3c-3b25-43bc-9bfa-6fe430366771","event":"debug","phase":"DISTANCE_FILTER","message":"Starting distance-to-route filtering","latency_ms":68,"data":{"all_pois_count":3338,"buffer_meters":8000}}
{"timestamp":"2026-02-14 01:26:34.000000","request_id":"a1c5eb3c-3b25-43bc-9bfa-6fe430366771","event":"debug","phase":"DISTANCE_FILTER","message":"Filtering complete","latency_ms":96,"data":{"filtered_pois_count":17}}
{"timestamp":"2026-02-14 01:26:34.000000","request_id":"a1c5eb3c-3b25-43bc-9bfa-6fe430366771","event":"response_success","endpoint":"/api/pois-for-route","http_code":200,"latency_ms":97,"cache_hit":false,"cache_miss":false,"data_count":17}
{"timestamp":"2026-02-14 01:26:34.000000","request_id":"a1c5eb3c-3b25-43bc-9bfa-6fe430366771","event":"debug","phase":"RESPONSE","message":"Final POI count","latency_ms":97,"data":{"total_in_route":17,"returned":17,"by_category":{"restaurant":12,"temple":5}}}
{"timestamp":"2026-02-14 01:26:34.000000","request_id":"74d97252-ee95-4701-a4df-13ab784555bf","event":"request_start","endpoint":"/api/pois-for-route","method":"POST","ip_address":"127.0.0.1","user_id":null}
{"timestamp":"2026-02-14 01:26:34.000000","request_id":"74d97252-ee95-4701-a4df-13ab784555bf","event":"debug","phase":"VALIDATION","message":"Polyline received","latency_ms":0,"data":{"point_count":11}}
{"timestamp":"2026-02-14 01:26:34.000000","request_id":"74d97252-ee95-4701-a4df-13ab784555bf","event":"debug","phase":"VALIDATION","message":"Input validated","latency_ms":0,"data":{"polyline_points":11,"categories":["temple","restaurant"],"radius_km":9}}
{"timestamp":"2026-02-14 01:26:34.000000","request_id":"74d97252-ee95-4701-a4df-13ab784555bf","event":"debug","phase":"BBOX_QUERY","message":"Executing spatial query","latency_ms":1,"data":{"min_lat":18.973917918918918,"max_lat":28.69497608108108,"min_lng":72.78812291891892,"max_lng":77.29008708108108,"categories":["temple","restaurant"]}}
{"timestamp":"2026-02-14 01:26:34.000000","request_id":"74d97252-ee95-4701-a4df-13ab784555bf","event":"debug","phase":"BBOX_RESULT","message":"Bounding box query completed","latency_ms":63,"data":{"pois_in_bbox":3358}}
{"timestamp":"2026-02-14 01:26:34.000000","request_id":"74d97252-ee95-4701-a4df-13ab784555bf","event":"debug","phase":"DISTANCE_FILTER","message":"Starting distance-to-route filtering","latency_ms":63,"data":{"all_pois_count":3358,"buffer_meters":9000}}
{"timestamp":"2026-02-14 01:26:34.000000","request_id":"74d97252-ee95-4701-a4df-13ab784555bf","event":"debug","phase":"DISTANCE_FILTER","message":"Filtering complete","latency_ms":89,"data":{"filtered_pois_count":19}}
{"timestamp":"2026-02-14 01:26:34.000000","request_id":"74d97252-ee95-4701-a4df-13ab784555bf","event":"response_success","endpoint":"/api/pois-for-route","http_code":200,"latency_ms":90,"cache_hit":false,"cache_miss":false,"data_count":19}
{"timestamp":"2026-02-14 01:26:34.000000","request_id":"74d97252-ee95-4701-a4df-13ab784555bf","event":"debug","phase":"RESPONSE","message":"Final POI count","latency_ms":90,"data":{"total_in_route":19,"returned":19,"by_category":{"restaurant":13,"temple":6}}}
{"timestamp":"2026-02-14 01:26:34.000000","request_id":"05c12f00-dd06-4541-874d-9519b44f5cb8","event":"request_start","endpoint":"/api/pois-for-route","method":"POST","ip_address":"127.0.0.1","user_id":null}
{"timestamp":"2026-02-14 01:26:34.000000","request_id":"05c12f00-dd06-4541-874d-9519b44f5cb8","event":"debug","phase":"VALIDATION","message":"Polyline received","latency_ms":0,"data":{"point_count":11}}
{"timestamp":"2026-02-14 01:26:34.000000","request_id":"05c12f00-dd06-4541-874d-9519b44f5cb8","event":"debug","phase":"VALIDATION","message":"Input validated","latency_ms":0,"data":{"polyline_points":11,"categories":["temple","restaurant"],"radius_km":10}}
{"timestamp":"2026-02-14 01:26:34.000000","request_id":"05c12f00-dd06-4541-874d-9519b44f5cb8","event":"debug","phase":"BBOX_QUERY","message":"Executing spatial query","latency_ms":1,"data":{"min_lat":18.96490890990991,"max_lat":28.70398509009009,"min_lng":72.77911390990991,"max_lng":77.29909609009009,"categories":["temple","restaurant"]}}
{"timestamp":"2026-02-14 01:26:34.000000","request_id":"05c12f00-dd06-4541-874d-9519b44f5cb8","event":"debug","phase":"BBOX_RESULT","message":"Bounding box query completed","latency_ms":61,"data":{"pois_in_bbox":3373}}
{"timestamp":"2026-02-14 01:26:34.000000","request_id":"05c12f00-dd06-4541-874d-9519b44f5cb8","event":"debug","phase":"DISTANCE_FILTER","message":"Starting distance-to-route filtering","latency_ms":61,"data":{"all_pois_count":3373,"buffer_meters":10000}}
{"timestamp":"2026-02-14 01:26:34.000000","request_id":"05c12f00-dd06-4541-874d-9519b44f5cb8","event":"debug","phase":"DISTANCE_FILTER","message":"Filtering complete","latency_ms":87,"data":{"filtered_pois_count":25}}
{"timestamp":"2026-02-14 01:26:34.000000","request_id":"05c12f00-dd06-4541-874d-9519b44f5cb8","event":"response_success","endpoint":"/api/pois-for-route","http_code":200,"latency_ms":88,"cache_hit":false,"cache_miss":false,"data_count":25}
{"timestamp":"2026-02-14 01:26:34.000000","request_id":"05c12f00-dd06-4541-874d-9519b44f5cb8","event":"debug","phase":"RESPONSE","message":"Final POI count","latency_ms":88,"data":{"total_in_route":25,"returned":25,"by_category":{"restaurant":18,"temple":7}}}
{"timestamp":"2026-02-14 01:26:34.000000","request_id":"01fe390c-e9fd-472a-ad54-376650ebfd4c","event":"request_start","endpoint":"/api/pois-for-route","method":"POST","ip_address":"127.0.0.1","user_id":null}
{"timestamp":"2026-02-14 01:26:34.000000","request_id":"01fe390c-e9fd-472a-ad54-376650ebfd4c","event":"debug","phase":"VALIDATION","message":"Polyline received","latency_ms":0,"data":{"point_count":11}}
{"timestamp":"2026-02-14 01:26:34.000000","request_id":"01fe390c-e9fd-472a-ad54-376650ebfd4c","event":"debug","phase":"VALIDATION","message":"Input validated","latency_ms":0,"data":{"polyline_points":11,"categories":["temple","restaurant"],"radius_km":11}}
{"timestamp":"2026-02-14 01:26:34.000000","request_id":"01fe390c-e9fd-472a-ad54-376650ebfd4c","event":"debug","phase":"BBOX_QUERY","message":"Executing spatial query","latency_ms":1,"data":{"min_lat":18.9558999009009,"max_lat":28.7129940990991,"min_lng":72.7701049009009,"max_lng":77.3081050990991,"categories":["temple","restaurant"]}}
{"timestamp":"2026-02-14 01:26:34.000000","request_id":"01fe390c-e9fd-472a-ad54-376650ebfd4c","event":"debug","phase":"BBOX_RESULT","message":"Bounding box query completed","latency_ms":59,"data":{"pois_in_bbox":3398}}
{"timestamp":"2026-02-14 01:26:34.000000","request_id":"01fe390c-e9fd-472a-ad54-376650ebfd4c","event":"debug","phase":"DISTANCE_FILTER","message":"Starting distance-to-route filtering","latency_ms":60,"data":{"all_pois_count":3398,"buffer_meters":11000}}
{"timestamp":"2026-02-14 01:26:34.000000","request_id":"01fe390c-e9fd-472a-ad54-376650ebfd4c","event":"debug","phase":"DISTANCE_FILTER","message":"Filtering complete","latency_ms":83,"data":{"filtered_pois_count":35}}
{"timestamp":"2026-02-14 01:26:34.000000","request_id":"01fe390c-e9fd-472a-ad54-376650ebfd4c","event":"response_success","endpoint":"/api/pois-for-route","http_code":200,"latency_ms":84,"cache_hit":false,"cache_miss":false,"data_count":35}
{"timestamp":"2026-02-14 01:26:34.000000","request_id":"01fe390c-e9fd-472a-ad54-376650ebfd4c","event":"debug","phase":"RESPONSE","message":"Final POI count","latency_ms":84,"data":{"total_in_route":35,"returned":35,"by_category":{"restaurant":23,"temple":12}}}
{"timestamp":"2026-02-14 01:26:34.000000","request_id":"db6e0272-f976-4d0f-92c0-334ea60aa524","event":"request_start","endpoint":"/api/pois-for-route","method":"POST","ip_address":"127.0.0.1","user_id":null}
{"timestamp":"2026-02-14 01:26:34.000000","request_id":"db6e0272-f976-4d0f-92c0-334ea60aa524","event":"debug","phase":"VALIDATION","message":"Polyline received","latency_ms":0,"data":{"point_count":11}}
{"timestamp":"2026-02-14 01:26:34.000000","request_id":"db6e0272-f976-4d0f-92c0-334ea60aa524","event":"debug","phase":"VALIDATION","message":"Input validated","latency_ms":0,"data":{"polyline_points":11,"categories":["temple","restaurant"],"radius_km":12}}
{"timestamp":"2026-02-14 01:26:34.000000","request_id":"db6e0272-f976-4d0f-92c0-334ea60aa524","event":"debug","phase":"BBOX_QUERY","message":"Executing spatial query","latency_ms":1,"data":{"min_lat":18.94689089189189,"max_lat":28.722003108108108,"min_lng":72.76109589189188,"max_lng":77.31711410810811,"categories":["temple","restaurant"]}}
{"timestamp":"2026-02-14 01:26:34.000000","request_id":"db6e0272-f976-4d0f-92c0-334ea60aa524","event":"debug","phase":"BBOX_RESULT","message":"Bounding box query completed","latency_ms":67,"data":{"pois_in_bbox":3421}}
{"timestamp":"2026-02-14 01:26:34.000000","request_id":"db6e0272-f976-4d0f-92c0-334ea60aa524","event":"debug","phase":"DISTANCE_FILTER","message":"Starting distance-to-route filtering","latency_ms":67,"data":{"all_pois_count":3421,"buffer_meters":12000}}
{"timestamp":"2026-02-14 01:26:34.000000","request_id":"db6e0272-f976-4d0f-92c0-334ea60aa524","event":"debug","phase":"DISTANCE_FILTER","message":"Filtering complete","latency_ms":91,"data":{"filtered_pois_count":39}}
{"timestamp":"2026-02-14 01:26:34.000000","request_id":"db6e0272-f976-4d0f-92c0-334ea60aa524","event":"response_success","endpoint":"/api/pois-for-route","http_code":200,"latency_ms":92,"cache_hit":false,"cache_miss":false,"data_count":39}
{"timestamp":"2026-02-14 01:26:34.000000","request_id":"db6e0272-f976-4d0f-92c0-334ea60aa524","event":"debug","phase":"RESPONSE","message":"Final POI count","latency_ms":92,"data":{"total_in_route":39,"returned":39,"by_category":{"restaurant":26,"temple":13}}}
{"timestamp":"2026-02-14 01:26:34.000000","request_id":"b6e75ca9-3113-431b-ac21-001421169a5c","event":"request_start","endpoint":"/api/pois-for-route","method":"POST","ip_address":"127.0.0.1","user_id":null}
{"timestamp":"2026-02-14 01:26:34.000000","request_id":"b6e75ca9-3113-431b-ac21-001421169a5c","event":"debug","phase":"VALIDATION","message":"Polyline received","latency_ms":0,"data":{"point_count":11}}
{"timestamp":"2026-02-14 01:26:34.000000","request_id":"b6e75ca9-3113-431b-ac21-001421169a5c","event":"debug","phase":"VALIDATION","message":"Input validated","latency_ms":0,"data":{"polyline_points":11,"categories":["temple","restaurant"],"radius_km":13}}
{"timestamp":"2026-02-14 01:26:34.000000","request_id":"b6e75ca9-3113-431b-ac21-001421169a5c","event":"debug","phase":"BBOX_QUERY","message":"Executing spatial query","latency_ms":2,"data":{"min_lat":18.93788188288288,"max_lat":28.731012117117118,"min_lng":72.75208688288288,"max_lng":77.32612311711712,"categories":["temple","restaurant"]}}
{"timestamp":"2026-02-14 01:26:34.000000","request_id":"b6e75ca9-3113-431b-ac21-001421169a5c","event":"debug","phase":"BBOX_RESULT","message":"Bounding box query completed","latency_ms":63,"data":{"pois_in_bbox":3449}}
{"timestamp":"2026-02-14 01:26:34.000000","request_id":"b6e75ca9-3113-431b-ac21-001421169a5c","event":"debug","phase":"DISTANCE_FILTER","message":"Starting distance-to-route filtering","latency_ms":63,"data":{"all_pois_count":3449,"buffer_meters":13000}}
{"timestamp":"2026-02-14 01:26:34.000000","request_id":"b6e75ca9-3113-431b-ac21-001421169a5c","event":"debug","phase":"DISTANCE_FILTER","message":"Filtering complete","latency_ms":87,"data":{"filtered_pois_count":45}}
{"timestamp":"2026-02-14 01:26:34.000000","request_id":"b6e75ca9-3113-431b-ac21-001421169a5c","event":"response_success","endpoint":"/api/pois-for-route","http_code":200,"latency_ms":88,"cache_hit":false,"cache_miss":false,"data_count":45}
{"timestamp":"2026-02-14 01:26:34.000000","request_id":"b6e75ca9-3113-431b-ac21-001421169a5c","event":"debug","phase":"RESPONSE","message":"Final POI count","latency_ms":88,"data":{"total_in_route":45,"returned":45,"by_category":{"restaurant":30,"temple":15}}}
{"timestamp":"2026-02-14 01:26:34.000000","request_id":"ba1bbc50-c88d-4ce7-aa78-86c199154e4a","event":"request_start","endpoint":"/api/pois-for-route","method":"POST","ip_address":"127.0.0.1","user_id":null}
{"timestamp":"2026-02-14 01:26:34.000000","request_id":"ba1bbc50-c88d-4ce7-aa78-86c199154e4a","event":"debug","phase":"VALIDATION","message":"Polyline received","latency_ms":0,"data":{"point_count":11}}
{"timestamp":"2026-02-14 01:26:34.000000","request_id":"ba1bbc50-c88d-4ce7-aa78-86c199154e4a","event":"debug","phase":"VALIDATION","message":"Input validated","latency_ms":0,"data":{"polyline_points":11,"categories":["temple","restaurant"],"radius_km":14}}
{"timestamp":"2026-02-14 01:26:34.000000","request_id":"ba1bbc50-c88d-4ce7-aa78-86c199154e4a","event":"debug","phase":"BBOX_QUERY","message":"Executing spatial query","latency_ms":1,"data":{"min_lat":18.92887287387387,"max_lat":28.740021126126127,"min_lng":72.74307787387387,"max_lng":77.33513212612613,"categories":["temple","restaurant"]}}
{"timestamp":"2026-02-14 01:26:34.000000","request_id":"ba1bbc50-c88d-4ce7-aa78-86c199154e4a","event":"debug","phase":"BBOX_RESULT","message":"Bounding box query completed","latency_ms":75,"data":{"pois_in_bbox":3469}}
{"timestamp":"2026-02-14 01:26:34.000000","request_id":"ba1bbc50-c88d-4ce7-aa78-86c199154e4a","event":"debug","phase":"DISTANCE_FILTER","message":"Starting distance-to-route filtering","latency_ms":75,"data":{"all_pois_count":3469,"buffer_meters":14000}}
{"timestamp":"2026-02-14 01:26:34.000000","request_id":"ba1bbc50-c88d-4ce7-aa78-86c199154e4a","event":"debug","phase":"DISTANCE_FILTER","message":"Filtering complete","latency_ms":102,"data":{"filtered_pois_count":50}}
{"timestamp":"2026-02-14 01:26:34.000000","request_id":"ba1bbc50-c88d-4ce7-aa78-86c199154e4a","event":"response_success","endpoint":"/api/pois-for-route","http_code":200,"latency_ms":103,"cache_hit":false,"cache_miss":false,"data_count":50}
{"timestamp":"2026-02-14 01:26:34.000000","request_id":"ba1bbc50-c88d-4ce7-aa78-86c199154e4a","event":"debug","phase":"RESPONSE","message":"Final POI count","latency_ms":103,"data":{"total_in_route":50,"returned":50,"by_category":{"restaurant":35,"temple":15}}}
{"timestamp":"2026-02-14 01:26:34.000000","request_id":"644a32e9-60b4-4101-b942-4d97cf27d076","event":"request_start","endpoint":"/api/pois-for-route","method":"POST","ip_address":"127.0.0.1","user_id":null}
{"timestamp":"2026-02-14 01:26:34.000000","request_id":"644a32e9-60b4-4101-b942-4d97cf27d076","event":"debug","phase":"VALIDATION","message":"Polyline received","latency_ms":0,"data":{"point_count":11}}
{"timestamp":"2026-02-14 01:26:34.000000","request_id":"644a32e9-60b4-4101-b942-4d97cf27d076","event":"debug","phase":"VALIDATION","message":"Input validated","latency_ms":0,"data":{"polyline_points":11,"categories":["temple","restaurant"],"radius_km":15}}
{"timestamp":"2026-02-14 01:26:34.000000","request_id":"644a32e9-60b4-4101-b942-4d97cf27d076","event":"debug","phase":"BBOX_QUERY","message":"Executing spatial query","latency_ms":1,"data":{"min_lat":18.919863864864862,"max_lat":28.749030135135136,"min_lng":72.73406886486487,"max_lng":77.34414113513513,"categories":["temple","restaurant"]}}
{"timestamp":"2026-02-14 01:26:34.000000","request_id":"644a32e9-60b4-4101-b942-4d97cf27d076","event":"debug","phase":"BBOX_RESULT","message":"Bounding box query completed","latency_ms":63,"data":{"pois_in_bbox":3484}}
{"timestamp":"2026-02-14 01:26:34.000000","request_id":"644a32e9-60b4-4101-b942-4d97cf27d076","event":"debug","phase":"DISTANCE_FILTER","message":"Starting distance-to-route filtering","latency_ms":63,"data":{"all_pois_count":3484,"buffer_meters":15000}}
{"timestamp":"2026-02-14 01:26:34.000000","request_id":"644a32e9-60b4-4101-b942-4d97cf27d076","event":"debug","phase":"DISTANCE_FILTER","message":"Filtering complete","latency_ms":92,"data":{"filtered_pois_count":63}}
{"timestamp":"2026-02-14 01:26:34.000000","request_id":"644a32e9-60b4-4101-b942-4d97cf27d076","event":"response_success","endpoint":"/api/pois-for-route","http_code":200,"latency_ms":92,"cache_hit":false,"cache_miss":false,"data_count":63}
{"timestamp":"2026-02-14 01:26:34.000000","request_id":"644a32e9-60b4-4101-b942-4d97cf27d076","event":"debug","phase":"RESPONSE","message":"Final POI count","latency_ms":93,"data":{"total_in_route":63,"returned":63,"by_category":{"restaurant":45,"temple":18}}}
{"timestamp":"2026-02-14 01:26:34.000000","request_id":"82dc29d6-9a1b-49ec-8c03-4292821204a6","event":"request_start","endpoint":"/api/pois-for-route","method":"POST","ip_address":"127.0.0.1","user_id":null}
{"timestamp":"2026-02-14 01:26:34.000000","request_id":"82dc29d6-9a1b-49ec-8c03-4292821204a6","event":"debug","phase":"VALIDATION","message":"Polyline received","latency_ms":0,"data":{"point_count":11}}
{"timestamp":"2026-02-14 01:26:34.000000","request_id":"82dc29d6-9a1b-49ec-8c03-4292821204a6","event":"debug","phase":"VALIDATION","message":"Input validated","latency_ms":0,"data":{"polyline_points":11,"categories":["temple","restaurant"],"radius_km":16}}
{"timestamp":"2026-02-14 01:26:34.000000","request_id":"82dc29d6-9a1b-49ec-8c03-4292821204a6","event":"debug","phase":"BBOX_QUERY","message":"Executing spatial query","latency_ms":1,"data":{"min_lat":18.910854855855856,"max_lat":28.758039144144142,"min_lng":72.72505985585585,"max_lng":77.35315014414415,"categories":["temple","restaurant"]}}
{"timestamp":"2026-02-14 01:26:34.000000","request_id":"82dc29d6-9a1b-49ec-8c03-4292821204a6","event":"debug","phase":"BBOX_RESULT","message":"Bounding box query completed","latency_ms":59,"data":{"pois_in_bbox":3510}}
{"timestamp":"2026-02-14 01:26:34.000000","request_id":"82dc29d6-9a1b-49ec-8c03-4292821204a6","event":"debug","phase":"DISTANCE_FILTER","message":"Starting distance-to-route filtering","latency_ms":59,"data":{"all_pois_count":3510,"buffer_meters":16000}}
{"timestamp":"2026-02-14 01:26:34.000000","request_id":"82dc29d6-9a1b-49ec-8c03-4292821204a6","event":"debug","phase":"DISTANCE_FILTER","message":"Filtering complete","latency_ms":85,"data":{"filtered_pois_count":70}}
{"timestamp":"2026-02-14 01:26:34.000000","request_id":"82dc29d6-9a1b-49ec-8c03-4292821204a6","event":"response_success","endpoint":"/api/pois-for-route","http_code":200,"latency_ms":86,"cache_hit":false,"cache_miss":false,"data_count":70}
{"timestamp":"2026-02-14 01:26:34.000000","request_id":"82dc29d6-9a1b-49ec-8c03-4292821204a6","event":"debug","phase":"RESPONSE","message":"Final POI count","latency_ms":86,"data":{"total_in_route":70,"returned":70,"by_category":{"restaurant":49,"temple":21}}}
{"timestamp":"2026-02-14 01:26:34.000000","request_id":"0b8197ff-93f7-4ae7-a3e1-34c79fcd79e9","event":"request_start","endpoint":"/api/pois-for-route","method":"POST","ip_address":"127.0.0.1","user_id":null}
{"timestamp":"2026-02-14 01:26:34.000000","request_id":"0b8197ff-93f7-4ae7-a3e1-34c79fcd79e9","event":"debug","phase":"VALIDATION","message":"Polyline received","latency_ms":0,"data":{"point_count":11}}
{"timestamp":"2026-02-14 01:26:34.000000","request_id":"0b8197ff-93f7-4ae7-a3e1-34c79fcd79e9","event":"debug","phase":"VALIDATION","message":"Input validated","latency_ms":0,"data":{"polyline_points":11,"categories":["temple","restaurant"],"radius_km":17}}
{"timestamp":"2026-02-14 01:26:34.000000","request_id":"0b8197ff-93f7-4ae7-a3e1-34c79fcd79e9","event":"debug","phase":"BBOX_QUERY","message":"Executing spatial query","latency_ms":0,"data":{"min_lat":18.901845846846847,"max_lat":28.76704815315315,"min_lng":72.71605084684684,"max_lng":77.36215915315316,"categories":["temple","restaurant"]}}
{"timestamp":"2026-02-14 01:26:34.000000","request_id":"0b8197ff-93f7-4ae7-a3e1-34c79fcd79e9","event":"debug","phase":"BBOX_RESULT","message":"Bounding box query completed","latency_ms":63,"data":{"pois_in_bbox":3534}}
{"timestamp":"2026-02-14 01:26:34.000000","request_id":"0b8197ff-93f7-4ae7-a3e1-34c79fcd79e9","event":"debug","phase":"DISTANCE_FILTER","message":"Starting distance-to-route filtering","latency_ms":64,"data":{"all_pois_count":3534,"buffer_meters":17000}}
{"timestamp":"2026-02-14 01:26:34.000000","request_id":"0b8197ff-93f7-4ae7-a3e1-34c79fcd79e9","event":"debug","phase":"DISTANCE_FILTER","message":"Filtering complete","latency_ms":89,"data":{"filtered_pois_count":81}}
{"timestamp":"2026-02-14 01:26:34.000000","request_id":"0b8197ff-93f7-4ae7-a3e1-34c79fcd79e9","event":"response_success","endpoint":"/api/pois-for-route","http_code":200,"latency_ms":89,"cache_hit":false,"cache_miss":false,"data_count":81}
{"timestamp":"2026-02-14 01:26:34.000000","request_id":"0b8197ff-93f7-4ae7-a3e1-34c79fcd79e9","event":"debug","phase":"RESPONSE","message":"Final POI count","latency_ms":90,"data":{"total_in_route":81,"returned":81,"by_category":{"restaurant":58,"temple":23}}}
{"timestamp":"2026-02-14 01:26:34.000000","request_id":"1ce42704-4c1a-4469-9ccd-cfcb512fe249","event":"request_start","endpoint":"/api/pois-for-route","method":"POST","ip_address":"127.0.0.1","user_id":null}
{"timestamp":"2026-02-14 01:26:34.000000","request_id":"1ce42704-4c1a-4469-9ccd-cfcb512fe249","event":"debug","phase":"VALIDATION","message":"Polyline received","latency_ms":0,"data":{"point_count":11}}
{"timestamp":"2026-02-14 01:26:34.000000","request_id":"1ce42704-4c1a-4469-9ccd-cfcb512fe249","event":"debug","phase":"VALIDATION","message":"Input validated","latency_ms":0,"data":{"polyline_points":11,"categories":["temple","restaurant"],"radius_km":18}}
{"timestamp":"2026-02-14 01:26:34.000000","request_id":"1ce42704-4c1a-4469-9ccd-cfcb512fe249","event":"debug","phase":"BBOX_QUERY","message":"Executing spatial query","latency_ms":1,"data":{"min_lat":18.892836837837837,"max_lat":28.77605716216216,"min_lng":72.70704183783783,"max_lng":77.37116816216216,"categories":["temple","restaurant"]}}
{"timestamp":"2026-02-14 01:26:35.000000","request_id":"1ce42704-4c1a-4469-9ccd-cfcb512fe249","event":"debug","phase":"BBOX_RESULT","message":"Bounding box query completed","latency_ms":59,"data":{"pois_in_bbox":3555}}
{"timestamp":"2026-02-14 01:26:35.000000","request_id":"1ce42704-4c1a-4469-9ccd-cfcb512fe249","event":"debug","phase":"DISTANCE_FILTER","message":"Starting distance-to-route filtering","latency_ms":59,"data":{"all_pois_count":3555,"buffer_meters":18000}}
{"timestamp":"2026-02-14 01:26:35.000000","request_id":"1ce42704-4c1a-4469-9ccd-cfcb512fe249","event":"debug","phase":"DISTANCE_FILTER","message":"Filtering complete","latency_ms":85,"data":{"filtered_pois_count":92}}
{"timestamp":"2026-02-14 01:26:35.000000","request_id":"1ce42704-4c1a-4469-9ccd-cfcb512fe249","event":"response_success","endpoint":"/api/pois-for-route","http_code":200,"latency_ms":86,"cache_hit":false,"cache_miss":false,"data_count":92}
{"timestamp":"2026-02-14 01:26:35.000000","request_id":"1ce42704-4c1a-4469-9ccd-cfcb512fe249","event":"debug","phase":"RESPONSE","message":"Final POI count","latency_ms":86,"data":{"total_in_route":92,"returned":92,"by_category":{"restaurant":64,"temple":28}}}
{"timestamp":"2026-02-14 01:26:35.000000","request_id":"8f202af8-c620-49dc-857d-694be744eb58","event":"request_start","endpoint":"/api/pois-for-route","method":"POST","ip_address":"127.0.0.1","user_id":null}
{"timestamp":"2026-02-14 01:26:35.000000","request_id":"8f202af8-c620-49dc-857d-694be744eb58","event":"debug","phase":"VALIDATION","message":"Polyline received","latency_ms":0,"data":{"point_count":11}}
{"timestamp":"2026-02-14 01:26:35.000000","request_id":"8f202af8-c620-49dc-857d-694be744eb58","event":"debug","phase":"VALIDATION","message":"Input validated","latency_ms":0,"data":{"polyline_points":11,"categories":["temple","restaurant"],"radius_km":19}}
{"timestamp":"2026-02-14 01:26:35.000000","request_id":"8f202af8-c620-49dc-857d-694be744eb58","event":"debug","phase":"BBOX_QUERY","message":"Executing spatial query","latency_ms":1,"data":{"min_lat":18.883827828828828,"max_lat":28.78506617117117,"min_lng":72.69803282882883,"max_lng":77.38017717117117,"categories":["temple","restaurant"]}}
{"timestamp":"2026-02-14 01:26:35.000000","request_id":"8f202af8-c620-49dc-857d-694be744eb58","event":"debug","phase":"BBOX_RESULT","message":"Bounding box query completed","latency_ms":73,"data":{"pois_in_bbox":3570}}
{"timestamp":"2026-02-14 01:26:35.000000","request_id":"8f202af8-c620-49dc-857d-694be744eb58","event":"debug","phase":"DISTANCE_FILTER","message":"Starting distance-to-route filtering","latency_ms":73,"data":{"all_pois_count":3570,"buffer_meters":19000}}
{"timestamp":"2026-02-14 01:26:35.000000","request_id":"8f202af8-c620-49dc-857d-694be744eb58","event":"debug","phase":"DISTANCE_FILTER","message":"Filtering complete","latency_ms":97,"data":{"filtered_pois_count":102}}
{"timestamp":"2026-02-14 01:26:35.000000","request_id":"8f202af8-c620-49dc-857d-694be744eb58","event":"response_success","endpoint":"/api/pois-for-route","http_code":200,"latency_ms":98,"cache_hit":false,"cache_miss":false,"data_count":100}
{"timestamp":"2026-02-14 01:26:35.000000","request_id":"8f202af8-c620-49dc-857d-694be744eb58","event":"debug","phase":"RESPONSE","message":"Final POI count","latency_ms":98,"data":{"total_in_route":102,"returned":100,"by_category":{"restaurant":71,"temple":31}}}
{"timestamp":"2026-02-14 01:26:35.000000","request_id":"6e80b2da-0c25-4f20-b323-055c8cdc6f6c","event":"request_start","endpoint":"/api/pois-for-route","method":"POST","ip_address":"127.0.0.1","user_id":null}
{"timestamp":"2026-02-14 01:26:35.000000","request_id":"6e80b2da-0c25-4f20-b323-055c8cdc6f6c","event":"debug","phase":"VALIDATION","message":"Polyline received","latency_ms":0,"data":{"point_count":11}}
{"timestamp":"2026-02-14 01:26:35.000000","request_id":"6e80b2da-0c25-4f20-b323-055c8cdc6f6c","event":"debug","phase":"VALIDATION","message":"Input validated","latency_ms":0,"data":{"polyline_points":11,"categories":["temple","restaurant"],"radius_km":20}}
{"timestamp":"2026-02-14 01:26:35.000000","request_id":"6e80b2da-0c25-4f20-b323-055c8cdc6f6c","event":"debug","phase":"BBOX_QUERY","message":"Executing spatial query","latency_ms":1,"data":{"min_lat":18.87481881981982,"max_lat":28.79407518018018,"min_lng":72.68902381981981,"max_lng":77.38918618018019,"categories":["temple","restaurant"]}}
{"timestamp":"2026-02-14 01:26:35.000000","request_id":"6e80b2da-0c25-4f20-b323-055c8cdc6f6c","event":"debug","phase":"BBOX_RESULT","message":"Bounding box query completed","latency_ms":64,"data":{"pois_in_bbox":3592}}
{"timestamp":"2026-02-14 01:26:35.000000","request_id":"6e80b2da-0c25-4f20-b323-055c8cdc6f6c","event":"debug","phase":"DISTANCE_FILTER","message":"Starting distance-to-route filtering","latency_ms":65,"data":{"all_pois_count":3592,"buffer_meters":20000}}
{"timestamp":"2026-02-14 01:26:35.000000","request_id":"6e80b2da-0c25-4f20-b323-055c8cdc6f6c","event":"debug","phase":"DISTANCE_FILTER","message":"Filtering complete","latency_ms":90,"data":{"filtered_pois_count":111}}
{"timestamp":"2026-02-14 01:26:35.000000","request_id":"6e80b2da-0c25-4f20-b323-055c8cdc6f6c","event":"response_success","endpoint":"/api/pois-for-route","http_code":200,"latency_ms":91,"cache_hit":false,"cache_miss":false,"data_count":100}
{"timestamp":"2026-02-14 01:26:35.000000","request_id":"6e80b2da-0c25-4f20-b323-055c8cdc6f6c","event":"debug","phase":"RESPONSE","message":"Final POI count","latency_ms":91,"data":{"total_in_route":111,"returned":100,"by_category":{"restaurant":77,"temple":34}}}
{"timestamp":"2026-02-14 01:26:35.000000","request_id":"eff23e6e-3bd6-44cd-a78a-baa663653999","event":"request_start","endpoint":"/api/pois-for-route","method":"POST","ip_address":"127.0.0.1","user_id":null}
{"timestamp":"2026-02-14 01:26:35.000000","request_id":"eff23e6e-3bd6-44cd-a78a-baa663653999","event":"debug","phase":"VALIDATION","message":"Polyline received","latency_ms":0,"data":{"point_count":11}}
{"timestamp":"2026-02-14 01:26:35.000000","request_id":"eff23e6e-3bd6-44cd-a78a-baa663653999","event":"debug","phase":"VALIDATION","message":"Input validated","latency_ms":1,"data":{"polyline_points":11,"categories":["temple","restaurant"],"radius_km":20}}
{"timestamp":"2026-02-14 01:26:35.000000","request_id":"eff23e6e-3bd6-44cd-a78a-baa663653999","event":"debug","phase":"BBOX_QUERY","message":"Executing spatial query","latency_ms":1,"data":{"min_lat":18.87481881981982,"max_lat":28.79407518018018,"min_lng":72.68902381981981,"max_lng":77.38918618018019,"categories":["temple","restaurant"]}}
{"timestamp":"2026-02-14 01:26:35.000000","request_id":"eff23e6e-3bd6-44cd-a78a-baa663653999","event":"debug","phase":"BBOX_RESULT","message":"Bounding box query completed","latency_ms":62,"data":{"pois_in_bbox":3592}}
{"timestamp":"2026-02-14 01:26:35.000000","request_id":"eff23e6e-3bd6-44cd-a78a-baa663653999","event":"debug","phase":"DISTANCE_FILTER","message":"Starting distance-to-route filtering","latency_ms":62,"data":{"all_pois_count":3592,"buffer_meters":20000}}
{"timestamp":"2026-02-14 01:26:35.000000","request_id":"eff23e6e-3bd6-44cd-a78a-baa663653999","event":"debug","phase":"DISTANCE_FILTER","message":"Filtering complete","latency_ms":89,"data":{"filtered_pois_count":111}}
{"timestamp":"2026-02-14 01:26:35.000000","request_id":"eff23e6e-3bd6-44cd-a78a-baa663653999","event":"response_success","endpoint":"/api/pois-for-route","http_code":200,"latency_ms":89,"cache_hit":false,"cache_miss":false,"data_count":100}
{"timestamp":"2026-02-14 01:26:35.000000","request_id":"eff23e6e-3bd6-44cd-a78a-baa663653999","event":"debug","phase":"RESPONSE","message":"Final POI count","latency_ms":90,"data":{"total_in_route":111,"returned":100,"by_category":{"restaurant":77,"temple":34}}}
{"timestamp":"2026-02-14 01:26:35.000000","request_id":"610d2ea4-9c8c-4a48-96b8-2f99f3e1e864","event":"request_start","endpoint":"/api/pois-for-route","method":"POST","ip_address":"127.0.0.1","user_id":null}
{"timestamp":"2026-02-14 01:26:35.000000","request_id":"610d2ea4-9c8c-4a48-96b8-2f99f3e1e864","event":"debug","phase":"VALIDATION","message":"Polyline received","latency_ms":0,"data":{"point_count":11}}
{"timestamp":"2026-02-14 01:26:35.000000","request_id":"610d2ea4-9c8c-4a48-96b8-2f99f3e1e864","event":"debug","phase":"VALIDATION","message":"Input validated","latency_ms":0,"data":{"polyline_points":11,"categories":["temple","restaurant"],"radius_km":20}}
{"timestamp":"2026-02-14 01:26:35.000000","request_id":"610d2ea4-9c8c-4a48-96b8-2f99f3e1e864","event":"debug","phase":"BBOX_QUERY","message":"Executing spatial query","latency_ms":0,"data":{"min_lat":18.87481881981982,"max_lat":28.79407518018018,"min_lng":72.68902381981981,"max_lng":77.38918618018019,"categories":["temple","restaurant"]}}
{"timestamp":"2026-02-14 01:26:35.000000","request_id":"610d2ea4-9c8c-4a48-96b8-2f99f3e1e864","event":"debug","phase":"BBOX_RESULT","message":"Bounding box query completed","latency_ms":64,"data":{"pois_in_bbox":3592}}
{"timestamp":"2026-02-14 01:26:35.000000","request_id":"610d2ea4-9c8c-4a48-96b8-2f99f3e1e864","event":"debug","phase":"DISTANCE_FILTER","message":"Starting distance-to-route filtering","latency_ms":64,"data":{"all_pois_count":3592,"buffer_meters":20000}}
{"timestamp":"2026-02-14 01:26:35.000000","request_id":"610d2ea4-9c8c-4a48-96b8-2f99f3e1e864","event":"debug","phase":"DISTANCE_FILTER","message":"Filtering complete","latency_ms":91,"data":{"filtered_pois_count":111}}
{"timestamp":"2026-02-14 01:26:35.000000","request_id":"610d2ea4-9c8c-4a48-96b8-2f99f3e1e864","event":"response_success","endpoint":"/api/pois-for-route","http_code":200,"latency_ms":92,"cache_hit":false,"cache_miss":false,"data_count":100}
{"timestamp":"2026-02-14 01:26:35.000000","request_id":"610d2ea4-9c8c-4a48-96b8-2f99f3e1e864","event":"debug","phase":"RESPONSE","message":"Final POI count","latency_ms":92,"data":{"total_in_route":111,"returned":100,"by_category":{"restaurant":77,"temple":34}}}
{"timestamp":"2026-02-14 01:26:35.000000","request_id":"0ce3a619-7ff0-44e3-85bc-ec66756caa7f","event":"request_start","endpoint":"/api/pois-for-route","method":"POST","ip_address":"127.0.0.1","user_id":null}
{"timestamp":"2026-02-14 01:26:35.000000","request_id":"0ce3a619-7ff0-44e3-85bc-ec66756caa7f","event":"debug","phase":"VALIDATION","message":"Polyline received","latency_ms":0,"data":{"point_count":11}}
{"timestamp":"2026-02-14 01:26:35.000000","request_id":"0ce3a619-7ff0-44e3-85bc-ec66756caa7f","event":"debug","phase":"VALIDATION","message":"Input validated","latency_ms":0,"data":{"polyline_points":11,"categories":["temple","restaurant"],"radius_km":20}}
{"timestamp":"2026-02-14 01:26:35.000000","request_id":"0ce3a619-7ff0-44e3-85bc-ec66756caa7f","event":"debug","phase":"BBOX_QUERY","message":"Executing spatial query","latency_ms":1,"data":{"min_lat":18.87481881981982,"max_lat":28.79407518018018,"min_lng":72.68902381981981,"max_lng":77.38918618018019,"categories":["temple","restaurant"]}}
{"timestamp":"2026-02-14 01:26:35.000000","request_id":"0ce3a619-7ff0-44e3-85bc-ec66756caa7f","event":"debug","phase":"BBOX_RESULT","message":"Bounding box query completed","latency_ms":62,"data":{"pois_in_bbox":3592}}
{"timestamp":"2026-02-14 01:26:35.000000","request_id":"0ce3a619-7ff0-44e3-85bc-ec66756caa7f","event":"debug","phase":"DISTANCE_FILTER","message":"Starting distance-to-route filtering","latency_ms":62,"data":{"all_pois_count":3592,"buffer_meters":20000}}
{"timestamp":"2026-02-14 01:26:35.000000","request_id":"0ce3a619-7ff0-44e3-85bc-ec66756caa7f","event":"debug","phase":"DISTANCE_FILTER","message":"Filtering complete","latency_ms":88,"data":{"filtered_pois_count":111}}
{"timestamp":"2026-02-14 01:26:35.000000","request_id":"0ce3a619-7ff0-44e3-85bc-ec66756caa7f","event":"response_success","endpoint":"/api/pois-for-route","http_code":200,"latency_ms":89,"cache_hit":false,"cache_miss":false,"data_count":100}
{"timestamp":"2026-02-14 01:26:35.000000","request_id":"0ce3a619-7ff0-44e3-85bc-ec66756caa7f","event":"debug","phase":"RESPONSE","message":"Final POI count","latency_ms":89,"data":{"total_in_route":111,"returned":100,"by_category":{"restaurant":77,"temple":34}}}
{"timestamp":"2026-02-14 01:26:35.000000","request_id":"2a7fe0b8-2767-4fa2-8eac-5ab8fed405fb","event":"request_start","endpoint":"/api/pois-for-route","method":"POST","ip_address":"127.0.0.1","user_id":null}
{"timestamp":"2026-02-14 01:26:35.000000","request_id":"2a7fe0b8-2767-4fa2-8eac-5ab8fed405fb","event":"debug","phase":"VALIDATION","message":"Polyline received","latency_ms":0,"data":{"point_count":11}}
{"timestamp":"2026-02-14 01:26:35.000000","request_id":"2a7fe0b8-2767-4fa2-8eac-5ab8fed405fb","event":"debug","phase":"VALIDATION","message":"Input validated","latency_ms":0,"data":{"polyline_points":11,"categories":["temple","restaurant"],"radius_km":20}}
{"timestamp":"2026-02-14 01:26:35.000000","request_id":"2a7fe0b8-2767-4fa2-8eac-5ab8fed405fb","event":"debug","phase":"BBOX_QUERY","message":"Executing spatial query","latency_ms":1,"data":{"min_lat":18.87481881981982,"max_lat":28.79407518018018,"min_lng":72.68902381981981,"max_lng":77.38918618018019,"categories":["temple","restaurant"]}}
{"timestamp":"2026-02-14 01:26:35.000000","request_id":"2a7fe0b8-2767-4fa2-8eac-5ab8fed405fb","event":"debug","phase":"BBOX_RESULT","message":"Bounding box query completed","latency_ms":65,"data":{"pois_in_bbox":3592}}
{"timestamp":"2026-02-14 01:26:35.000000","request_id":"2a7fe0b8-2767-4fa2-8eac-5ab8fed405fb","event":"debug","phase":"DISTANCE_FILTER","message":"Starting distance-to-route filtering","latency_ms":65,"data":{"all_pois_count":3592,"buffer_meters":20000}}
{"timestamp":"2026-02-14 01:26:35.000000","request_id":"2a7fe0b8-2767-4fa2-8eac-5ab8fed405fb","event":"debug","phase":"DISTANCE_FILTER","message":"Filtering complete","latency_ms":91,"data":{"filtered_pois_count":111}}
{"timestamp":"2026-02-14 01:26:35.000000","request_id":"2a7fe0b8-2767-4fa2-8eac-5ab8fed405fb","event":"response_success","endpoint":"/api/pois-for-route","http_code":200,"latency_ms":91,"cache_hit":false,"cache_miss":false,"data_count":100}
{"timestamp":"2026-02-14 01:26:35.000000","request_id":"2a7fe0b8-2767-4fa2-8eac-5ab8fed405fb","event":"debug","phase":"RESPONSE","message":"Final POI count","latency_ms":92,"data":{"total_in_route":111,"returned":100,"by_category":{"restaurant":77,"temple":34}}}
{"timestamp":"2026-02-14 01:26:35.000000","request_id":"1912aabc-4ab8-41e5-af13-c2d7ce5b0b04","event":"request_start","endpoint":"/api/pois-for-route","method":"POST","ip_address":"127.0.0.1","user_id":null}
{"timestamp":"2026-02-14 01:26:35.000000","request_id":"1912aabc-4ab8-41e5-af13-c2d7ce5b0b04","event":"debug","phase":"VALIDATION","message":"Polyline received","latency_ms":0,"data":{"point_count":11}}
{"timestamp":"2026-02-14 01:26:35.000000","request_id":"1912aabc-4ab8-41e5-af13-c2d7ce5b0b04","event":"debug","phase":"VALIDATION","message":"Input validated","latency_ms":0,"data":{"polyline_points":11,"categories":["temple","restaurant"],"radius_km":20}}
{"timestamp":"2026-02-14 01:26:35.000000","request_id":"1912aabc-4ab8-41e5-af13-c2d7ce5b0b04","event":"debug","phase":"BBOX_QUERY","message":"Executing spatial query","latency_ms":1,"data":{"min_lat":18.87481881981982,"max_lat":28.79407518018018,"min_lng":72.68902381981981,"max_lng":77.38918618018019,"categories":["temple","restaurant"]}}
{"timestamp":"2026-02-14 01:26:35.000000","request_id":"1912aabc-4ab8-41e5-af13-c2d7ce5b0b04","event":"debug","phase":"BBOX_RESULT","message":"Bounding box query completed","latency_ms":61,"data":{"pois_in_bbox":3592}}
{"timestamp":"2026-02-14 01:26:35.000000","request_id":"1912aabc-4ab8-41e5-af13-c2d7ce5b0b04","event":"debug","phase":"DISTANCE_FILTER","message":"Starting distance-to-route filtering","latency_ms":62,"data":{"all_pois_count":3592,"buffer_meters":20000}}
{"timestamp":"2026-02-14 01:26:35.000000","request_id":"1912aabc-4ab8-41e5-af13-c2d7ce5b0b04","event":"debug","phase":"DISTANCE_FILTER","message":"Filtering complete","latency_ms":87,"data":{"filtered_pois_count":111}}
{"timestamp":"2026-02-14 01:26:35.000000","request_id":"1912aabc-4ab8-41e5-af13-c2d7ce5b0b04","event":"response_success","endpoint":"/api/pois-for-route","http_code":200,"latency_ms":88,"cache_hit":false,"cache_miss":false,"data_count":100}
{"timestamp":"2026-02-14 01:26:35.000000","request_id":"1912aabc-4ab8-41e5-af13-c2d7ce5b0b04","event":"debug","phase":"RESPONSE","message":"Final POI count","latency_ms":89,"data":{"total_in_route":111,"returned":100,"by_category":{"restaurant":77,"temple":34}}}
{"timestamp":"2026-02-14 01:26:35.000000","request_id":"b7924d61-0e77-428d-9f25-097bfe5228ac","event":"request_start","endpoint":"/api/pois-for-route","method":"POST","ip_address":"127.0.0.1","user_id":null}
{"timestamp":"2026-02-14 01:26:35.000000","request_id":"b7924d61-0e77-428d-9f25-097bfe5228ac","event":"debug","phase":"VALIDATION","message":"Polyline received","latency_ms":0,"data":{"point_count":11}}
{"timestamp":"2026-02-14 01:26:35.000000","request_id":"b7924d61-0e77-428d-9f25-097bfe5228ac","event":"debug","phase":"VALIDATION","message":"Input validated","latency_ms":1,"data":{"polyline_points":11,"categories":["temple","restaurant"],"radius_km":20}}
{"timestamp":"2026-02-14 01:26:35.000000","request_id":"b7924d61-0e77-428d-9f25-097bfe5228ac","event":"debug","phase":"BBOX_QUERY","message":"Executing spatial query","latency_ms":1,"data":{"min_lat":18.87481881981982,"max_lat":28.79407518018018,"min_lng":72.68902381981981,"max_lng":77.38918618018019,"categories":["temple","restaurant"]}}
{"timestamp":"2026-02-14 01:26:35.000000","request_id":"b7924d61-0e77-428d-9f25-097bfe5228ac","event":"debug","phase":"BBOX_RESULT","message":"Bounding box query completed","latency_ms":60,"data":{"pois_in_bbox":3592}}
{"timestamp":"2026-02-14 01:26:35.000000","request_id":"b7924d61-0e77-428d-9f25-097bfe5228ac","event":"debug","phase":"DISTANCE_FILTER","message":"Starting distance-to-route filtering","latency_ms":61,"data":{"all_pois_count":3592,"buffer_meters":20000}}
{"timestamp":"2026-02-14 01:26:35.000000","request_id":"b7924d61-0e77-428d-9f25-097bfe5228ac","event":"debug","phase":"DISTANCE_FILTER","message":"Filtering complete","latency_ms":89,"data":{"filtered_pois_count":111}}
{"timestamp":"2026-02-14 01:26:35.000000","request_id":"b7924d61-0e77-428d-9f25-097bfe5228ac","event":"response_success","endpoint":"/api/pois-for-route","http_code":200,"latency_ms":90,"cache_hit":false,"cache_miss":false,"data_count":100}
{"timestamp":"2026-02-14 01:26:35.000000","request_id":"b7924d61-0e77-428d-9f25-097bfe5228ac","event":"debug","phase":"RESPONSE","message":"Final POI count","latency_ms":90,"data":{"total_in_route":111,"returned":100,"by_category":{"restaurant":77,"temple":34}}}
{"timestamp":"2026-02-14 01:26:35.000000","request_id":"06a2235e-3004-4ad6-9bd3-631f4008cfde","event":"request_start","endpoint":"/api/pois-for-route","method":"POST","ip_address":"127.0.0.1","user_id":null}
{"timestamp":"2026-02-14 01:26:35.000000","request_id":"06a2235e-3004-4ad6-9bd3-631f4008cfde","event":"debug","phase":"VALIDATION","message":"Polyline received","latency_ms":0,"data":{"point_count":11}}
{"timestamp":"2026-02-14 01:26:35.000000","request_id":"06a2235e-3004-4ad6-9bd3-631f4008cfde","event":"debug","phase":"VALIDATION","message":"Input validated","latency_ms":0,"data":{"polyline_points":11,"categories":["temple","restaurant"],"radius_km":20}}
{"timestamp":"2026-02-14 01:26:35.000000","request_id":"06a2235e-3004-4ad6-9bd3-631f4008cfde","event":"debug","phase":"BBOX_QUERY","message":"Executing spatial query","latency_ms":1,"data":{"min_lat":18.87481881981982,"max_lat":28.79407518018018,"min_lng":72.68902381981981,"max_lng":77.38918618018019,"categories":["temple","restaurant"]}}
{"timestamp":"2026-02-14 01:26:35.000000","request_id":"06a2235e-3004-4ad6-9bd3-631f4008cfde","event":"debug","phase":"BBOX_RESULT","message":"Bounding box query completed","latency_ms":60,"data":{"pois_in_bbox":3592}}
{"timestamp":"2026-02-14 01:26:35.000000","request_id":"06a2235e-3004-4ad6-9bd3-631f4008cfde","event":"debug","phase":"DISTANCE_FILTER","message":"Starting distance-to-route filtering","latency_ms":61,"data":{"all_pois_count":3592,"buffer_meters":20000}}
{"timestamp":"2026-02-14 01:26:36.000000","request_id":"06a2235e-3004-4ad6-9bd3-631f4008cfde","event":"debug","phase":"DISTANCE_FILTER","message":"Filtering complete","latency_ms":87,"data":{"filtered_pois_count":111}}
{"timestamp":"2026-02-14 01:26:36.000000","request_id":"06a2235e-3004-4ad6-9bd3-631f4008cfde","event":"response_success","endpoint":"/api/pois-for-route","http_code":200,"latency_ms":87,"cache_hit":false,"cache_miss":false,"data_count":100}
{"timestamp":"2026-02-14 01:26:36.000000","request_id":"06a2235e-3004-4ad6-9bd3-631f4008cfde","event":"debug","phase":"RESPONSE","message":"Final POI count","latency_ms":88,"data":{"total_in_route":111,"returned":100,"by_category":{"restaurant":77,"temple":34}}}
{"timestamp":"2026-02-14 01:26:36.000000","request_id":"b29794e3-2cbc-4167-84d5-2bd0b4646bb6","event":"request_start","endpoint":"/api/pois-for-route","method":"POST","ip_address":"127.0.0.1","user_id":null}
{"timestamp":"2026-02-14 01:26:36.000000","request_id":"b29794e3-2cbc-4167-84d5-2bd0b4646bb6","event":"debug","phase":"VALIDATION","message":"Polyline received","latency_ms":0,"data":{"point_count":11}}
{"timestamp":"2026-02-14 01:26:36.000000","request_id":"b29794e3-2cbc-4167-84d5-2bd0b4646bb6","event":"debug","phase":"VALIDATION","message":"Input validated","latency_ms":0,"data":{"polyline_points":11,"categories":["temple","restaurant"],"radius_km":20}}
{"timestamp":"2026-02-14 01:26:36.000000","request_id":"b29794e3-2cbc-4167-84d5-2bd0b4646bb6","event":"debug","phase":"BBOX_QUERY","message":"Executing spatial query","latency_ms":1,"data":{"min_lat":18.87481881981982,"max_lat":28.79407518018018,"min_lng":72.68902381981981,"max_lng":77.38918618018019,"categories":["temple","restaurant"]}}
{"timestamp":"2026-02-14 01:26:36.000000","request_id":"b29794e3-2cbc-4167-84d5-2bd0b4646bb6","event":"debug","phase":"BBOX_RESULT","message":"Bounding box query completed","latency_ms":60,"data":{"pois_in_bbox":3592}}
{"timestamp":"2026-02-14 01:26:36.000000","request_id":"b29794e3-2cbc-4167-84d5-2bd0b4646bb6","event":"debug","phase":"DISTANCE_FILTER","message":"Starting distance-to-route filtering","latency_ms":60,"data":{"all_pois_count":3592,"buffer_meters":20000}}
{"timestamp":"2026-02-14 01:26:36.000000","request_id":"b29794e3-2cbc-4167-84d5-2bd0b4646bb6","event":"debug","phase":"DISTANCE_FILTER","message":"Filtering complete","latency_ms":88,"data":{"filtered_pois_count":111}}
{"timestamp":"2026-02-14 01:26:36.000000","request_id":"b29794e3-2cbc-4167-84d5-2bd0b4646bb6","event":"response_success","endpoint":"/api/pois-for-route","http_code":200,"latency_ms":89,"cache_hit":false,"cache_miss":false,"data_count":100}
{"timestamp":"2026-02-14 01:26:36.000000","request_id":"b29794e3-2cbc-4167-84d5-2bd0b4646bb6","event":"debug","phase":"RESPONSE","message":"Final POI count","latency_ms":90,"data":{"total_in_route":111,"returned":100,"by_category":{"restaurant":77,"temple":34}}}
{"timestamp":"2026-02-14 01:26:36.000000","request_id":"a4f2d54b-def2-44a6-89be-4fc040e90182","event":"request_start","endpoint":"/api/pois-for-route","method":"POST","ip_address":"127.0.0.1","user_id":null}
{"timestamp":"2026-02-14 01:26:36.000000","request_id":"a4f2d54b-def2-44a6-89be-4fc040e90182","event":"debug","phase":"VALIDATION","message":"Polyline received","latency_ms":0,"data":{"point_count":11}}
{"timestamp":"2026-02-14 01:26:36.000000","request_id":"a4f2d54b-def2-44a6-89be-4fc040e90182","event":"debug","phase":"VALIDATION","message":"Input validated","latency_ms":0,"data":{"polyline_points":11,"categories":["temple","restaurant"],"radius_km":20}}
{"timestamp":"2026-02-14 01:26:36.000000","request_id":"a4f2d54b-def2-44a6-89be-4fc040e90182","event":"debug","phase":"BBOX_QUERY","message":"Executing spatial query","latency_ms":1,"data":{"min_lat":18.87481881981982,"max_lat":28.79407518018018,"min_lng":72.68902381981981,"max_lng":77.38918618018019,"categories":["temple","restaurant"]}}
{"timestamp":"2026-02-14 01:26:36.000000","request_id":"a4f2d54b-def2-44a6-89be-4fc040e90182","event":"debug","phase":"BBOX_RESULT","message":"Bounding box query completed","latency_ms":68,"data":{"pois_in_bbox":3592}}
{"timestamp":"2026-02-14 01:26:36.000000","request_id":"a4f2d54b-def2-44a6-89be-4fc040e90182","event":"debug","phase":"DISTANCE_FILTER","message":"Starting distance-to-route filtering","latency_ms":68,"data":{"all_pois_count":3592,"buffer_meters":20000}}
{"timestamp":"2026-02-14 01:26:36.000000","request_id":"a4f2d54b-def2-44a6-89be-4fc040e90182","event":"debug","phase":"DISTANCE_FILTER","message":"Filtering complete","latency_ms":93,"data":{"filtered_pois_count":111}}
{"timestamp":"2026-02-14 01:26:36.000000","request_id":"a4f2d54b-def2-44a6-89be-4fc040e90182","event":"response_success","endpoint":"/api/pois-for-route","http_code":200,"latency_ms":94,"cache_hit":false,"cache_miss":false,"data_count":100}
{"timestamp":"2026-02-14 01:26:36.000000","request_id":"a4f2d54b-def2-44a6-89be-4fc040e90182","event":"debug","phase":"RESPONSE","message":"Final POI count","latency_ms":94,"data":{"total_in_route":111,"returned":100,"by_category":{"restaurant":77,"temple":34}}}
{"timestamp":"2026-02-14 01:26:36.000000","request_id":"f9a7df79-26ba-4363-a8db-e1b102e91163","event":"request_start","endpoint":"/api/pois-for-route","method":"POST","ip_address":"127.0.0.1","user_id":null}
{"timestamp":"2026-02-14 01:26:36.000000","request_id":"f9a7df79-26ba-4363-a8db-e1b102e91163","event":"debug","phase":"VALIDATION","message":"Polyline received","latency_ms":0,"data":{"point_count":11}}
{"timestamp":"2026-02-14 01:26:36.000000","request_id":"f9a7df79-26ba-4363-a8db-e1b102e91163","event":"debug","phase":"VALIDATION","message":"Input validated","latency_ms":0,"data":{"polyline_points":11,"categories":["temple","restaurant"],"radius_km":20}}
{"timestamp":"2026-02-14 01:26:36.000000","request_id":"f9a7df79-26ba-4363-a8db-e1b102e91163","event":"debug","phase":"BBOX_QUERY","message":"Executing spatial query","latency_ms":1,"data":{"min_lat":18.87481881981982,"max_lat":28.79407518018018,"min_lng":72.68902381981981,"max_lng":77.38918618018019,"categories":["temple","restaurant"]}}
{"timestamp":"2026-02-14 01:26:36.000000","request_id":"f9a7df79-26ba-4363-a8db-e1b102e91163","event":"debug","phase":"BBOX_RESULT","message":"Bounding box query completed","latency_ms":58,"data":{"pois_in_bbox":3592}}
{"timestamp":"2026-02-14 01:26:36.000000","request_id":"f9a7df79-26ba-4363-a8db-e1b102e91163","event":"debug","phase":"DISTANCE_FILTER","message":"Starting distance-to-route filtering","latency_ms":59,"data":{"all_pois_count":3592,"buffer_meters":20000}}
{"timestamp":"2026-02-14 01:26:36.000000","request_id":"f9a7df79-26ba-4363-a8db-e1b102e91163","event":"debug","phase":"DISTANCE_FILTER","message":"Filtering complete","latency_ms":89,"data":{"filtered_pois_count":111}}
{"timestamp":"2026-02-14 01:26:36.000000","request_id":"f9a7df79-26ba-4363-a8db-e1b102e91163","event":"response_success","endpoint":"/api/pois-for-route","http_code":200,"latency_ms":90,"cache_hit":false,"cache_miss":false,"data_count":100}
{"timestamp":"2026-02-14 01:26:36.000000","request_id":"f9a7df79-26ba-4363-a8db-e1b102e91163","event":"debug","phase":"RESPONSE","message":"Final POI count","latency_ms":90,"data":{"total_in_route":111,"returned":100,"by_category":{"restaurant":77,"temple":34}}}
{"timestamp":"2026-02-14 01:26:36.000000","request_id":"39ec5a26-1370-4b13-85bd-c145485d1258","event":"request_start","endpoint":"/api/pois-for-route","method":"POST","ip_address":"127.0.0.1","user_id":null}
{"timestamp":"2026-02-14 01:26:36.000000","request_id":"39ec5a26-1370-4b13-85bd-c145485d1258","event":"debug","phase":"VALIDATION","message":"Polyline received","latency_ms":0,"data":{"point_count":11}}
{"timestamp":"2026-02-14 01:26:36.000000","request_id":"39ec5a26-1370-4b13-85bd-c145485d1258","event":"debug","phase":"VALIDATION","message":"Input validated","latency_ms":0,"data":{"polyline_points":11,"categories":["temple","restaurant"],"radius_km":20}}
{"timestamp":"2026-02-14 01:26:36.000000","request_id":"39ec5a26-1370-4b13-85bd-c145485d1258","event":"debug","phase":"BBOX_QUERY","message":"Executing spatial query","latency_ms":1,"data":{"min_lat":18.87481881981982,"max_lat":28.79407518018018,"min_lng":72.68902381981981,"max_lng":77.38918618018019,"categories":["temple","restaurant"]}}
{"timestamp":"2026-02-14 01:26:36.000000","request_id":"39ec5a26-1370-4b13-85bd-c145485d1258","event":"debug","phase":"BBOX_RESULT","message":"Bounding box query completed","latency_ms":57,"data":{"pois_in_bbox":3592}}
{"timestamp":"2026-02-14 01:26:36.000000","request_id":"39ec5a26-1370-4b13-85bd-c145485d1258","event":"debug","phase":"DISTANCE_FILTER","message":"Starting distance-to-route filtering","latency_ms":57,"data":{"all_pois_count":3592,"buffer_meters":20000}}
{"timestamp":"2026-02-14 01:26:36.000000","request_id":"39ec5a26-1370-4b13-85bd-c145485d1258","event":"debug","phase":"DISTANCE_FILTER","message":"Filtering complete","latency_ms":81,"data":{"filtered_pois_count":111}}
{"timestamp":"2026-02-14 01:26:36.000000","request_id":"39ec5a26-1370-4b13-85bd-c145485d1258","event":"response_success","endpoint":"/api/pois-for-route","http_code":200,"latency_ms":82,"cache_hit":false,"cache_miss":false,"data_count":100}
{"timestamp":"2026-02-14 01:26:36.000000","request_id":"39ec5a26-1370-4b13-85bd-c145485d1258","event":"debug","phase":"RESPONSE","message":"Final POI count","latency_ms":82,"data":{"total_in_route":111,"returned":100,"by_category":{"restaurant":77,"temple":34}}}
{"timestamp":"2026-02-14 01:26:36.000000","request_id":"0ff6415b-3dbe-4ac9-b2e0-a12fc4b07a73","event":"request_start","endpoint":"/api/pois-for-route","method":"POST","ip_address":"127.0.0.1","user_id":null}
{"timestamp":"2026-02-14 01:26:36.000000","request_id":"0ff6415b-3dbe-4ac9-b2e0-a12fc4b07a73","event":"debug","phase":"VALIDATION","message":"Polyline received","latency_ms":0,"data":{"point_count":11}}
{"timestamp":"2026-02-14 01:26:36.000000","request_id":"0ff6415b-3dbe-4ac9-b2e0-a12fc4b07a73","event":"debug","phase":"VALIDATION","message":"Input validated","latency_ms":1,"data":{"polyline_points":11,"categories":["temple","restaurant"],"radius_km":20}}
{"timestamp":"2026-02-14 01:26:36.000000","request_id":"0ff6415b-3dbe-4ac9-b2e0-a12fc4b07a73","event":"debug","phase":"BBOX_QUERY","message":"Executing spatial query","latency_ms":1,"data":{"min_lat":18.87481881981982,"max_lat":28.79407518018018,"min_lng":72.68902381981981,"max_lng":77.38918618018019,"categories":["temple","restaurant"]}}
{"timestamp":"2026-02-14 01:26:36.000000","request_id":"0ff6415b-3dbe-4ac9-b2e0-a12fc4b07a73","event":"debug","phase":"BBOX_RESULT","message":"Bounding box query completed","latency_ms":57,"data":{"pois_in_bbox":3592}}
{"timestamp":"2026-02-14 01:26:36.000000","request_id":"0ff6415b-3dbe-4ac9-b2e0-a12fc4b07a73","event":"debug","phase":"DISTANCE_FILTER","message":"Starting distance-to-route filtering","latency_ms":58,"data":{"all_pois_count":3592,"buffer_meters":20000}}
{"timestamp":"2026-02-14 01:26:36.000000","request_id":"0ff6415b-3dbe-4ac9-b2e0-a12fc4b07a73","event":"debug","phase":"DISTANCE_FILTER","message":"Filtering complete","latency_ms":83,"data":{"filtered_pois_count":111}}
{"timestamp":"2026-02-14 01:26:36.000000","request_id":"0ff6415b-3dbe-4ac9-b2e0-a12fc4b07a73","event":"response_success","endpoint":"/api/pois-for-route","http_code":200,"latency_ms":83,"cache_hit":false,"cache_miss":false,"data_count":100}
{"timestamp":"2026-02-14 01:26:36.000000","request_id":"0ff6415b-3dbe-4ac9-b2e0-a12fc4b07a73","event":"debug","phase":"RESPONSE","message":"Final POI count","latency_ms":83,"data":{"total_in_route":111,"returned":100,"by_category":{"restaurant":77,"temple":34}}}
{"timestamp":"2026-02-14 01:26:36.000000","request_id":"17a3e584-f9de-464b-a76c-fc0243e48a08","event":"request_start","endpoint":"/api/pois-for-route","method":"POST","ip_address":"127.0.0.1","user_id":null}
{"timestamp":"2026-02-14 01:26:36.000000","request_id":"17a3e584-f9de-464b-a76c-fc0243e48a08","event":"debug","phase":"VALIDATION","message":"Polyline received","latency_ms":0,"data":{"point_count":11}}
{"timestamp":"2026-02-14 01:26:36.000000","request_id":"17a3e584-f9de-464b-a76c-fc0243e48a08","event":"debug","phase":"VALIDATION","message":"Input validated","latency_ms":0,"data":{"polyline_points":11,"categories":["temple","restaurant"],"radius_km":20}}
{"timestamp":"2026-02-14 01:26:36.000000","request_id":"17a3e584-f9de-464b-a76c-fc0243e48a08","event":"debug","phase":"BBOX_QUERY","message":"Executing spatial query","latency_ms":1,"data":{"min_lat":18.87481881981982,"max_lat":28.79407518018018,"min_lng":72.68902381981981,"max_lng":77.38918618018019,"categories":["temple","restaurant"]}}
{"timestamp":"2026-02-14 01:26:36.000000","request_id":"17a3e584-f9de-464b-a76c-fc0243e48a08","event":"debug","phase":"BBOX_RESULT","message":"Bounding box query completed","latency_ms":60,"data":{"pois_in_bbox":3592}}
{"timestamp":"2026-02-14 01:26:36.000000","request_id":"17a3e584-f9de-464b-a76c-fc0243e48a08","event":"debug","phase":"DISTANCE_FILTER","message":"Starting distance-to-route filtering","latency_ms":61,"data":{"all_pois_count":3592,"buffer_meters":20000}}
{"timestamp":"2026-02-14 01:26:36.000000","request_id":"17a3e584-f9de-464b-a76c-fc0243e48a08","event":"debug","phase":"DISTANCE_FILTER","message":"Filtering complete","latency_ms":86,"data":{"filtered_pois_count":111}}
{"timestamp":"2026-02-14 01:26:36.000000","request_id":"17a3e584-f9de-464b-a76c-fc0243e48a08","event":"response_success","endpoint":"/api/pois-for-route","http_code":200,"latency_ms":87,"cache_hit":false,"cache_miss":false,"data_count":100}
{"timestamp":"2026-02-14 01:26:36.000000","request_id":"17a3e584-f9de-464b-a76c-fc0243e48a08","event":"debug","phase":"RESPONSE","message":"Final POI count","latency_ms":87,"data":{"total_in_route":111,"returned":100,"by_category":{"restaurant":77,"temple":34}}}
{"timestamp":"2026-02-14 01:26:36.000000","request_id":"0632be17-0cd2-4aab-883e-aef3ea8d9677","event":"request_start","endpoint":"/api/pois-for-route","method":"POST","ip_address":"127.0.0.1","user_id":null}
{"timestamp":"2026-02-14 01:26:36.000000","request_id":"0632be17-0cd2-4aab-883e-aef3ea8d9677","event":"debug","phase":"VALIDATION","message":"Polyline received","latency_ms":0,"data":{"point_count":11}}
{"timestamp":"2026-02-14 01:26:36.000000","request_id":"0632be17-0cd2-4aab-883e-aef3ea8d9677","event":"debug","phase":"VALIDATION","message":"Input validated","latency_ms":0,"data":{"polyline_points":11,"categories":["temple","restaurant"],"radius_km":20}}
{"timestamp":"2026-02-14 01:26:36.000000","request_id":"0632be17-0cd2-4aab-883e-aef3ea8d9677","event":"debug","phase":"BBOX_QUERY","message":"Executing spatial query","latency_ms":1,"data":{"min_lat":18.87481881981982,"max_lat":28.79407518018018,"min_lng":72.68902381981981,"max_lng":77.38918618018019,"categories":["temple","restaurant"]}}
{"timestamp":"2026-02-14 01:26:36.000000","request_id":"0632be17-0cd2-4aab-883e-aef3ea8d9677","event":"debug","phase":"BBOX_RESULT","message":"Bounding box query completed","latency_ms":55,"data":{"pois_in_bbox":3592}}
{"timestamp":"2026-02-14 01:26:36.000000","request_id":"0632be17-0cd2-4aab-883e-aef3ea8d9677","event":"debug","phase":"DISTANCE_FILTER","message":"Starting distance-to-route filtering","latency_ms":56,"data":{"all_pois_count":3592,"buffer_meters":20000}}
{"timestamp":"2026-02-14 01:26:36.000000","request_id":"0632be17-0cd2-4aab-883e-aef3ea8d9677","event":"debug","phase":"DISTANCE_FILTER","message":"Filtering complete","latency_ms":75,"data":{"filtered_pois_count":111}}
{"timestamp":"2026-02-14 01:26:36.000000","request_id":"0632be17-0cd2-4aab-883e-aef3ea8d9677","event":"response_success","endpoint":"/api/pois-for-route","http_code":200,"latency_ms":75,"cache_hit":false,"cache_miss":false,"data_count":100}
{"timestamp":"2026-02-14 01:26:36.000000","request_id":"0632be17-0cd2-4aab-883e-aef3ea8d9677","event":"debug","phase":"RESPONSE","message":"Final POI count","latency_ms":75,"data":{"total_in_route":111,"returned":100,"by_category":{"restaurant":77,"temple":34}}}
{"timestamp":"2026-02-14 01:26:36.000000","request_id":"84de1371-1350-44be-8e9f-d7cfc0682d7d","event":"request_start","endpoint":"/api/pois-for-route","method":"POST","ip_address":"127.0.0.1","user_id":null}
{"timestamp":"2026-02-14 01:26:36.000000","request_id":"84de1371-1350-44be-8e9f-d7cfc0682d7d","event":"debug","phase":"VALIDATION","message":"Polyline received","latency_ms":0,"data":{"point_count":11}}
{"timestamp":"2026-02-14 01:26:36.000000","request_id":"84de1371-1350-44be-8e9f-d7cfc0682d7d","event":"debug","phase":"VALIDATION","message":"Input validated","latency_ms":0,"data":{"polyline_points":11,"categories":["temple","restaurant"],"radius_km":20}}
{"timestamp":"2026-02-14 01:26:36.000000","request_id":"84de1371-1350-44be-8e9f-d7cfc0682d7d","event":"debug","phase":"BBOX_QUERY","message":"Executing spatial query","latency_ms":1,"data":{"min_lat":18.87481881981982,"max_lat":28.79407518018018,"min_lng":72.68902381981981,"max_lng":77.38918618018019,"categories":["temple","restaurant"]}}
{"timestamp":"2026-02-14 01:26:36.000000","request_id":"84de1371-1350-44be-8e9f-d7cfc0682d7d","event":"debug","phase":"BBOX_RESULT","message":"Bounding box query completed","latency_ms":53,"data":{"pois_in_bbox":3592}}
{"timestamp":"2026-02-14 01:26:36.000000","request_id":"84de1371-1350-44be-8e9f-d7cfc0682d7d","event":"debug","phase":"DISTANCE_FILTER","message":"Starting distance-to-route filtering","latency_ms":53,"data":{"all_pois_count":3592,"buffer_meters":20000}}
{"timestamp":"2026-02-14 01:26:36.000000","request_id":"84de1371-1350-44be-8e9f-d7cfc0682d7d","event":"debug","phase":"DISTANCE_FILTER","message":"Filtering complete","latency_ms":81,"data":{"filtered_pois_count":111}}
{"timestamp":"2026-02-14 01:26:36.000000","request_id":"84de1371-1350-44be-8e9f-d7cfc0682d7d","event":"response_success","endpoint":"/api/pois-for-route","http_code":200,"latency_ms":82,"cache_hit":false,"cache_miss":false,"data_count":100}
{"timestamp":"2026-02-14 01:26:36.000000","request_id":"84de1371-1350-44be-8e9f-d7cfc0682d7d","event":"debug","phase":"RESPONSE","message":"Final POI count","latency_ms":82,"data":{"total_in_route":111,"returned":100,"by_category":{"restaurant":77,"temple":34}}}
{"timestamp":"2026-02-14 01:26:36.000000","request_id":"5c466479-4dee-4cb3-be85-dd4d0b7f5e6e","event":"request_start","endpoint":"/api/pois-for-route","method":"POST","ip_address":"127.0.0.1","user_id":null}
{"timestamp":"2026-02-14 01:26:36.000000","request_id":"5c466479-4dee-4cb3-be85-dd4d0b7f5e6e","event":"debug","phase":"VALIDATION","message":"Polyline received","latency_ms":0,"data":{"point_count":11}}
{"timestamp":"2026-02-14 01:26:36.000000","request_id":"5c466479-4dee-4cb3-be85-dd4d0b7f5e6e","event":"debug","phase":"VALIDATION","message":"Input validated","latency_ms":0,"data":{"polyline_points":11,"categories":["temple","restaurant"],"radius_km":20}}
{"timestamp":"2026-02-14 01:26:36.000000","request_id":"5c466479-4dee-4cb3-be85-dd4d0b7f5e6e","event":"debug","phase":"BBOX_QUERY","message":"Executing spatial query","latency_ms":1,"data":{"min_lat":18.87481881981982,"max_lat":28.79407518018018,"min_lng":72.68902381981981,"max_lng":77.38918618018019,"categories":["temple","restaurant"]}}
{"timestamp":"2026-02-14 01:26:36.000000","request_id":"5c466479-4dee-4cb3-be85-dd4d0b7f5e6e","event":"debug","phase":"BBOX_RESULT","message":"Bounding box query completed","latency_ms":54,"data":{"pois_in_bbox":3592}}
{"timestamp":"2026-02-14 01:26:36.000000","request_id":"5c466479-4dee-4cb3-be85-dd4d0b7f5e6e","event":"debug","phase":"DISTANCE_FILTER","message":"Starting distance-to-route filtering","latency_ms":54,"data":{"all_pois_count":3592,"buffer_meters":20000}}
{"timestamp":"2026-02-14 01:26:36.000000","request_id":"5c466479-4dee-4cb3-be85-dd4d0b7f5e6e","event":"debug","phase":"DISTANCE_FILTER","message":"Filtering complete","latency_ms":81,"data":{"filtered_pois_count":111}}
{"timestamp":"2026-02-14 01:26:36.000000","request_id":"5c466479-4dee-4cb3-be85-dd4d0b7f5e6e","event":"response_success","endpoint":"/api/pois-for-route","http_code":200,"latency_ms":81,"cache_hit":false,"cache_miss":false,"data_count":100}
{"timestamp":"2026-02-14 01:26:36.000000","request_id":"5c466479-4dee-4cb3-be85-dd4d0b7f5e6e","event":"debug","phase":"RESPONSE","message":"Final POI count","latency_ms":81,"data":{"total_in_route":111,"returned":100,"by_category":{"restaurant":77,"temple":34}}}
{"timestamp":"2026-02-14 01:26:36.000000","request_id":"23c2dc1e-d6bc-41c4-a2b9-cecf13028c32","event":"request_start","endpoint":"/api/pois-for-route","method":"POST","ip_address":"127.0.0.1","user_id":null}
{"timestamp":"2026-02-14 01:26:36.000000","request_id":"23c2dc1e-d6bc-41c4-a2b9-cecf13028c32","event":"debug","phase":"VALIDATION","message":"Polyline received","latency_ms":0,"data":{"point_count":11}}
{"timestamp":"2026-02-14 01:26:36.000000","request_id":"23c2dc1e-d6bc-41c4-a2b9-cecf13028c32","event":"debug","phase":"VALIDATION","message":"Input validated","latency_ms":1,"data":{"polyline_points":11,"categories":["temple","restaurant"],"radius_km":20}}
{"timestamp":"2026-02-14 01:26:36.000000","request_id":"23c2dc1e-d6bc-41c4-a2b9-cecf13028c32","event":"debug","phase":"BBOX_QUERY","message":"Executing spatial query","latency_ms":1,"data":{"min_lat":18.87481881981982,"max_lat":28.79407518018018,"min_lng":72.68902381981981,"max_lng":77.38918618018019,"categories":["temple","restaurant"]}}
{"timestamp":"2026-02-14 01:26:36.000000","request_id":"23c2dc1e-d6bc-41c4-a2b9-cecf13028c32","event":"debug","phase":"BBOX_RESULT","message":"Bounding box query completed","latency_ms":54,"data":{"pois_in_bbox":3592}}
{"timestamp":"2026-02-14 01:26:36.000000","request_id":"23c2dc1e-d6bc-41c4-a2b9-cecf13028c32","event":"debug","phase":"DISTANCE_FILTER","message":"Starting distance-to-route filtering","latency_ms":54,"data":{"all_pois_count":3592,"buffer_meters":20000}}
{"timestamp":"2026-02-14 01:26:36.000000","request_id":"23c2dc1e-d6bc-41c4-a2b9-cecf13028c32","event":"debug","phase":"DISTANCE_FILTER","message":"Filtering complete","latency_ms":79,"data":{"filtered_pois_count":111}}
{"timestamp":"2026-02-14 01:26:36.000000","request_id":"23c2dc1e-d6bc-41c4-a2b9-cecf13028c32","event":"response_success","endpoint":"/api/pois-for-route","http_code":200,"latency_ms":80,"cache_hit":false,"cache_miss":false,"data_count":100}
{"timestamp":"2026-02-14 01:26:36.000000","request_id":"23c2dc1e-d6bc-41c4-a2b9-cecf13028c32","event":"debug","phase":"RESPONSE","message":"Final POI count","latency_ms":80,"data":{"total_in_route":111,"returned":100,"by_category":{"restaurant":77,"temple":34}}}
{"timestamp":"2026-02-14 01:26:36.000000","request_id":"cec6a586-8624-4711-aa9c-e000becb9c30","event":"request_start","endpoint":"/api/pois-for-route","method":"POST","ip_address":"127.0.0.1","user_id":null}
{"timestamp":"2026-02-14 01:26:36.000000","request_id":"cec6a586-8624-4711-aa9c-e000becb9c30","event":"debug","phase":"VALIDATION","message":"Polyline received","latency_ms":0,"data":{"point_count":11}}
{"timestamp":"2026-02-14 01:26:36.000000","request_id":"cec6a586-8624-4711-aa9c-e000becb9c30","event":"debug","phase":"VALIDATION","message":"Input validated","latency_ms":1,"data":{"polyline_points":11,"categories":["temple","restaurant"],"radius_km":20}}
{"timestamp":"2026-02-14 01:26:36.000000","request_id":"cec6a586-8624-4711-aa9c-e000becb9c30","event":"debug","phase":"BBOX_QUERY","message":"Executing spatial query","latency_ms":2,"data":{"min_lat":18.87481881981982,"max_lat":28.79407518018018,"min_lng":72.68902381981981,"max_lng":77.38918618018019,"categories":["temple","restaurant"]}}
{"timestamp":"2026-02-14 01:26:37.000000","request_id":"cec6a586-8624-4711-aa9c-e000becb9c30","event":"debug","phase":"BBOX_RESULT","message":"Bounding box query completed","latency_ms":55,"data":{"pois_in_bbox":3592}}
{"timestamp":"2026-02-14 01:26:37.000000","request_id":"cec6a586-8624-4711-aa9c-e000becb9c30","event":"debug","phase":"DISTANCE_FILTER","message":"Starting distance-to-route filtering","latency_ms":56,"data":{"all_pois_count":3592,"buffer_meters":20000}}
{"timestamp":"2026-02-14 01:26:37.000000","request_id":"cec6a586-8624-4711-aa9c-e000becb9c30","event":"debug","phase":"DISTANCE_FILTER","message":"Filtering complete","latency_ms":82,"data":{"filtered_pois_count":111}}
{"timestamp":"2026-02-14 01:26:37.000000","request_id":"cec6a586-8624-4711-aa9c-e000becb9c30","event":"response_success","endpoint":"/api/pois-for-route","http_code":200,"latency_ms":82,"cache_hit":false,"cache_miss":false,"data_count":100}
{"timestamp":"2026-02-14 01:26:37.000000","request_id":"cec6a586-8624-4711-aa9c-e000becb9c30","event":"debug","phase":"RESPONSE","message":"Final POI count","latency_ms":82,"data":{"total_in_route":111,"returned":100,"by_category":{"restaurant":77,"temple":34}}}
{"timestamp":"2026-02-14 01:26:37.000000","request_id":"8d45957a-420e-46d2-adb4-1d65e74151c0","event":"request_start","endpoint":"/api/pois-for-route","method":"POST","ip_address":"127.0.0.1","user_id":null}
{"timestamp":"2026-02-14 01:26:37.000000","request_id":"8d45957a-420e-46d2-adb4-1d65e74151c0","event":"debug","phase":"VALIDATION","message":"Polyline received","latency_ms":0,"data":{"point_count":11}}
{"timestamp":"2026-02-14 01:26:37.000000","request_id":"8d45957a-420e-46d2-adb4-1d65e74151c0","event":"debug","phase":"VALIDATION","message":"Input validated","latency_ms":0,"data":{"polyline_points":11,"categories":["temple","restaurant"],"radius_km":20}}
{"timestamp":"2026-02-14 01:26:37.000000","request_id":"8d45957a-420e-46d2-adb4-1d65e74151c0","event":"debug","phase":"BBOX_QUERY","message":"Executing spatial query","latency_ms":1,"data":{"min_lat":18.87481881981982,"max_lat":28.79407518018018,"min_lng":72.68902381981981,"max_lng":77.38918618018019,"categories":["temple","restaurant"]}}
{"timestamp":"2026-02-14 01:26:37.000000","request_id":"8d45957a-420e-46d2-adb4-1d65e74151c0","event":"debug","phase":"BBOX_RESULT","message":"Bounding box query completed","latency_ms":54,"data":{"pois_in_bbox":3592}}
{"timestamp":"2026-02-14 01:26:37.000000","request_id":"8d45957a-420e-46d2-adb4-1d65e74151c0","event":"debug","phase":"DISTANCE_FILTER","message":"Starting distance-to-route filtering","latency_ms":54,"data":{"all_pois_count":3592,"buffer_meters":20000}}
{"timestamp":"2026-02-14 01:26:37.000000","request_id":"8d45957a-420e-46d2-adb4-1d65e74151c0","event":"debug","phase":"DISTANCE_FILTER","message":"Filtering complete","latency_ms":80,"data":{"filtered_pois_count":111}}
{"timestamp":"2026-02-14 01:26:37.000000","request_id":"8d45957a-420e-46d2-adb4-1d65e74151c0","event":"response_success","endpoint":"/api/pois-for-route","http_code":200,"latency_ms":81,"cache_hit":false,"cache_miss":false,"data_count":100}
{"timestamp":"2026-02-14 01:26:37.000000","request_id":"8d45957a-420e-46d2-adb4-1d65e74151c0","event":"debug","phase":"RESPONSE","message":"Final POI count","latency_ms":81,"data":{"total_in_route":111,"returned":100,"by_category":{"restaurant":77,"temple":34}}}
{"timestamp":"2026-02-14 01:26:37.000000","request_id":"55b10a89-051a-4f66-8394-86a8808e2418","event":"request_start","endpoint":"/api/pois-for-route","method":"POST","ip_address":"127.0.0.1","user_id":null}
{"timestamp":"2026-02-14 01:26:37.000000","request_id":"55b10a89-051a-4f66-8394-86a8808e2418","event":"debug","phase":"VALIDATION","message":"Polyline received","latency_ms":0,"data":{"point_count":11}}
{"timestamp":"2026-02-14 01:26:37.000000","request_id":"55b10a89-051a-4f66-8394-86a8808e2418","event":"debug","phase":"VALIDATION","message":"Input validated","latency_ms":0,"data":{"polyline_points":11,"categories":["temple","restaurant"],"radius_km":20}}
{"timestamp":"2026-02-14 01:26:37.000000","request_id":"55b10a89-051a-4f66-8394-86a8808e2418","event":"debug","phase":"BBOX_QUERY","message":"Executing spatial query","latency_ms":1,"data":{"min_lat":18.87481881981982,"max_lat":28.79407518018018,"min_lng":72.68902381981981,"max_lng":77.38918618018019,"categories":["temple","restaurant"]}}
{"timestamp":"2026-02-14 01:26:37.000000","request_id":"55b10a89-051a-4f66-8394-86a8808e2418","event":"debug","phase":"BBOX_RESULT","message":"Bounding box query completed","latency_ms":60,"data":{"pois_in_bbox":3592}}
{"timestamp":"2026-02-14 01:26:37.000000","request_id":"55b10a89-051a-4f66-8394-86a8808e2418","event":"debug","phase":"DISTANCE_FILTER","message":"Starting distance-to-route filtering","latency_ms":61,"data":{"all_pois_count":3592,"buffer_meters":20000}}
{"timestamp":"2026-02-14 01:26:37.000000","request_id":"55b10a89-051a-4f66-8394-86a8808e2418","event":"debug","phase":"DISTANCE_FILTER","message":"Filtering complete","latency_ms":88,"data":{"filtered_pois_count":111}}
{"timestamp":"2026-02-14 01:26:37.000000","request_id":"55b10a89-051a-4f66-8394-86a8808e2418","event":"response_success","endpoint":"/api/pois-for-route","http_code":200,"latency_ms":89,"cache_hit":false,"cache_miss":false,"data_count":100}
{"timestamp":"2026-02-14 01:26:37.000000","request_id":"55b10a89-051a-4f66-8394-86a8808e2418","event":"debug","phase":"RESPONSE","message":"Final POI count","latency_ms":90,"data":{"total_in_route":111,"returned":100,"by_category":{"restaurant":77,"temple":34}}}
{"timestamp":"2026-02-14 01:26:37.000000","request_id":"b408794e-23f4-484a-9587-65394714fbe2","event":"request_start","endpoint":"/api/pois-for-route","method":"POST","ip_address":"127.0.0.1","user_id":null}
{"timestamp":"2026-02-14 01:26:37.000000","request_id":"b408794e-23f4-484a-9587-65394714fbe2","event":"debug","phase":"VALIDATION","message":"Polyline received","latency_ms":0,"data":{"point_count":11}}
{"timestamp":"2026-02-14 01:26:37.000000","request_id":"b408794e-23f4-484a-9587-65394714fbe2","event":"debug","phase":"VALIDATION","message":"Input validated","latency_ms":1,"data":{"polyline_points":11,"categories":["temple","restaurant"],"radius_km":20}}
{"timestamp":"2026-02-14 01:26:37.000000","request_id":"b408794e-23f4-484a-9587-65394714fbe2","event":"debug","phase":"BBOX_QUERY","message":"Executing spatial query","latency_ms":2,"data":{"min_lat":18.87481881981982,"max_lat":28.79407518018018,"min_lng":72.68902381981981,"max_lng":77.38918618018019,"categories":["temple","restaurant"]}}
{"timestamp":"2026-02-14 01:26:37.000000","request_id":"b408794e-23f4-484a-9587-65394714fbe2","event":"debug","phase":"BBOX_RESULT","message":"Bounding box query completed","latency_ms":55,"data":{"pois_in_bbox":3592}}
{"timestamp":"2026-02-14 01:26:37.000000","request_id":"b408794e-23f4-484a-9587-65394714fbe2","event":"debug","phase":"DISTANCE_FILTER","message":"Starting distance-to-route filtering","latency_ms":55,"data":{"all_pois_count":3592,"buffer_meters":20000}}
{"timestamp":"2026-02-14 01:26:37.000000","request_id":"b408794e-23f4-484a-9587-65394714fbe2","event":"debug","phase":"DISTANCE_FILTER","message":"Filtering complete","latency_ms":77,"data":{"filtered_pois_count":111}}
{"timestamp":"2026-02-14 01:26:37.000000","request_id":"b408794e-23f4-484a-9587-65394714fbe2","event":"response_success","endpoint":"/api/pois-for-route","http_code":200,"latency_ms":78,"cache_hit":false,"cache_miss":false,"data_count":100}
{"timestamp":"2026-02-14 01:26:37.000000","request_id":"b408794e-23f4-484a-9587-65394714fbe2","event":"debug","phase":"RESPONSE","message":"Final POI count","latency_ms":79,"data":{"total_in_route":111,"returned":100,"by_category":{"restaurant":77,"temple":34}}}
{"timestamp":"2026-02-14 01:26:37.000000","request_id":"ebf2ec55-33f4-460b-b9ed-244bbec75bf8","event":"request_start","endpoint":"/api/pois-for-route","method":"POST","ip_address":"127.0.0.1","user_id":null}
{"timestamp":"2026-02-14 01:26:37.000000","request_id":"ebf2ec55-33f4-460b-b9ed-244bbec75bf8","event":"debug","phase":"VALIDATION","message":"Polyline received","latency_ms":0,"data":{"point_count":11}}
{"timestamp":"2026-02-14 01:26:37.000000","request_id":"ebf2ec55-33f4-460b-b9ed-244bbec75bf8","event":"debug","phase":"VALIDATION","message":"Input validated","latency_ms":1,"data":{"polyline_points":11,"categories":["temple","restaurant"],"radius_km":20}}
{"timestamp":"2026-02-14 01:26:37.000000","request_id":"ebf2ec55-33f4-460b-b9ed-244bbec75bf8","event":"debug","phase":"BBOX_QUERY","message":"Executing spatial query","latency_ms":1,"data":{"min_lat":18.87481881981982,"max_lat":28.79407518018018,"min_lng":72.68902381981981,"max_lng":77.38918618018019,"categories":["temple","restaurant"]}}
{"timestamp":"2026-02-14 01:26:37.000000","request_id":"ebf2ec55-33f4-460b-b9ed-244bbec75bf8","event":"debug","phase":"BBOX_RESULT","message":"Bounding box query completed","latency_ms":65,"data":{"pois_in_bbox":3592}}
{"timestamp":"2026-02-14 01:26:37.000000","request_id":"ebf2ec55-33f4-460b-b9ed-244bbec75bf8","event":"debug","phase":"DISTANCE_FILTER","message":"Starting distance-to-route filtering","latency_ms":66,"data":{"all_pois_count":3592,"buffer_meters":20000}}
{"timestamp":"2026-02-14 01:26:37.000000","request_id":"ebf2ec55-33f4-460b-b9ed-244bbec75bf8","event":"debug","phase":"DISTANCE_FILTER","message":"Filtering complete","latency_ms":88,"data":{"filtered_pois_count":111}}
{"timestamp":"2026-02-14 01:26:37.000000","request_id":"ebf2ec55-33f4-460b-b9ed-244bbec75bf8","event":"response_success","endpoint":"/api/pois-for-route","http_code":200,"latency_ms":88,"cache_hit":false,"cache_miss":false,"data_count":100}
{"timestamp":"2026-02-14 01:26:37.000000","request_id":"ebf2ec55-33f4-460b-b9ed-244bbec75bf8","event":"debug","phase":"RESPONSE","message":"Final POI count","latency_ms":89,"data":{"total_in_route":111,"returned":100,"by_category":{"restaurant":77,"temple":34}}}
{"timestamp":"2026-02-14 01:26:37.000000","request_id":"87af39e4-3cf2-4ba5-aa90-7b37d18fc124","event":"request_start","endpoint":"/api/pois-for-route","method":"POST","ip_address":"127.0.0.1","user_id":null}
{"timestamp":"2026-02-14 01:26:37.000000","request_id":"87af39e4-3cf2-4ba5-aa90-7b37d18fc124","event":"debug","phase":"VALIDATION","message":"Polyline received","latency_ms":0,"data":{"point_count":11}}
{"timestamp":"2026-02-14 01:26:37.000000","request_id":"87af39e4-3cf2-4ba5-aa90-7b37d18fc124","event":"debug","phase":"VALIDATION","message":"Input validated","latency_ms":0,"data":{"polyline_points":11,"categories":["temple","restaurant"],"radius_km":20}}
{"timestamp":"2026-02-14 01:26:37.000000","request_id":"87af39e4-3cf2-4ba5-aa90-7b37d18fc124","event":"debug","phase":"BBOX_QUERY","message":"Executing spatial query","latency_ms":1,"data":{"min_lat":18.87481881981982,"max_lat":28.79407518018018,"min_lng":72.68902381981981,"max_lng":77.38918618018019,"categories":["temple","restaurant"]}}
{"timestamp":"2026-02-14 01:26:37.000000","request_id":"87af39e4-3cf2-4ba5-aa90-7b37d18fc124","event":"debug","phase":"BBOX_RESULT","message":"Bounding box query completed","latency_ms":46,"data":{"pois_in_bbox":3592}}
{"timestamp":"2026-02-14 01:26:37.000000","request_id":"87af39e4-3cf2-4ba5-aa90-7b37d18fc124","event":"debug","phase":"DISTANCE_FILTER","message":"Starting distance-to-route filtering","latency_ms":46,"data":{"all_pois_count":3592,"buffer_meters":20000}}
{"timestamp":"2026-02-14 01:26:37.000000","request_id":"87af39e4-3cf2-4ba5-aa90-7b37d18fc124","event":"debug","phase":"DISTANCE_FILTER","message":"Filtering complete","latency_ms":70,"data":{"filtered_pois_count":111}}
{"timestamp":"2026-02-14 01:26:37.000000","request_id":"87af39e4-3cf2-4ba5-aa90-7b37d18fc124","event":"response_success","endpoint":"/api/pois-for-route","http_code":200,"latency_ms":71,"cache_hit":false,"cache_miss":false,"data_count":100}
{"timestamp":"2026-02-14 01:26:37.000000","request_id":"87af39e4-3cf2-4ba5-aa90-7b37d18fc124","event":"debug","phase":"RESPONSE","message":"Final POI count","latency_ms":71,"data":{"total_in_route":111,"returned":100,"by_category":{"restaurant":77,"temple":34}}}
{"timestamp":"2026-02-14 01:26:37.000000","request_id":"ab63243b-fc96-40b8-84f2-92c3278dc3e5","event":"request_start","endpoint":"/api/pois-for-route","method":"POST","ip_address":"127.0.0.1","user_id":null}
{"timestamp":"2026-02-14 01:26:37.000000","request_id":"ab63243b-fc96-40b8-84f2-92c3278dc3e5","event":"debug","phase":"VALIDATION","message":"Polyline received","latency_ms":0,"data":{"point_count":11}}
{"timestamp":"2026-02-14 01:26:37.000000","request_id":"ab63243b-fc96-40b8-84f2-92c3278dc3e5","event":"debug","phase":"VALIDATION","message":"Input validated","latency_ms":1,"data":{"polyline_points":11,"categories":["temple","restaurant"],"radius_km":20}}
{"timestamp":"2026-02-14 01:26:37.000000","request_id":"ab63243b-fc96-40b8-84f2-92c3278dc3e5","event":"debug","phase":"BBOX_QUERY","message":"Executing spatial query","latency_ms":1,"data":{"min_lat":18.87481881981982,"max_lat":28.79407518018018,"min_lng":72.68902381981981,"max_lng":77.38918618018019,"categories":["temple","restaurant"]}}
{"timestamp":"2026-02-14 01:26:37.000000","request_id":"ab63243b-fc96-40b8-84f2-92c3278dc3e5","event":"debug","phase":"BBOX_RESULT","message":"Bounding box query completed","latency_ms":57,"data":{"pois_in_bbox":3592}}
{"timestamp":"2026-02-14 01:26:37.000000","request_id":"ab63243b-fc96-40b8-84f2-92c3278dc3e5","event":"debug","phase":"DISTANCE_FILTER","message":"Starting distance-to-route filtering","latency_ms":57,"data":{"all_pois_count":3592,"buffer_meters":20000}}
{"timestamp":"2026-02-14 01:26:37.000000","request_id":"ab63243b-fc96-40b8-84f2-92c3278dc3e5","event":"debug","phase":"DISTANCE_FILTER","message":"Filtering complete","latency_ms":84,"data":{"filtered_pois_count":111}}
{"timestamp":"2026-02-14 01:26:37.000000","request_id":"ab63243b-fc96-40b8-84f2-92c3278dc3e5","event":"response_success","endpoint":"/api/pois-for-route","http_code":200,"latency_ms":84,"cache_hit":false,"cache_miss":false,"data_count":100}
{"timestamp":"2026-02-14 01:26:37.000000","request_id":"ab63243b-fc96-40b8-84f2-92c3278dc3e5","event":"debug","phase":"RESPONSE","message":"Final POI count","latency_ms":85,"data":{"total_in_route":111,"returned":100,"by_category":{"restaurant":77,"temple":34}}}
{"timestamp":"2026-02-14 01:26:37.000000","request_id":"fc5713af-48fd-42e6-b7f3-d6b1aa754eb8","event":"request_start","endpoint":"/api/pois-for-route","method":"POST","ip_address":"127.0.0.1","user_id":null}
{"timestamp":"2026-02-14 01:26:37.000000","request_id":"fc5713af-48fd-42e6-b7f3-d6b1aa754eb8","event":"debug","phase":"VALIDATION","message":"Polyline received","latency_ms":0,"data":{"point_count":11}}
{"timestamp":"2026-02-14 01:26:37.000000","request_id":"fc5713af-48fd-42e6-b7f3-d6b1aa754eb8","event":"debug","phase":"VALIDATION","message":"Input validated","latency_ms":0,"data":{"polyline_points":11,"categories":["temple","restaurant"],"radius_km":20}}
{"timestamp":"2026-02-14 01:26:37.000000","request_id":"fc5713af-48fd-42e6-b7f3-d6b1aa754eb8","event":"debug","phase":"BBOX_QUERY","message":"Executing spatial query","latency_ms":0,"data":{"min_lat":18.87481881981982,"max_lat":28.79407518018018,"min_lng":72.68902381981981,"max_lng":77.38918618018019,"categories":["temple","restaurant"]}}
{"timestamp":"2026-02-14 01:26:37.000000","request_id":"fc5713af-48fd-42e6-b7f3-d6b1aa754eb8","event":"debug","phase":"BBOX_RESULT","message":"Bounding box query completed","latency_ms":68,"data":{"pois_in_bbox":3592}}
{"timestamp":"2026-02-14 01:26:37.000000","request_id":"fc5713af-48fd-42e6-b7f3-d6b1aa754eb8","event":"debug","phase":"DISTANCE_FILTER","message":"Starting distance-to-route filtering","latency_ms":68,"data":{"all_pois_count":3592,"buffer_meters":20000}}
{"timestamp":"2026-02-14 01:26:37.000000","request_id":"fc5713af-48fd-42e6-b7f3-d6b1aa754eb8","event":"debug","phase":"DISTANCE_FILTER","message":"Filtering complete","latency_ms":96,"data":{"filtered_pois_count":111}}
{"timestamp":"2026-02-14 01:26:37.000000","request_id":"fc5713af-48fd-42e6-b7f3-d6b1aa754eb8","event":"response_success","endpoint":"/api/pois-for-route","http_code":200,"latency_ms":97,"cache_hit":false,"cache_miss":false,"data_count":100}
{"timestamp":"2026-02-14 01:26:37.000000","request_id":"fc5713af-48fd-42e6-b7f3-d6b1aa754eb8","event":"debug","phase":"RESPONSE","message":"Final POI count","latency_ms":97,"data":{"total_in_route":111,"returned":100,"by_category":{"restaurant":77,"temple":34}}}
{"timestamp":"2026-02-14 01:26:37.000000","request_id":"1565ecc1-fac2-4399-91ef-5a6315fdf104","event":"request_start","endpoint":"/api/pois-for-route","method":"POST","ip_address":"127.0.0.1","user_id":null}
{"timestamp":"2026-02-14 01:26:37.000000","request_id":"1565ecc1-fac2-4399-91ef-5a6315fdf104","event":"debug","phase":"VALIDATION","message":"Polyline received","latency_ms":0,"data":{"point_count":11}}
{"timestamp":"2026-02-14 01:26:37.000000","request_id":"1565ecc1-fac2-4399-91ef-5a6315fdf104","event":"debug","phase":"VALIDATION","message":"Input validated","latency_ms":0,"data":{"polyline_points":11,"categories":["temple","restaurant"],"radius_km":20}}
{"timestamp":"2026-02-14 01:26:37.000000","request_id":"1565ecc1-fac2-4399-91ef-5a6315fdf104","event":"debug","phase":"BBOX_QUERY","message":"Executing spatial query","latency_ms":1,"data":{"min_lat":18.87481881981982,"max_lat":28.79407518018018,"min_lng":72.68902381981981,"max_lng":77.38918618018019,"categories":["temple","restaurant"]}}
{"timestamp":"2026-02-14 01:26:37.000000","request_id":"1565ecc1-fac2-4399-91ef-5a6315fdf104","event":"debug","phase":"BBOX_RESULT","message":"Bounding box query completed","latency_ms":54,"data":{"pois_in_bbox":3592}}
{"timestamp":"2026-02-14 01:26:37.000000","request_id":"1565ecc1-fac2-4399-91ef-5a6315fdf104","event":"debug","phase":"DISTANCE_FILTER","message":"Starting distance-to-route filtering","latency_ms":54,"data":{"all_pois_count":3592,"buffer_meters":20000}}
{"timestamp":"2026-02-14 01:26:37.000000","request_id":"1565ecc1-fac2-4399-91ef-5a6315fdf104","event":"debug","phase":"DISTANCE_FILTER","message":"Filtering complete","latency_ms":74,"data":{"filtered_pois_count":111}}
{"timestamp":"2026-02-14 01:26:37.000000","request_id":"1565ecc1-fac2-4399-91ef-5a6315fdf104","event":"response_success","endpoint":"/api/pois-for-route","http_code":200,"latency_ms":75,"cache_hit":false,"cache_miss":false,"data_count":100}
{"timestamp":"2026-02-14 01:26:37.000000","request_id":"1565ecc1-fac2-4399-91ef-5a6315fdf104","event":"debug","phase":"RESPONSE","message":"Final POI count","latency_ms":75,"data":{"total_in_route":111,"returned":100,"by_category":{"restaurant":77,"temple":34}}}
{"timestamp":"2026-02-14 01:26:37.000000","request_id":"60b630b9-4c0b-43f2-aa63-480ea9e6632a","event":"request_start","endpoint":"/api/pois-for-route","method":"POST","ip_address":"127.0.0.1","user_id":null}
{"timestamp":"2026-02-14 01:26:37.000000","request_id":"60b630b9-4c0b-43f2-aa63-480ea9e6632a","event":"debug","phase":"VALIDATION","message":"Polyline received","latency_ms":0,"data":{"point_count":11}}
{"timestamp":"2026-02-14 01:26:37.000000","request_id":"60b630b9-4c0b-43f2-aa63-480ea9e6632a","event":"debug","phase":"VALIDATION","message":"Input validated","latency_ms":0,"data":{"polyline_points":11,"categories":["temple","restaurant"],"radius_km":20}}
{"timestamp":"2026-02-14 01:26:37.000000","request_id":"60b630b9-4c0b-43f2-aa63-480ea9e6632a","event":"debug","phase":"BBOX_QUERY","message":"Executing spatial query","latency_ms":0,"data":{"min_lat":18.87481881981982,"max_lat":28.79407518018018,"min_lng":72.68902381981981,"max_lng":77.38918618018019,"categories":["temple","restaurant"]}}
{"timestamp":"2026-02-14 01:26:37.000000","request_id":"60b630b9-4c0b-43f2-aa63-480ea9e6632a","event":"debug","phase":"BBOX_RESULT","message":"Bounding box query completed","latency_ms":54,"data":{"pois_in_bbox":3592}}
{"timestamp":"2026-02-14 01:26:37.000000","request_id":"60b630b9-4c0b-43f2-aa63-480ea9e6632a","event":"debug","phase":"DISTANCE_FILTER","message":"Starting distance-to-route filtering","latency_ms":54,"data":{"all_pois_count":3592,"buffer_meters":20000}}
{"timestamp":"2026-02-14 01:26:37.000000","request_id":"60b630b9-4c0b-43f2-aa63-480ea9e6632a","event":"debug","phase":"DISTANCE_FILTER","message":"Filtering complete","latency_ms":78,"data":{"filtered_pois_count":111}}
{"timestamp":"2026-02-14 01:26:37.000000","request_id":"60b630b9-4c0b-43f2-aa63-480ea9e6632a","event":"response_success","endpoint":"/api/pois-for-route","http_code":200,"latency_ms":79,"cache_hit":false,"cache_miss":false,"data_count":100}
{"timestamp":"2026-02-14 01:26:37.000000","request_id":"60b630b9-4c0b-43f2-aa63-480ea9e6632a","event":"debug","phase":"RESPONSE","message":"Final POI count","latency_ms":79,"data":{"total_in_route":111,"returned":100,"by_category":{"restaurant":77,"temple":34}}}
{"timestamp":"2026-02-14 01:26:37.000000","request_id":"88fc4d34-810c-4da9-98c4-83f3461f0c01","event":"request_start","endpoint":"/api/pois-for-route","method":"POST","ip_address":"127.0.0.1","user_id":null}
{"timestamp":"2026-02-14 01:26:37.000000","request_id":"88fc4d34-810c-4da9-98c4-83f3461f0c01","event":"debug","phase":"VALIDATION","message":"Polyline received","latency_ms":0,"data":{"point_count":11}}
{"timestamp":"2026-02-14 01:26:37.000000","request_id":"88fc4d34-810c-4da9-98c4-83f3461f0c01","event":"debug","phase":"VALIDATION","message":"Input validated","latency_ms":1,"data":{"polyline_points":11,"categories":["temple","restaurant"],"radius_km":20}}
{"timestamp":"2026-02-14 01:26:37.000000","request_id":"88fc4d34-810c-4da9-98c4-83f3461f0c01","event":"debug","phase":"BBOX_QUERY","message":"Executing spatial query","latency_ms":1,"data":{"min_lat":18.87481881981982,"max_lat":28.79407518018018,"min_lng":72.68902381981981,"max_lng":77.38918618018019,"categories":["temple","restaurant"]}}
{"timestamp":"2026-02-14 01:26:38.000000","request_id":"88fc4d34-810c-4da9-98c4-83f3461f0c01","event":"debug","phase":"BBOX_RESULT","message":"Bounding box query completed","latency_ms":57,"data":{"pois_in_bbox":3592}}
{"timestamp":"2026-02-14 01:26:38.000000","request_id":"88fc4d34-810c-4da9-98c4-83f3461f0c01","event":"debug","phase":"DISTANCE_FILTER","message":"Starting distance-to-route filtering","latency_ms":58,"data":{"all_pois_count":3592,"buffer_meters":20000}}
{"timestamp":"2026-02-14 01:26:38.000000","request_id":"88fc4d34-810c-4da9-98c4-83f3461f0c01","event":"debug","phase":"DISTANCE_FILTER","message":"Filtering complete","latency_ms":81,"data":{"filtered_pois_count":111}}
{"timestamp":"2026-02-14 01:26:38.000000","request_id":"88fc4d34-810c-4da9-98c4-83f3461f0c01","event":"response_success","endpoint":"/api/pois-for-route","http_code":200,"latency_ms":82,"cache_hit":false,"cache_miss":false,"data_count":100}
{"timestamp":"2026-02-14 01:26:38.000000","request_id":"88fc4d34-810c-4da9-98c4-83f3461f0c01","event":"debug","phase":"RESPONSE","message":"Final POI count","latency_ms":82,"data":{"total_in_route":111,"returned":100,"by_category":{"restaurant":77,"temple":34}}}
{"timestamp":"2026-02-14 01:26:38.000000","request_id":"f2c1403d-eb11-4631-8265-dad9f7914ef8","event":"request_start","endpoint":"/api/pois-for-route","method":"POST","ip_address":"127.0.0.1","user_id":null}
{"timestamp":"2026-02-14 01:26:38.000000","request_id":"f2c1403d-eb11-4631-8265-dad9f7914ef8","event":"debug","phase":"VALIDATION","message":"Polyline received","latency_ms":0,"data":{"point_count":11}}
{"timestamp":"2026-02-14 01:26:38.000000","request_id":"f2c1403d-eb11-4631-8265-dad9f7914ef8","event":"debug","phase":"VALIDATION","message":"Input validated","latency_ms":0,"data":{"polyline_points":11,"categories":["temple","restaurant"],"radius_km":20}}
{"timestamp":"2026-02-14 01:26:38.000000","request_id":"f2c1403d-eb11-4631-8265-dad9f7914ef8","event":"debug","phase":"BBOX_QUERY","message":"Executing spatial query","latency_ms":1,"data":{"min_lat":18.87481881981982,"max_lat":28.79407518018018,"min_lng":72.68902381981981,"max_lng":77.38918618018019,"categories":["temple","restaurant"]}}
{"timestamp":"2026-02-14 01:26:38.000000","request_id":"f2c1403d-eb11-4631-8265-dad9f7914ef8","event":"debug","phase":"BBOX_RESULT","message":"Bounding box query completed","latency_ms":57,"data":{"pois_in_bbox":3592}}
{"timestamp":"2026-02-14 01:26:38.000000","request_id":"f2c1403d-eb11-4631-8265-dad9f7914ef8","event":"debug","phase":"DISTANCE_FILTER","message":"Starting distance-to-route filtering","latency_ms":58,"data":{"all_pois_count":3592,"buffer_meters":20000}}
{"timestamp":"2026-02-14 01:26:38.000000","request_id":"f2c1403d-eb11-4631-8265-dad9f7914ef8","event":"debug","phase":"DISTANCE_FILTER","message":"Filtering complete","latency_ms":82,"data":{"filtered_pois_count":111}}
{"timestamp":"2026-02-14 01:26:38.000000","request_id":"f2c1403d-eb11-4631-8265-dad9f7914ef8","event":"response_success","endpoint":"/api/pois-for-route","http_code":200,"latency_ms":82,"cache_hit":false,"cache_miss":false,"data_count":100}
{"timestamp":"2026-02-14 01:26:38.000000","request_id":"f2c1403d-eb11-4631-8265-dad9f7914ef8","event":"debug","phase":"RESPONSE","message":"Final POI count","latency_ms":83,"data":{"total_in_route":111,"returned":100,"by_category":{"restaurant":77,"temple":34}}}
{"timestamp":"2026-02-14 01:26:38.000000","request_id":"3eaf2fc1-e92c-4869-abf4-1a066988e4e4","event":"request_start","endpoint":"/api/pois-for-route","method":"POST","ip_address":"127.0.0.1","user_id":null}
{"timestamp":"2026-02-14 01:26:38.000000","request_id":"3eaf2fc1-e92c-4869-abf4-1a066988e4e4","event":"debug","phase":"VALIDATION","message":"Polyline received","latency_ms":0,"data":{"point_count":11}}
{"timestamp":"2026-02-14 01:26:38.000000","request_id":"3eaf2fc1-e92c-4869-abf4-1a066988e4e4","event":"debug","phase":"VALIDATION","message":"Input validated","latency_ms":0,"data":{"polyline_points":11,"categories":["temple","restaurant"],"radius_km":20}}
{"timestamp":"2026-02-14 01:26:38.000000","request_id":"3eaf2fc1-e92c-4869-abf4-1a066988e4e4","event":"debug","phase":"BBOX_QUERY","message":"Executing spatial query","latency_ms":1,"data":{"min_lat":18.87481881981982,"max_lat":28.79407518018018,"min_lng":72.68902381981981,"max_lng":77.38918618018019,"categories":["temple","restaurant"]}}
{"timestamp":"2026-02-14 01:26:38.000000","request_id":"3eaf2fc1-e92c-4869-abf4-1a066988e4e4","event":"debug","phase":"BBOX_RESULT","message":"Bounding box query completed","latency_ms":60,"data":{"pois_in_bbox":3592}}
{"timestamp":"2026-02-14 01:26:38.000000","request_id":"3eaf2fc1-e92c-4869-abf4-1a066988e4e4","event":"debug","phase":"DISTANCE_FILTER","message":"Starting distance-to-route filtering","latency_ms":61,"data":{"all_pois_count":3592,"buffer_meters":20000}}
{"timestamp":"2026-02-14 01:26:38.000000","request_id":"3eaf2fc1-e92c-4869-abf4-1a066988e4e4","event":"debug","phase":"DISTANCE_FILTER","message":"Filtering complete","latency_ms":87,"data":{"filtered_pois_count":111}}
{"timestamp":"2026-02-14 01:26:38.000000","request_id":"3eaf2fc1-e92c-4869-abf4-1a066988e4e4","event":"response_success","endpoint":"/api/pois-for-route","http_code":200,"latency_ms":87,"cache_hit":false,"cache_miss":false,"data_count":100}
{"timestamp":"2026-02-14 01:26:38.000000","request_id":"3eaf2fc1-e92c-4869-abf4-1a066988e4e4","event":"debug","phase":"RESPONSE","message":"Final POI count","latency_ms":88,"data":{"total_in_route":111,"returned":100,"by_category":{"restaurant":77,"temple":34}}}
{"timestamp":"2026-02-14 01:26:38.000000","request_id":"af0d16f0-3f13-4594-9b39-863d81484a34","event":"request_start","endpoint":"/api/pois-for-route","method":"POST","ip_address":"127.0.0.1","user_id":null}
{"timestamp":"2026-02-14 01:26:38.000000","request_id":"af0d16f0-3f13-4594-9b39-863d81484a34","event":"debug","phase":"VALIDATION","message":"Polyline received","latency_ms":0,"data":{"point_count":11}}
{"timestamp":"2026-02-14 01:26:38.000000","request_id":"af0d16f0-3f13-4594-9b39-863d81484a34","event":"debug","phase":"VALIDATION","message":"Input validated","latency_ms":0,"data":{"polyline_points":11,"categories":["temple","restaurant"],"radius_km":20}}
{"timestamp":"2026-02-14 01:26:38.000000","request_id":"af0d16f0-3f13-4594-9b39-863d81484a34","event":"debug","phase":"BBOX_QUERY","message":"Executing spatial query","latency_ms":0,"data":{"min_lat":18.87481881981982,"max_lat":28.79407518018018,"min_lng":72.68902381981981,"max_lng":77.38918618018019,"categories":["temple","restaurant"]}}
{"timestamp":"2026-02-14 01:26:38.000000","request_id":"af0d16f0-3f13-4594-9b39-863d81484a34","event":"debug","phase":"BBOX_RESULT","message":"Bounding box query completed","latency_ms":54,"data":{"pois_in_bbox":3592}}
{"timestamp":"2026-02-14 01:26:38.000000","request_id":"af0d16f0-3f13-4594-9b39-863d81484a34","event":"debug","phase":"DISTANCE_FILTER","message":"Starting distance-to-route filtering","latency_ms":54,"data":{"all_pois_count":3592,"buffer_meters":20000}}
{"timestamp":"2026-02-14 01:26:38.000000","request_id":"af0d16f0-3f13-4594-9b39-863d81484a34","event":"debug","phase":"DISTANCE_FILTER","message":"Filtering complete","latency_ms":78,"data":{"filtered_pois_count":111}}
{"timestamp":"2026-02-14 01:26:38.000000","request_id":"af0d16f0-3f13-4594-9b39-863d81484a34","event":"response_success","endpoint":"/api/pois-for-route","http_code":200,"latency_ms":78,"cache_hit":false,"cache_miss":false,"data_count":100}
{"timestamp":"2026-02-14 01:26:38.000000","request_id":"af0d16f0-3f13-4594-9b39-863d81484a34","event":"debug","phase":"RESPONSE","message":"Final POI count","latency_ms":79,"data":{"total_in_route":111,"returned":100,"by_category":{"restaurant":77,"temple":34}}}
{"timestamp":"2026-02-14 01:26:38.000000","request_id":"5896b47b-0833-4673-b1b4-2eff8c685387","event":"request_start","endpoint":"/api/pois-for-route","method":"POST","ip_address":"127.0.0.1","user_id":null}
{"timestamp":"2026-02-14 01:26:38.000000","request_id":"5896b47b-0833-4673-b1b4-2eff8c685387","event":"debug","phase":"VALIDATION","message":"Polyline received","latency_ms":0,"data":{"point_count":11}}
{"timestamp":"2026-02-14 01:26:38.000000","request_id":"5896b47b-0833-4673-b1b4-2eff8c685387","event":"debug","phase":"VALIDATION","message":"Input validated","latency_ms":0,"data":{"polyline_points":11,"categories":["temple","restaurant"],"radius_km":20}}
{"timestamp":"2026-02-14 01:26:38.000000","request_id":"5896b47b-0833-4673-b1b4-2eff8c685387","event":"debug","phase":"BBOX_QUERY","message":"Executing spatial query","latency_ms":1,"data":{"min_lat":18.87481881981982,"max_lat":28.79407518018018,"min_lng":72.68902381981981,"max_lng":77.38918618018019,"categories":["temple","restaurant"]}}
{"timestamp":"2026-02-14 01:26:38.000000","request_id":"5896b47b-0833-4673-b1b4-2eff8c685387","event":"debug","phase":"BBOX_RESULT","message":"Bounding box query completed","latency_ms":58,"data":{"pois_in_bbox":3592}}
{"timestamp":"2026-02-14 01:26:38.000000","request_id":"5896b47b-0833-4673-b1b4-2eff8c685387","event":"debug","phase":"DISTANCE_FILTER","message":"Starting distance-to-route filtering","latency_ms":58,"data":{"all_pois_count":3592,"buffer_meters":20000}}
{"timestamp":"2026-02-14 01:26:38.000000","request_id":"5896b47b-0833-4673-b1b4-2eff8c685387","event":"debug","phase":"DISTANCE_FILTER","message":"Filtering complete","latency_ms":86,"data":{"filtered_pois_count":111}}
{"timestamp":"2026-02-14 01:26:38.000000","request_id":"5896b47b-0833-4673-b1b4-2eff8c685387","event":"response_success","endpoint":"/api/pois-for-route","http_code":200,"latency_ms":86,"cache_hit":false,"cache_miss":false,"data_count":100}
{"timestamp":"2026-02-14 01:26:38.000000","request_id":"5896b47b-0833-4673-b1b4-2eff8c685387","event":"debug","phase":"RESPONSE","message":"Final POI count","latency_ms":86,"data":{"total_in_route":111,"returned":100,"by_category":{"restaurant":77,"temple":34}}}
{"timestamp":"2026-02-14 01:26:38.000000","request_id":"2e5f2d3d-f9e6-41b6-867e-f93a45130c95","event":"request_start","endpoint":"/api/pois-for-route","method":"POST","ip_address":"127.0.0.1","user_id":null}
{"timestamp":"2026-02-14 01:26:38.000000","request_id":"2e5f2d3d-f9e6-41b6-867e-f93a45130c95","event":"debug","phase":"VALIDATION","message":"Polyline received","latency_ms":0,"data":{"point_count":11}}
{"timestamp":"2026-02-14 01:26:38.000000","request_id":"2e5f2d3d-f9e6-41b6-867e-f93a45130c95","event":"debug","phase":"VALIDATION","message":"Input validated","latency_ms":0,"data":{"polyline_points":11,"categories":["temple","restaurant"],"radius_km":20}}
{"timestamp":"2026-02-14 01:26:38.000000","request_id":"2e5f2d3d-f9e6-41b6-867e-f93a45130c95","event":"debug","phase":"BBOX_QUERY","message":"Executing spatial query","latency_ms":1,"data":{"min_lat":18.87481881981982,"max_lat":28.79407518018018,"min_lng":72.68902381981981,"max_lng":77.38918618018019,"categories":["temple","restaurant"]}}
{"timestamp":"2026-02-14 01:26:38.000000","request_id":"2e5f2d3d-f9e6-41b6-867e-f93a45130c95","event":"debug","phase":"BBOX_RESULT","message":"Bounding box query completed","latency_ms":63,"data":{"pois_in_bbox":3592}}
{"timestamp":"2026-02-14 01:26:38.000000","request_id":"2e5f2d3d-f9e6-41b6-867e-f93a45130c95","event":"debug","phase":"DISTANCE_FILTER","message":"Starting distance-to-route filtering","latency_ms":63,"data":{"all_pois_count":3592,"buffer_meters":20000}}
{"timestamp":"2026-02-14 01:26:38.000000","request_id":"2e5f2d3d-f9e6-41b6-867e-f93a45130c95","event":"debug","phase":"DISTANCE_FILTER","message":"Filtering complete","latency_ms":88,"data":{"filtered_pois_count":111}}
{"timestamp":"2026-02-14 01:26:38.000000","request_id":"2e5f2d3d-f9e6-41b6-867e-f93a45130c95","event":"response_success","endpoint":"/api/pois-for-route","http_code":200,"latency_ms":88,"cache_hit":false,"cache_miss":false,"data_count":100}
{"timestamp":"2026-02-14 01:26:38.000000","request_id":"2e5f2d3d-f9e6-41b6-867e-f93a45130c95","event":"debug","phase":"RESPONSE","message":"Final POI count","latency_ms":89,"data":{"total_in_route":111,"returned":100,"by_category":{"restaurant":77,"temple":34}}}
{"timestamp":"2026-02-14 01:26:38.000000","request_id":"b250f032-8f31-448f-bfba-69d8104f18a1","event":"request_start","endpoint":"/api/pois-for-route","method":"POST","ip_address":"127.0.0.1","user_id":null}
{"timestamp":"2026-02-14 01:26:38.000000","request_id":"b250f032-8f31-448f-bfba-69d8104f18a1","event":"debug","phase":"VALIDATION","message":"Polyline received","latency_ms":0,"data":{"point_count":11}}
{"timestamp":"2026-02-14 01:26:38.000000","request_id":"b250f032-8f31-448f-bfba-69d8104f18a1","event":"debug","phase":"VALIDATION","message":"Input validated","latency_ms":0,"data":{"polyline_points":11,"categories":["temple","restaurant"],"radius_km":20}}
{"timestamp":"2026-02-14 01:26:38.000000","request_id":"b250f032-8f31-448f-bfba-69d8104f18a1","event":"debug","phase":"BBOX_QUERY","message":"Executing spatial query","latency_ms":1,"data":{"min_lat":18.87481881981982,"max_lat":28.79407518018018,"min_lng":72.68902381981981,"max_lng":77.38918618018019,"categories":["temple","restaurant"]}}
{"timestamp":"2026-02-14 01:26:38.000000","request_id":"b250f032-8f31-448f-bfba-69d8104f18a1","event":"debug","phase":"BBOX_RESULT","message":"Bounding box query completed","latency_ms":55,"data":{"pois_in_bbox":3592}}
{"timestamp":"2026-02-14 01:26:38.000000","request_id":"b250f032-8f31-448f-bfba-69d8104f18a1","event":"debug","phase":"DISTANCE_FILTER","message":"Starting distance-to-route filtering","latency_ms":55,"data":{"all_pois_count":3592,"buffer_meters":20000}}
{"timestamp":"2026-02-14 01:26:38.000000","request_id":"b250f032-8f31-448f-bfba-69d8104f18a1","event":"debug","phase":"DISTANCE_FILTER","message":"Filtering complete","latency_ms":80,"data":{"filtered_pois_count":111}}
{"timestamp":"2026-02-14 01:26:38.000000","request_id":"b250f032-8f31-448f-bfba-69d8104f18a1","event":"response_success","endpoint":"/api/pois-for-route","http_code":200,"latency_ms":80,"cache_hit":false,"cache_miss":false,"data_count":100}
{"timestamp":"2026-02-14 01:26:38.000000","request_id":"b250f032-8f31-448f-bfba-69d8104f18a1","event":"debug","phase":"RESPONSE","message":"Final POI count","latency_ms":81,"data":{"total_in_route":111,"returned":100,"by_category":{"restaurant":77,"temple":34}}}
{"timestamp":"2026-02-14 01:26:38.000000","request_id":"bbd347db-1dc7-4088-b6f8-ff44470faff9","event":"request_start","endpoint":"/api/pois-for-route","method":"POST","ip_address":"127.0.0.1","user_id":null}
{"timestamp":"2026-02-14 01:26:38.000000","request_id":"bbd347db-1dc7-4088-b6f8-ff44470faff9","event":"debug","phase":"VALIDATION","message":"Polyline received","latency_ms":0,"data":{"point_count":11}}
{"timestamp":"2026-02-14 01:26:38.000000","request_id":"bbd347db-1dc7-4088-b6f8-ff44470faff9","event":"debug","phase":"VALIDATION","message":"Input validated","latency_ms":1,"data":{"polyline_points":11,"categories":["temple","restaurant"],"radius_km":20}}
{"timestamp":"2026-02-14 01:26:38.000000","request_id":"bbd347db-1dc7-4088-b6f8-ff44470faff9","event":"debug","phase":"BBOX_QUERY","message":"Executing spatial query","latency_ms":1,"data":{"min_lat":18.87481881981982,"max_lat":28.79407518018018,"min_lng":72.68902381981981,"max_lng":77.38918618018019,"categories":["temple","restaurant"]}}
{"timestamp":"2026-02-14 01:26:38.000000","request_id":"bbd347db-1dc7-4088-b6f8-ff44470faff9","event":"debug","phase":"BBOX_RESULT","message":"Bounding box query completed","latency_ms":59,"data":{"pois_in_bbox":3592}}
{"timestamp":"2026-02-14 01:26:38.000000","request_id":"bbd347db-1dc7-4088-b6f8-ff44470faff9","event":"debug","phase":"DISTANCE_FILTER","message":"Starting distance-to-route filtering","latency_ms":59,"data":{"all_pois_count":3592,"buffer_meters":20000}}
{"timestamp":"2026-02-14 01:26:38.000000","request_id":"bbd347db-1dc7-4088-b6f8-ff44470faff9","event":"debug","phase":"DISTANCE_FILTER","message":"Filtering complete","latency_ms":88,"data":{"filtered_pois_count":111}}
{"timestamp":"2026-02-14 01:26:38.000000","request_id":"bbd347db-1dc7-4088-b6f8-ff44470faff9","event":"response_success","endpoint":"/api/pois-for-route","http_code":200,"latency_ms":89,"cache_hit":false,"cache_miss":false,"data_count":100}
{"timestamp":"2026-02-14 01:26:38.000000","request_id":"bbd347db-1dc7-4088-b6f8-ff44470faff9","event":"debug","phase":"RESPONSE","message":"Final POI count","latency_ms":89,"data":{"total_in_route":111,"returned":100,"by_category":{"restaurant":77,"temple":34}}}
{"timestamp":"2026-02-14 01:26:38.000000","request_id":"8c5ca235-d7b7-4b18-9b53-d1277fe7f56d","event":"request_start","endpoint":"/api/pois-for-route","method":"POST","ip_address":"127.0.0.1","user_id":null}
{"timestamp":"2026-02-14 01:26:38.000000","request_id":"8c5ca235-d7b7-4b18-9b53-d1277fe7f56d","event":"debug","phase":"VALIDATION","message":"Polyline received","latency_ms":0,"data":{"point_count":11}}
{"timestamp":"2026-02-14 01:26:38.000000","request_id":"8c5ca235-d7b7-4b18-9b53-d1277fe7f56d","event":"debug","phase":"VALIDATION","message":"Input validated","latency_ms":1,"data":{"polyline_points":11,"categories":["temple","restaurant"],"radius_km":20}}
{"timestamp":"2026-02-14 01:26:38.000000","request_id":"8c5ca235-d7b7-4b18-9b53-d1277fe7f56d","event":"debug","phase":"BBOX_QUERY","message":"Executing spatial query","latency_ms":1,"data":{"min_lat":18.87481881981982,"max_lat":28.79407518018018,"min_lng":72.68902381981981,"max_lng":77.38918618018019,"categories":["temple","restaurant"]}}
{"timestamp":"2026-02-14 01:26:38.000000","request_id":"8c5ca235-d7b7-4b18-9b53-d1277fe7f56d","event":"debug","phase":"BBOX_RESULT","message":"Bounding box query completed","latency_ms":63,"data":{"pois_in_bbox":3592}}
{"timestamp":"2026-02-14 01:26:38.000000","request_id":"8c5ca235-d7b7-4b18-9b53-d1277fe7f56d","event":"debug","phase":"DISTANCE_FILTER","message":"Starting distance-to-route filtering","latency_ms":64,"data":{"all_pois_count":3592,"buffer_meters":20000}}
{"timestamp":"2026-02-14 01:26:38.000000","request_id":"8c5ca235-d7b7-4b18-9b53-d1277fe7f56d","event":"debug","phase":"DISTANCE_FILTER","message":"Filtering complete","latency_ms":90,"data":{"filtered_pois_count":111}}
{"timestamp":"2026-02-14 01:26:38.000000","request_id":"8c5ca235-d7b7-4b18-9b53-d1277fe7f56d","event":"response_success","endpoint":"/api/pois-for-route","http_code":200,"latency_ms":91,"cache_hit":false,"cache_miss":false,"data_count":100}
{"timestamp":"2026-02-14 01:26:38.000000","request_id":"8c5ca235-d7b7-4b18-9b53-d1277fe7f56d","event":"debug","phase":"RESPONSE","message":"Final POI count","latency_ms":91,"data":{"total_in_route":111,"returned":100,"by_category":{"restaurant":77,"temple":34}}}
{"timestamp":"2026-02-14 01:26:38.000000","request_id":"a9111cb8-8f3e-4317-9f9a-b10ab7e4346a","event":"request_start","endpoint":"/api/pois-for-route","method":"POST","ip_address":"127.0.0.1","user_id":null}
{"timestamp":"2026-02-14 01:26:38.000000","request_id":"a9111cb8-8f3e-4317-9f9a-b10ab7e4346a","event":"debug","phase":"VALIDATION","message":"Polyline received","latency_ms":0,"data":{"point_count":11}}
{"timestamp":"2026-02-14 01:26:38.000000","request_id":"a9111cb8-8f3e-4317-9f9a-b10ab7e4346a","event":"debug","phase":"VALIDATION","message":"Input validated","latency_ms":1,"data":{"polyline_points":11,"categories":["temple","restaurant"],"radius_km":20}}
{"timestamp":"2026-02-14 01:26:38.000000","request_id":"a9111cb8-8f3e-4317-9f9a-b10ab7e4346a","event":"debug","phase":"BBOX_QUERY","message":"Executing spatial query","latency_ms":2,"data":{"min_lat":18.87481881981982,"max_lat":28.79407518018018,"min_lng":72.68902381981981,"max_lng":77.38918618018019,"categories":["temple","restaurant"]}}
{"timestamp":"2026-02-14 01:26:38.000000","request_id":"a9111cb8-8f3e-4317-9f9a-b10ab7e4346a","event":"debug","phase":"BBOX_RESULT","message":"Bounding box query completed","latency_ms":64,"data":{"pois_in_bbox":3592}}
{"timestamp":"2026-02-14 01:26:38.000000","request_id":"a9111cb8-8f3e-4317-9f9a-b10ab7e4346a","event":"debug","phase":"DISTANCE_FILTER","message":"Starting distance-to-route filtering","latency_ms":64,"data":{"all_pois_count":3592,"buffer_meters":20000}}
{"timestamp":"2026-02-14 01:26:38.000000","request_id":"a9111cb8-8f3e-4317-9f9a-b10ab7e4346a","event":"debug","phase":"DISTANCE_FILTER","message":"Filtering complete","latency_ms":92,"data":{"filtered_pois_count":111}}
{"timestamp":"2026-02-14 01:26:38.000000","request_id":"a9111cb8-8f3e-4317-9f9a-b10ab7e4346a","event":"response_success","endpoint":"/api/pois-for-route","http_code":200,"latency_ms":93,"cache_hit":false,"cache_miss":false,"data_count":100}
{"timestamp":"2026-02-14 01:26:38.000000","request_id":"a9111cb8-8f3e-4317-9f9a-b10ab7e4346a","event":"debug","phase":"RESPONSE","message":"Final POI count","latency_ms":93,"data":{"total_in_route":111,"returned":100,"by_category":{"restaurant":77,"temple":34}}}
{"timestamp":"2026-02-14 01:26:38.000000","request_id":"f6634c89-1111-4eaf-9b33-88b24654c06c","event":"request_start","endpoint":"/api/pois-for-route","method":"POST","ip_address":"127.0.0.1","user_id":null}
{"timestamp":"2026-02-14 01:26:38.000000","request_id":"f6634c89-1111-4eaf-9b33-88b24654c06c","event":"debug","phase":"VALIDATION","message":"Polyline received","latency_ms":0,"data":{"point_count":11}}
{"timestamp":"2026-02-14 01:26:38.000000","request_id":"f6634c89-1111-4eaf-9b33-88b24654c06c","event":"debug","phase":"VALIDATION","message":"Input validated","latency_ms":0,"data":{"polyline_points":11,"categories":["temple","restaurant"],"radius_km":20}}
{"timestamp":"2026-02-14 01:26:38.000000","request_id":"f6634c89-1111-4eaf-9b33-88b24654c06c","event":"debug","phase":"BBOX_QUERY","message":"Executing spatial query","latency_ms":1,"data":{"min_lat":18.87481881981982,"max_lat":28.79407518018018,"min_lng":72.68902381981981,"max_lng":77.38918618018019,"categories":["temple","restaurant"]}}
{"timestamp":"2026-02-14 01:26:39.000000","request_id":"f6634c89-1111-4eaf-9b33-88b24654c06c","event":"debug","phase":"BBOX_RESULT","message":"Bounding box query completed","latency_ms":55,"data":{"pois_in_bbox":3592}}
{"timestamp":"2026-02-14 01:26:39.000000","request_id":"f6634c89-1111-4eaf-9b33-88b24654c06c","event":"debug","phase":"DISTANCE_FILTER","message":"Starting distance-to-route filtering","latency_ms":56,"data":{"all_pois_count":3592,"buffer_meters":20000}}
{"timestamp":"2026-02-14 01:26:39.000000","request_id":"f6634c89-1111-4eaf-9b33-88b24654c06c","event":"debug","phase":"DISTANCE_FILTER","message":"Filtering complete","latency_ms":84,"data":{"filtered_pois_count":111}}
{"timestamp":"2026-02-14 01:26:39.000000","request_id":"f6634c89-1111-4eaf-9b33-88b24654c06c","event":"response_success","endpoint":"/api/pois-for-route","http_code":200,"latency_ms":85,"cache_hit":false,"cache_miss":false,"data_count":100}
{"timestamp":"2026-02-14 01:26:39.000000","request_id":"f6634c89-1111-4eaf-9b33-88b24654c06c","event":"debug","phase":"RESPONSE","message":"Final POI count","latency_ms":85,"data":{"total_in_route":111,"returned":100,"by_category":{"restaurant":77,"temple":34}}}
{"timestamp":"2026-02-14 01:26:39.000000","request_id":"0f963474-ec0a-4aa6-8d88-2cf7476b45d7","event":"request_start","endpoint":"/api/pois-for-route","method":"POST","ip_address":"127.0.0.1","user_id":null}
{"timestamp":"2026-02-14 01:26:39.000000","request_id":"0f963474-ec0a-4aa6-8d88-2cf7476b45d7","event":"debug","phase":"VALIDATION","message":"Polyline received","latency_ms":0,"data":{"point_count":11}}
{"timestamp":"2026-02-14 01:26:39.000000","request_id":"0f963474-ec0a-4aa6-8d88-2cf7476b45d7","event":"debug","phase":"VALIDATION","message":"Input validated","latency_ms":1,"data":{"polyline_points":11,"categories":["temple","restaurant"],"radius_km":20}}
{"timestamp":"2026-02-14 01:26:39.000000","request_id":"0f963474-ec0a-4aa6-8d88-2cf7476b45d7","event":"debug","phase":"BBOX_QUERY","message":"Executing spatial query","latency_ms":1,"data":{"min_lat":18.87481881981982,"max_lat":28.79407518018018,"min_lng":72.68902381981981,"max_lng":77.38918618018019,"categories":["temple","restaurant"]}}
{"timestamp":"2026-02-14 01:26:39.000000","request_id":"0f963474-ec0a-4aa6-8d88-2cf7476b45d7","event":"debug","phase":"BBOX_RESULT","message":"Bounding box query completed","latency_ms":62,"data":{"pois_in_bbox":3592}}
{"timestamp":"2026-02-14 01:26:39.000000","request_id":"0f963474-ec0a-4aa6-8d88-2cf7476b45d7","event":"debug","phase":"DISTANCE_FILTER","message":"Starting distance-to-route filtering","latency_ms":63,"data":{"all_pois_count":3592,"buffer_meters":20000}}
{"timestamp":"2026-02-14 01:26:39.000000","request_id":"0f963474-ec0a-4aa6-8d88-2cf7476b45d7","event":"debug","phase":"DISTANCE_FILTER","message":"Filtering complete","latency_ms":90,"data":{"filtered_pois_count":111}}
{"timestamp":"2026-02-14 01:26:39.000000","request_id":"0f963474-ec0a-4aa6-8d88-2cf7476b45d7","event":"response_success","endpoint":"/api/pois-for-route","http_code":200,"latency_ms":91,"cache_hit":false,"cache_miss":false,"data_count":100}
{"timestamp":"2026-02-14 01:26:39.000000","request_id":"0f963474-ec0a-4aa6-8d88-2cf7476b45d7","event":"debug","phase":"RESPONSE","message":"Final POI count","latency_ms":91,"data":{"total_in_route":111,"returned":100,"by_category":{"restaurant":77,"temple":34}}}
{"timestamp":"2026-02-14 01:26:39.000000","request_id":"bab07507-79ce-4805-936e-d751b5cb1b5a","event":"request_start","endpoint":"/api/pois-for-route","method":"POST","ip_address":"127.0.0.1","user_id":null}
{"timestamp":"2026-02-14 01:26:39.000000","request_id":"bab07507-79ce-4805-936e-d751b5cb1b5a","event":"debug","phase":"VALIDATION","message":"Polyline received","latency_ms":0,"data":{"point_count":11}}
{"timestamp":"2026-02-14 01:26:39.000000","request_id":"bab07507-79ce-4805-936e-d751b5cb1b5a","event":"debug","phase":"VALIDATION","message":"Input validated","latency_ms":0,"data":{"polyline_points":11,"categories":["temple","restaurant"],"radius_km":20}}
{"timestamp":"2026-02-14 01:26:39.000000","request_id":"bab07507-79ce-4805-936e-d751b5cb1b5a","event":"debug","phase":"BBOX_QUERY","message":"Executing spatial query","latency_ms":1,"data":{"min_lat":18.87481881981982,"max_lat":28.79407518018018,"min_lng":72.68902381981981,"max_lng":77.38918618018019,"categories":["temple","restaurant"]}}
{"timestamp":"2026-02-14 01:26:39.000000","request_id":"bab07507-79ce-4805-936e-d751b5cb1b5a","event":"debug","phase":"BBOX_RESULT","message":"Bounding box query completed","latency_ms":61,"data":{"pois_in_bbox":3592}}
{"timestamp":"2026-02-14 01:26:39.000000","request_id":"bab07507-79ce-4805-936e-d751b5cb1b5a","event":"debug","phase":"DISTANCE_FILTER","message":"Starting distance-to-route filtering","latency_ms":62,"data":{"all_pois_count":3592,"buffer_meters":20000}}
{"timestamp":"2026-02-14 01:26:39.000000","request_id":"bab07507-79ce-4805-936e-d751b5cb1b5a","event":"debug","phase":"DISTANCE_FILTER","message":"Filtering complete","latency_ms":75,"data":{"filtered_pois_count":111}}
{"timestamp":"2026-02-14 01:26:39.000000","request_id":"bab07507-79ce-4805-936e-d751b5cb1b5a","event":"response_success","endpoint":"/api/pois-for-route","http_code":200,"latency_ms":76,"cache_hit":false,"cache_miss":false,"data_count":100}
{"timestamp":"2026-02-14 01:26:39.000000","request_id":"bab07507-79ce-4805-936e-d751b5cb1b5a","event":"debug","phase":"RESPONSE","message":"Final POI count","latency_ms":76,"data":{"total_in_route":111,"returned":100,"by_category":{"restaurant":77,"temple":34}}}
{"timestamp":"2026-02-14 01:26:39.000000","request_id":"76ea1b98-dc0d-4280-9bda-aa3aba3d094b","event":"request_start","endpoint":"/api/pois-for-route","method":"POST","ip_address":"127.0.0.1","user_id":null}
{"timestamp":"2026-02-14 01:26:39.000000","request_id":"76ea1b98-dc0d-4280-9bda-aa3aba3d094b","event":"debug","phase":"VALIDATION","message":"Polyline received","latency_ms":0,"data":{"point_count":11}}
{"timestamp":"2026-02-14 01:26:39.000000","request_id":"76ea1b98-dc0d-4280-9bda-aa3aba3d094b","event":"debug","phase":"VALIDATION","message":"Input validated","latency_ms":0,"data":{"polyline_points":11,"categories":["temple","restaurant"],"radius_km":20}}
{"timestamp":"2026-02-14 01:26:39.000000","request_id":"76ea1b98-dc0d-4280-9bda-aa3aba3d094b","event":"debug","phase":"BBOX_QUERY","message":"Executing spatial query","latency_ms":0,"data":{"min_lat":18.87481881981982,"max_lat":28.79407518018018,"min_lng":72.68902381981981,"max_lng":77.38918618018019,"categories":["temple","restaurant"]}}
{"timestamp":"2026-02-14 01:26:39.000000","request_id":"76ea1b98-dc0d-4280-9bda-aa3aba3d094b","event":"debug","phase":"BBOX_RESULT","message":"Bounding box query completed","latency_ms":58,"data":{"pois_in_bbox":3592}}
{"timestamp":"2026-02-14 01:26:39.000000","request_id":"76ea1b98-dc0d-4280-9bda-aa3aba3d094b","event":"debug","phase":"DISTANCE_FILTER","message":"Starting distance-to-route filtering","latency_ms":58,"data":{"all_pois_count":3592,"buffer_meters":20000}}
{"timestamp":"2026-02-14 01:26:39.000000","request_id":"76ea1b98-dc0d-4280-9bda-aa3aba3d094b","event":"debug","phase":"DISTANCE_FILTER","message":"Filtering complete","latency_ms":85,"data":{"filtered_pois_count":111}}
{"timestamp":"2026-02-14 01:26:39.000000","request_id":"76ea1b98-dc0d-4280-9bda-aa3aba3d094b","event":"response_success","endpoint":"/api/pois-for-route","http_code":200,"latency_ms":86,"cache_hit":false,"cache_miss":false,"data_count":100}
{"timestamp":"2026-02-14 01:26:39.000000","request_id":"76ea1b98-dc0d-4280-9bda-aa3aba3d094b","event":"debug","phase":"RESPONSE","message":"Final POI count","latency_ms":87,"data":{"total_in_route":111,"returned":100,"by_category":{"restaurant":77,"temple":34}}}
{"timestamp":"2026-02-14 01:26:39.000000","request_id":"e5bcd5d7-45e1-406d-852d-b9247dba6cd8","event":"request_start","endpoint":"/api/pois-for-route","method":"POST","ip_address":"127.0.0.1","user_id":null}
{"timestamp":"2026-02-14 01:26:39.000000","request_id":"e5bcd5d7-45e1-406d-852d-b9247dba6cd8","event":"debug","phase":"VALIDATION","message":"Polyline received","latency_ms":0,"data":{"point_count":11}}
{"timestamp":"2026-02-14 01:26:39.000000","request_id":"e5bcd5d7-45e1-406d-852d-b9247dba6cd8","event":"debug","phase":"VALIDATION","message":"Input validated","latency_ms":1,"data":{"polyline_points":11,"categories":["temple","restaurant"],"radius_km":20}}
{"timestamp":"2026-02-14 01:26:39.000000","request_id":"e5bcd5d7-45e1-406d-852d-b9247dba6cd8","event":"debug","phase":"BBOX_QUERY","message":"Executing spatial query","latency_ms":1,"data":{"min_lat":18.87481881981982,"max_lat":28.79407518018018,"min_lng":72.68902381981981,"max_lng":77.38918618018019,"categories":["temple","restaurant"]}}
{"timestamp":"2026-02-14 01:26:39.000000","request_id":"e5bcd5d7-45e1-406d-852d-b9247dba6cd8","event":"debug","phase":"BBOX_RESULT","message":"Bounding box query completed","latency_ms":61,"data":{"pois_in_bbox":3592}}
{"timestamp":"2026-02-14 01:26:39.000000","request_id":"e5bcd5d7-45e1-406d-852d-b9247dba6cd8","event":"debug","phase":"DISTANCE_FILTER","message":"Starting distance-to-route filtering","latency_ms":61,"data":{"all_pois_count":3592,"buffer_meters":20000}}
{"timestamp":"2026-02-14 01:26:39.000000","request_id":"e5bcd5d7-45e1-406d-852d-b9247dba6cd8","event":"debug","phase":"DISTANCE_FILTER","message":"Filtering complete","latency_ms":88,"data":{"filtered_pois_count":111}}
{"timestamp":"2026-02-14 01:26:39.000000","request_id":"e5bcd5d7-45e1-406d-852d-b9247dba6cd8","event":"response_success","endpoint":"/api/pois-for-route","http_code":200,"latency_ms":89,"cache_hit":false,"cache_miss":false,"data_count":100}
{"timestamp":"2026-02-14 01:26:39.000000","request_id":"e5bcd5d7-45e1-406d-852d-b9247dba6cd8","event":"debug","phase":"RESPONSE","message":"Final POI count","latency_ms":90,"data":{"total_in_route":111,"returned":100,"by_category":{"restaurant":77,"temple":34}}}
{"timestamp":"2026-02-14 01:26:39.000000","request_id":"37e97021-167f-42b7-8aba-0ba188923df6","event":"request_start","endpoint":"/api/pois-for-route","method":"POST","ip_address":"127.0.0.1","user_id":null}
{"timestamp":"2026-02-14 01:26:39.000000","request_id":"37e97021-167f-42b7-8aba-0ba188923df6","event":"debug","phase":"VALIDATION","message":"Polyline received","latency_ms":0,"data":{"point_count":11}}
{"timestamp":"2026-02-14 01:26:39.000000","request_id":"37e97021-167f-42b7-8aba-0ba188923df6","event":"debug","phase":"VALIDATION","message":"Input validated","latency_ms":0,"data":{"polyline_points":11,"categories":["temple","restaurant"],"radius_km":20}}
{"timestamp":"2026-02-14 01:26:39.000000","request_id":"37e97021-167f-42b7-8aba-0ba188923df6","event":"debug","phase":"BBOX_QUERY","message":"Executing spatial query","latency_ms":0,"data":{"min_lat":18.87481881981982,"max_lat":28.79407518018018,"min_lng":72.68902381981981,"max_lng":77.38918618018019,"categories":["temple","restaurant"]}}
{"timestamp":"2026-02-14 01:26:39.000000","request_id":"37e97021-167f-42b7-8aba-0ba188923df6","event":"debug","phase":"BBOX_RESULT","message":"Bounding box query completed","latency_ms":61,"data":{"pois_in_bbox":3592}}
{"timestamp":"2026-02-14 01:26:39.000000","request_id":"37e97021-167f-42b7-8aba-0ba188923df6","event":"debug","phase":"DISTANCE_FILTER","message":"Starting distance-to-route filtering","latency_ms":62,"data":{"all_pois_count":3592,"buffer_meters":20000}}
{"timestamp":"2026-02-14 01:26:39.000000","request_id":"37e97021-167f-42b7-8aba-0ba188923df6","event":"debug","phase":"DISTANCE_FILTER","message":"Filtering complete","latency_ms":91,"data":{"filtered_pois_count":111}}
{"timestamp":"2026-02-14 01:26:39.000000","request_id":"37e97021-167f-42b7-8aba-0ba188923df6","event":"response_success","endpoint":"/api/pois-for-route","http_code":200,"latency_ms":92,"cache_hit":false,"cache_miss":false,"data_count":100}
{"timestamp":"2026-02-14 01:26:39.000000","request_id":"37e97021-167f-42b7-8aba-0ba188923df6","event":"debug","phase":"RESPONSE","message":"Final POI count","latency_ms":92,"data":{"total_in_route":111,"returned":100,"by_category":{"restaurant":77,"temple":34}}}
{"timestamp":"2026-02-14 01:26:39.000000","request_id":"bec65cb4-d49c-4956-b2e3-2ec9f288e7d1","event":"request_start","endpoint":"/api/pois-for-route","method":"POST","ip_address":"127.0.0.1","user_id":null}
{"timestamp":"2026-02-14 01:26:39.000000","request_id":"bec65cb4-d49c-4956-b2e3-2ec9f288e7d1","event":"debug","phase":"VALIDATION","message":"Polyline received","latency_ms":0,"data":{"point_count":11}}
{"timestamp":"2026-02-14 01:26:39.000000","request_id":"bec65cb4-d49c-4956-b2e3-2ec9f288e7d1","event":"debug","phase":"VALIDATION","message":"Input validated","latency_ms":0,"data":{"polyline_points":11,"categories":["temple","restaurant"],"radius_km":20}}
{"timestamp":"2026-02-14 01:26:39.000000","request_id":"bec65cb4-d49c-4956-b2e3-2ec9f288e7d1","event":"debug","phase":"BBOX_QUERY","message":"Executing spatial query","latency_ms":1,"data":{"min_lat":18.87481881981982,"max_lat":28.79407518018018,"min_lng":72.68902381981981,"max_lng":77.38918618018019,"categories":["temple","restaurant"]}}
{"timestamp":"2026-02-14 01:26:39.000000","request_id":"bec65cb4-d49c-4956-b2e3-2ec9f288e7d1","event":"debug","phase":"BBOX_RESULT","message":"Bounding box query completed","latency_ms":55,"data":{"pois_in_bbox":3592}}
{"timestamp":"2026-02-14 01:26:39.000000","request_id":"bec65cb4-d49c-4956-b2e3-2ec9f288e7d1","event":"debug","phase":"DISTANCE_FILTER","message":"Starting distance-to-route filtering","latency_ms":55,"data":{"all_pois_count":3592,"buffer_meters":20000}}
{"timestamp":"2026-02-14 01:26:39.000000","request_id":"bec65cb4-d49c-4956-b2e3-2ec9f288e7d1","event":"debug","phase":"DISTANCE_FILTER","message":"Filtering complete","latency_ms":74,"data":{"filtered_pois_count":111}}
{"timestamp":"2026-02-14 01:26:39.000000","request_id":"bec65cb4-d49c-4956-b2e3-2ec9f288e7d1","event":"response_success","endpoint":"/api/pois-for-route","http_code":200,"latency_ms":75,"cache_hit":false,"cache_miss":false,"data_count":100}
{"timestamp":"2026-02-14 01:26:39.000000","request_id":"bec65cb4-d49c-4956-b2e3-2ec9f288e7d1","event":"debug","phase":"RESPONSE","message":"Final POI count","latency_ms":75,"data":{"total_in_route":111,"returned":100,"by_category":{"restaurant":77,"temple":34}}}
{"timestamp":"2026-02-14 01:26:39.000000","request_id":"5787ad95-f85e-43e9-93d9-92ca455aecf5","event":"request_start","endpoint":"/api/pois-for-route","method":"POST","ip_address":"127.0.0.1","user_id":null}
{"timestamp":"2026-02-14 01:26:39.000000","request_id":"5787ad95-f85e-43e9-93d9-92ca455aecf5","event":"debug","phase":"VALIDATION","message":"Polyline received","latency_ms":0,"data":{"point_count":11}}
{"timestamp":"2026-02-14 01:26:39.000000","request_id":"5787ad95-f85e-43e9-93d9-92ca455aecf5","event":"debug","phase":"VALIDATION","message":"Input validated","latency_ms":1,"data":{"polyline_points":11,"categories":["temple","restaurant"],"radius_km":20}}
{"timestamp":"2026-02-14 01:26:39.000000","request_id":"5787ad95-f85e-43e9-93d9-92ca455aecf5","event":"debug","phase":"BBOX_QUERY","message":"Executing spatial query","latency_ms":1,"data":{"min_lat":18.87481881981982,"max_lat":28.79407518018018,"min_lng":72.68902381981981,"max_lng":77.38918618018019,"categories":["temple","restaurant"]}}
{"timestamp":"2026-02-14 01:26:39.000000","request_id":"5787ad95-f85e-43e9-93d9-92ca455aecf5","event":"debug","phase":"BBOX_RESULT","message":"Bounding box query completed","latency_ms":65,"data":{"pois_in_bbox":3592}}
{"timestamp":"2026-02-14 01:26:39.000000","request_id":"5787ad95-f85e-43e9-93d9-92ca455aecf5","event":"debug","phase":"DISTANCE_FILTER","message":"Starting distance-to-route filtering","latency_ms":65,"data":{"all_pois_count":3592,"buffer_meters":20000}}
{"timestamp":"2026-02-14 01:26:39.000000","request_id":"5787ad95-f85e-43e9-93d9-92ca455aecf5","event":"debug","phase":"DISTANCE_FILTER","message":"Filtering complete","latency_ms":91,"data":{"filtered_pois_count":111}}
{"timestamp":"2026-02-14 01:26:39.000000","request_id":"5787ad95-f85e-43e9-93d9-92ca455aecf5","event":"response_success","endpoint":"/api/pois-for-route","http_code":200,"latency_ms":91,"cache_hit":false,"cache_miss":false,"data_count":100}
{"timestamp":"2026-02-14 01:26:39.000000","request_id":"5787ad95-f85e-43e9-93d9-92ca455aecf5","event":"debug","phase":"RESPONSE","message":"Final POI count","latency_ms":92,"data":{"total_in_route":111,"returned":100,"by_category":{"restaurant":77,"temple":34}}}
{"timestamp":"2026-02-14 01:26:39.000000","request_id":"a9e041cb-53f1-4eec-bc9f-c30b38e74ff1","event":"request_start","endpoint":"/api/pois-for-route","method":"POST","ip_address":"127.0.0.1","user_id":null}
{"timestamp":"2026-02-14 01:26:39.000000","request_id":"a9e041cb-53f1-4eec-bc9f-c30b38e74ff1","event":"debug","phase":"VALIDATION","message":"Polyline received","latency_ms":0,"data":{"point_count":11}}
{"timestamp":"2026-02-14 01:26:39.000000","request_id":"a9e041cb-53f1-4eec-bc9f-c30b38e74ff1","event":"debug","phase":"VALIDATION","message":"Input validated","latency_ms":0,"data":{"polyline_points":11,"categories":["temple","restaurant"],"radius_km":20}}
{"timestamp":"2026-02-14 01:26:39.000000","request_id":"a9e041cb-53f1-4eec-bc9f-c30b38e74ff1","event":"debug","phase":"BBOX_QUERY","message":"Executing spatial query","latency_ms":1,"data":{"min_lat":18.87481881981982,"max_lat":28.79407518018018,"min_lng":72.68902381981981,"max_lng":77.38918618018019,"categories":["temple","restaurant"]}}
{"timestamp":"2026-02-14 01:26:39.000000","request_id":"a9e041cb-53f1-4eec-bc9f-c30b38e74ff1","event":"debug","phase":"BBOX_RESULT","message":"Bounding box query completed","latency_ms":56,"data":{"pois_in_bbox":3592}}
{"timestamp":"2026-02-14 01:26:39.000000","request_id":"a9e041cb-53f1-4eec-bc9f-c30b38e74ff1","event":"debug","phase":"DISTANCE_FILTER","message":"Starting distance-to-route filtering","latency_ms":57,"data":{"all_pois_count":3592,"buffer_meters":20000}}
{"timestamp":"2026-02-14 01:26:39.000000","request_id":"a9e041cb-53f1-4eec-bc9f-c30b38e74ff1","event":"debug","phase":"DISTANCE_FILTER","message":"Filtering complete","latency_ms":82,"data":{"filtered_pois_count":111}}
{"timestamp":"2026-02-14 01:26:39.000000","request_id":"a9e041cb-53f1-4eec-bc9f-c30b38e74ff1","event":"response_success","endpoint":"/api/pois-for-route","http_code":200,"latency_ms":82,"cache_hit":false,"cache_miss":false,"data_count":100}
{"timestamp":"2026-02-14 01:26:39.000000","request_id":"a9e041cb-53f1-4eec-bc9f-c30b38e74ff1","event":"debug","phase":"RESPONSE","message":"Final POI count","latency_ms":83,"data":{"total_in_route":111,"returned":100,"by_category":{"restaurant":77,"temple":34}}}
{"timestamp":"2026-02-14 01:26:39.000000","request_id":"2f310bf7-71b4-4504-a830-9d3287422724","event":"request_start","endpoint":"/api/pois-for-route","method":"POST","ip_address":"127.0.0.1","user_id":null}
{"timestamp":"2026-02-14 01:26:39.000000","request_id":"2f310bf7-71b4-4504-a830-9d3287422724","event":"debug","phase":"VALIDATION","message":"Polyline received","latency_ms":0,"data":{"point_count":11}}
{"timestamp":"2026-02-14 01:26:39.000000","request_id":"2f310bf7-71b4-4504-a830-9d3287422724","event":"debug","phase":"VALIDATION","message":"Input validated","latency_ms":1,"data":{"polyline_points":11,"categories":["temple","restaurant"],"radius_km":20}}
{"timestamp":"2026-02-14 01:26:39.000000","request_id":"2f310bf7-71b4-4504-a830-9d3287422724","event":"debug","phase":"BBOX_QUERY","message":"Executing spatial query","latency_ms":1,"data":{"min_lat":18.87481881981982,"max_lat":28.79407518018018,"min_lng":72.68902381981981,"max_lng":77.38918618018019,"categories":["temple","restaurant"]}}
{"timestamp":"2026-02-14 01:26:39.000000","request_id":"2f310bf7-71b4-4504-a830-9d3287422724","event":"debug","phase":"BBOX_RESULT","message":"Bounding box query completed","latency_ms":55,"data":{"pois_in_bbox":3592}}
{"timestamp":"2026-02-14 01:26:39.000000","request_id":"2f310bf7-71b4-4504-a830-9d3287422724","event":"debug","phase":"DISTANCE_FILTER","message":"Starting distance-to-route filtering","latency_ms":56,"data":{"all_pois_count":3592,"buffer_meters":20000}}
{"timestamp":"2026-02-14 01:26:40.000000","request_id":"2f310bf7-71b4-4504-a830-9d3287422724","event":"debug","phase":"DISTANCE_FILTER","message":"Filtering complete","latency_ms":80,"data":{"filtered_pois_count":111}}
{"timestamp":"2026-02-14 01:26:40.000000","request_id":"2f310bf7-71b4-4504-a830-9d3287422724","event":"response_success","endpoint":"/api/pois-for-route","http_code":200,"latency_ms":80,"cache_hit":false,"cache_miss":false,"data_count":100}
{"timestamp":"2026-02-14 01:26:40.000000","request_id":"2f310bf7-71b4-4504-a830-9d3287422724","event":"debug","phase":"RESPONSE","message":"Final POI count","latency_ms":81,"data":{"total_in_route":111,"returned":100,"by_category":{"restaurant":77,"temple":34}}}
{"timestamp":"2026-02-14 01:26:40.000000","request_id":"b8aff96b-9258-4419-8e48-a7f750079783","event":"request_start","endpoint":"/api/pois-for-route","method":"POST","ip_address":"127.0.0.1","user_id":null}
{"timestamp":"2026-02-14 01:26:40.000000","request_id":"b8aff96b-9258-4419-8e48-a7f750079783","event":"debug","phase":"VALIDATION","message":"Polyline received","latency_ms":0,"data":{"point_count":11}}
{"timestamp":"2026-02-14 01:26:40.000000","request_id":"b8aff96b-9258-4419-8e48-a7f750079783","event":"debug","phase":"VALIDATION","message":"Input validated","latency_ms":0,"data":{"polyline_points":11,"categories":["temple","restaurant"],"radius_km":20}}
{"timestamp":"2026-02-14 01:26:40.000000","request_id":"b8aff96b-9258-4419-8e48-a7f750079783","event":"debug","phase":"BBOX_QUERY","message":"Executing spatial query","latency_ms":1,"data":{"min_lat":18.87481881981982,"max_lat":28.79407518018018,"min_lng":72.68902381981981,"max_lng":77.38918618018019,"categories":["temple","restaurant"]}}
{"timestamp":"2026-02-14 01:26:40.000000","request_id":"b8aff96b-9258-4419-8e48-a7f750079783","event":"debug","phase":"BBOX_RESULT","message":"Bounding box query completed","latency_ms":53,"data":{"pois_in_bbox":3592}}
{"timestamp":"2026-02-14 01:26:40.000000","request_id":"b8aff96b-9258-4419-8e48-a7f750079783","event":"debug","phase":"DISTANCE_FILTER","message":"Starting distance-to-route filtering","latency_ms":54,"data":{"all_pois_count":3592,"buffer_meters":20000}}
{"timestamp":"2026-02-14 01:26:40.000000","request_id":"b8aff96b-9258-4419-8e48-a7f750079783","event":"debug","phase":"DISTANCE_FILTER","message":"Filtering complete","latency_ms":78,"data":{"filtered_pois_count":111}}
{"timestamp":"2026-02-14 01:26:40.000000","request_id":"b8aff96b-9258-4419-8e48-a7f750079783","event":"response_success","endpoint":"/api/pois-for-route","http_code":200,"latency_ms":79,"cache_hit":false,"cache_miss":false,"data_count":100}
{"timestamp":"2026-02-14 01:26:40.000000","request_id":"b8aff96b-9258-4419-8e48-a7f750079783","event":"debug","phase":"RESPONSE","message":"Final POI count","latency_ms":79,"data":{"total_in_route":111,"returned":100,"by_category":{"restaurant":77,"temple":34}}}
{"timestamp":"2026-02-14 01:26:40.000000","request_id":"b27b447e-68f6-4419-a40d-9536c3c0277e","event":"request_start","endpoint":"/api/pois-for-route","method":"POST","ip_address":"127.0.0.1","user_id":null}
{"timestamp":"2026-02-14 01:26:40.000000","request_id":"b27b447e-68f6-4419-a40d-9536c3c0277e","event":"debug","phase":"VALIDATION","message":"Polyline received","latency_ms":0,"data":{"point_count":11}}
{"timestamp":"2026-02-14 01:26:40.000000","request_id":"b27b447e-68f6-4419-a40d-9536c3c0277e","event":"debug","phase":"VALIDATION","message":"Input validated","latency_ms":1,"data":{"polyline_points":11,"categories":["temple","restaurant"],"radius_km":20}}
{"timestamp":"2026-02-14 01:26:40.000000","request_id":"b27b447e-68f6-4419-a40d-9536c3c0277e","event":"debug","phase":"BBOX_QUERY","message":"Executing spatial query","latency_ms":1,"data":{"min_lat":18.87481881981982,"max_lat":28.79407518018018,"min_lng":72.68902381981981,"max_lng":77.38918618018019,"categories":["temple","restaurant"]}}
{"timestamp":"2026-02-14 01:26:40.000000","request_id":"b27b447e-68f6-4419-a40d-9536c3c0277e","event":"debug","phase":"BBOX_RESULT","message":"Bounding box query completed","latency_ms":57,"data":{"pois_in_bbox":3592}}
{"timestamp":"2026-02-14 01:26:40.000000","request_id":"b27b447e-68f6-4419-a40d-9536c3c0277e","event":"debug","phase":"DISTANCE_FILTER","message":"Starting distance-to-route filtering","latency_ms":57,"data":{"all_pois_count":3592,"buffer_meters":20000}}
{"timestamp":"2026-02-14 01:26:40.000000","request_id":"b27b447e-68f6-4419-a40d-9536c3c0277e","event":"debug","phase":"DISTANCE_FILTER","message":"Filtering complete","latency_ms":83,"data":{"filtered_pois_count":111}}
{"timestamp":"2026-02-14 01:26:40.000000","request_id":"b27b447e-68f6-4419-a40d-9536c3c0277e","event":"response_success","endpoint":"/api/pois-for-route","http_code":200,"latency_ms":84,"cache_hit":false,"cache_miss":false,"data_count":100}
{"timestamp":"2026-02-14 01:26:40.000000","request_id":"b27b447e-68f6-4419-a40d-9536c3c0277e","event":"debug","phase":"RESPONSE","message":"Final POI count","latency_ms":84,"data":{"total_in_route":111,"returned":100,"by_category":{"restaurant":77,"temple":34}}}
{"timestamp":"2026-02-14 01:26:40.000000","request_id":"feda21fb-97db-441f-9a88-8c2f283b8a43","event":"request_start","endpoint":"/api/pois-for-route","method":"POST","ip_address":"127.0.0.1","user_id":null}
{"timestamp":"2026-02-14 01:26:40.000000","request_id":"feda21fb-97db-441f-9a88-8c2f283b8a43","event":"debug","phase":"VALIDATION","message":"Polyline received","latency_ms":0,"data":{"point_count":11}}
{"timestamp":"2026-02-14 01:26:40.000000","request_id":"feda21fb-97db-441f-9a88-8c2f283b8a43","event":"debug","phase":"VALIDATION","message":"Input validated","latency_ms":0,"data":{"polyline_points":11,"categories":["temple","restaurant"],"radius_km":20}}
{"timestamp":"2026-02-14 01:26:40.000000","request_id":"feda21fb-97db-441f-9a88-8c2f283b8a43","event":"debug","phase":"BBOX_QUERY","message":"Executing spatial query","latency_ms":1,"data":{"min_lat":18.87481881981982,"max_lat":28.79407518018018,"min_lng":72.68902381981981,"max_lng":77.38918618018019,"categories":["temple","restaurant"]}}
{"timestamp":"2026-02-14 01:26:40.000000","request_id":"feda21fb-97db-441f-9a88-8c2f283b8a43","event":"debug","phase":"BBOX_RESULT","message":"Bounding box query completed","latency_ms":56,"data":{"pois_in_bbox":3592}}
{"timestamp":"2026-02-14 01:26:40.000000","request_id":"feda21fb-97db-441f-9a88-8c2f283b8a43","event":"debug","phase":"DISTANCE_FILTER","message":"Starting distance-to-route filtering","latency_ms":56,"data":{"all_pois_count":3592,"buffer_meters":20000}}
{"timestamp":"2026-02-14 01:26:40.000000","request_id":"feda21fb-97db-441f-9a88-8c2f283b8a43","event":"debug","phase":"DISTANCE_FILTER","message":"Filtering complete","latency_ms":76,"data":{"filtered_pois_count":111}}
{"timestamp":"2026-02-14 01:26:40.000000","request_id":"feda21fb-97db-441f-9a88-8c2f283b8a43","event":"response_success","endpoint":"/api/pois-for-route","http_code":200,"latency_ms":76,"cache_hit":false,"cache_miss":false,"data_count":100}
{"timestamp":"2026-02-14 01:26:40.000000","request_id":"feda21fb-97db-441f-9a88-8c2f283b8a43","event":"debug","phase":"RESPONSE","message":"Final POI count","latency_ms":76,"data":{"total_in_route":111,"returned":100,"by_category":{"restaurant":77,"temple":34}}}
{"timestamp":"2026-02-14 01:26:40.000000","request_id":"c80fda65-fd84-40f6-851e-265c47bf2c4c","event":"request_start","endpoint":"/api/pois-for-route","method":"POST","ip_address":"127.0.0.1","user_id":null}
{"timestamp":"2026-02-14 01:26:40.000000","request_id":"c80fda65-fd84-40f6-851e-265c47bf2c4c","event":"debug","phase":"VALIDATION","message":"Polyline received","latency_ms":0,"data":{"point_count":11}}
{"timestamp":"2026-02-14 01:26:40.000000","request_id":"c80fda65-fd84-40f6-851e-265c47bf2c4c","event":"debug","phase":"VALIDATION","message":"Input validated","latency_ms":0,"data":{"polyline_points":11,"categories":["temple","restaurant"],"radius_km":20}}
{"timestamp":"2026-02-14 01:26:40.000000","request_id":"c80fda65-fd84-40f6-851e-265c47bf2c4c","event":"debug","phase":"BBOX_QUERY","message":"Executing spatial query","latency_ms":1,"data":{"min_lat":18.87481881981982,"max_lat":28.79407518018018,"min_lng":72.68902381981981,"max_lng":77.38918618018019,"categories":["temple","restaurant"]}}
{"timestamp":"2026-02-14 01:26:40.000000","request_id":"c80fda65-fd84-40f6-851e-265c47bf2c4c","event":"debug","phase":"BBOX_RESULT","message":"Bounding box query completed","latency_ms":64,"data":{"pois_in_bbox":3592}}
{"timestamp":"2026-02-14 01:26:40.000000","request_id":"c80fda65-fd84-40f6-851e-265c47bf2c4c","event":"debug","phase":"DISTANCE_FILTER","message":"Starting distance-to-route filtering","latency_ms":65,"data":{"all_pois_count":3592,"buffer_meters":20000}}
{"timestamp":"2026-02-14 01:26:40.000000","request_id":"c80fda65-fd84-40f6-851e-265c47bf2c4c","event":"debug","phase":"DISTANCE_FILTER","message":"Filtering complete","latency_ms":93,"data":{"filtered_pois_count":111}}
{"timestamp":"2026-02-14 01:26:40.000000","request_id":"c80fda65-fd84-40f6-851e-265c47bf2c4c","event":"response_success","endpoint":"/api/pois-for-route","http_code":200,"latency_ms":94,"cache_hit":false,"cache_miss":false,"data_count":100}
{"timestamp":"2026-02-14 01:26:40.000000","request_id":"c80fda65-fd84-40f6-851e-265c47bf2c4c","event":"debug","phase":"RESPONSE","message":"Final POI count","latency_ms":94,"data":{"total_in_route":111,"returned":100,"by_category":{"restaurant":77,"temple":34}}}
{"timestamp":"2026-02-14 01:26:40.000000","request_id":"c8228a0a-9c8d-4782-a104-760ec7fd5836","event":"request_start","endpoint":"/api/pois-for-route","method":"POST","ip_address":"127.0.0.1","user_id":null}
{"timestamp":"2026-02-14 01:26:40.000000","request_id":"c8228a0a-9c8d-4782-a104-760ec7fd5836","event":"debug","phase":"VALIDATION","message":"Polyline received","latency_ms":0,"data":{"point_count":11}}
{"timestamp":"2026-02-14 01:26:40.000000","request_id":"c8228a0a-9c8d-4782-a104-760ec7fd5836","event":"debug","phase":"VALIDATION","message":"Input validated","latency_ms":1,"data":{"polyline_points":11,"categories":["temple","restaurant"],"radius_km":20}}
{"timestamp":"2026-02-14 01:26:40.000000","request_id":"c8228a0a-9c8d-4782-a104-760ec7fd5836","event":"debug","phase":"BBOX_QUERY","message":"Executing spatial query","latency_ms":1,"data":{"min_lat":18.87481881981982,"max_lat":28.79407518018018,"min_lng":72.68902381981981,"max_lng":77.38918618018019,"categories":["temple","restaurant"]}}
{"timestamp":"2026-02-14 01:26:40.000000","request_id":"c8228a0a-9c8d-4782-a104-760ec7fd5836","event":"debug","phase":"BBOX_RESULT","message":"Bounding box query completed","latency_ms":58,"data":{"pois_in_bbox":3592}}
{"timestamp":"2026-02-14 01:26:40.000000","request_id":"c8228a0a-9c8d-4782-a104-760ec7fd5836","event":"debug","phase":"DISTANCE_FILTER","message":"Starting distance-to-route filtering","latency_ms":59,"data":{"all_pois_count":3592,"buffer_meters":20000}}
{"timestamp":"2026-02-14 01:26:40.000000","request_id":"c8228a0a-9c8d-4782-a104-760ec7fd5836","event":"debug","phase":"DISTANCE_FILTER","message":"Filtering complete","latency_ms":83,"data":{"filtered_pois_count":111}}
{"timestamp":"2026-02-14 01:26:40.000000","request_id":"c8228a0a-9c8d-4782-a104-760ec7fd5836","event":"response_success","endpoint":"/api/pois-for-route","http_code":200,"latency_ms":84,"cache_hit":false,"cache_miss":false,"data_count":100}
{"timestamp":"2026-02-14 01:26:40.000000","request_id":"c8228a0a-9c8d-4782-a104-760ec7fd5836","event":"debug","phase":"RESPONSE","message":"Final POI count","latency_ms":85,"data":{"total_in_route":111,"returned":100,"by_category":{"restaurant":77,"temple":34}}}
{"timestamp":"2026-02-14 01:26:40.000000","request_id":"9a276e86-8d6c-4498-bdb2-a01bbb084671","event":"request_start","endpoint":"/api/pois-for-route","method":"POST","ip_address":"127.0.0.1","user_id":null}
{"timestamp":"2026-02-14 01:26:40.000000","request_id":"9a276e86-8d6c-4498-bdb2-a01bbb084671","event":"debug","phase":"VALIDATION","message":"Polyline received","latency_ms":0,"data":{"point_count":11}}
{"timestamp":"2026-02-14 01:26:40.000000","request_id":"9a276e86-8d6c-4498-bdb2-a01bbb084671","event":"debug","phase":"VALIDATION","message":"Input validated","latency_ms":0,"data":{"polyline_points":11,"categories":["temple","restaurant"],"radius_km":20}}
{"timestamp":"2026-02-14 01:26:40.000000","request_id":"9a276e86-8d6c-4498-bdb2-a01bbb084671","event":"debug","phase":"BBOX_QUERY","message":"Executing spatial query","latency_ms":1,"data":{"min_lat":18.87481881981982,"max_lat":28.79407518018018,"min_lng":72.68902381981981,"max_lng":77.38918618018019,"categories":["temple","restaurant"]}}
{"timestamp":"2026-02-14 01:26:40.000000","request_id":"9a276e86-8d6c-4498-bdb2-a01bbb084671","event":"debug","phase":"BBOX_RESULT","message":"Bounding box query completed","latency_ms":64,"data":{"pois_in_bbox":3592}}
{"timestamp":"2026-02-14 01:26:40.000000","request_id":"9a276e86-8d6c-4498-bdb2-a01bbb084671","event":"debug","phase":"DISTANCE_FILTER","message":"Starting distance-to-route filtering","latency_ms":64,"data":{"all_pois_count":3592,"buffer_meters":20000}}
{"timestamp":"2026-02-14 01:26:40.000000","request_id":"9a276e86-8d6c-4498-bdb2-a01bbb084671","event":"debug","phase":"DISTANCE_FILTER","message":"Filtering complete","latency_ms":90,"data":{"filtered_pois_count":111}}
{"timestamp":"2026-02-14 01:26:40.000000","request_id":"9a276e86-8d6c-4498-bdb2-a01bbb084671","event":"response_success","endpoint":"/api/pois-for-route","http_code":200,"latency_ms":91,"cache_hit":false,"cache_miss":false,"data_count":100}
{"timestamp":"2026-02-14 01:26:40.000000","request_id":"9a276e86-8d6c-4498-bdb2-a01bbb084671","event":"debug","phase":"RESPONSE","message":"Final POI count","latency_ms":92,"data":{"total_in_route":111,"returned":100,"by_category":{"restaurant":77,"temple":34}}}
{"timestamp":"2026-02-14 01:26:40.000000","request_id":"5afbeedb-8cf4-47ff-9b96-e6463bfb7b55","event":"request_start","endpoint":"/api/pois-for-route","method":"POST","ip_address":"127.0.0.1","user_id":null}
{"timestamp":"2026-02-14 01:26:40.000000","request_id":"5afbeedb-8cf4-47ff-9b96-e6463bfb7b55","event":"debug","phase":"VALIDATION","message":"Polyline received","latency_ms":0,"data":{"point_count":11}}
{"timestamp":"2026-02-14 01:26:40.000000","request_id":"5afbeedb-8cf4-47ff-9b96-e6463bfb7b55","event":"debug","phase":"VALIDATION","message":"Input validated","latency_ms":0,"data":{"polyline_points":11,"categories":["temple","restaurant"],"radius_km":20}}
{"timestamp":"2026-02-14 01:26:40.000000","request_id":"5afbeedb-8cf4-47ff-9b96-e6463bfb7b55","event":"debug","phase":"BBOX_QUERY","message":"Executing spatial query","latency_ms":1,"data":{"min_lat":18.87481881981982,"max_lat":28.79407518018018,"min_lng":72.68902381981981,"max_lng":77.38918618018019,"categories":["temple","restaurant"]}}
{"timestamp":"2026-02-14 01:26:40.000000","request_id":"5afbeedb-8cf4-47ff-9b96-e6463bfb7b55","event":"debug","phase":"BBOX_RESULT","message":"Bounding box query completed","latency_ms":59,"data":{"pois_in_bbox":3592}}
{"timestamp":"2026-02-14 01:26:40.000000","request_id":"5afbeedb-8cf4-47ff-9b96-e6463bfb7b55","event":"debug","phase":"DISTANCE_FILTER","message":"Starting distance-to-route filtering","latency_ms":59,"data":{"all_pois_count":3592,"buffer_meters":20000}}
{"timestamp":"2026-02-14 01:26:40.000000","request_id":"5afbeedb-8cf4-47ff-9b96-e6463bfb7b55","event":"debug","phase":"DISTANCE_FILTER","message":"Filtering complete","latency_ms":86,"data":{"filtered_pois_count":111}}
{"timestamp":"2026-02-14 01:26:40.000000","request_id":"5afbeedb-8cf4-47ff-9b96-e6463bfb7b55","event":"response_success","endpoint":"/api/pois-for-route","http_code":200,"latency_ms":86,"cache_hit":false,"cache_miss":false,"data_count":100}
{"timestamp":"2026-02-14 01:26:40.000000","request_id":"5afbeedb-8cf4-47ff-9b96-e6463bfb7b55","event":"debug","phase":"RESPONSE","message":"Final POI count","latency_ms":87,"data":{"total_in_route":111,"returned":100,"by_category":{"restaurant":77,"temple":34}}}
{"timestamp":"2026-02-14 01:26:40.000000","request_id":"b79ba7ab-71f3-41db-8fca-3c8dd352c0a1","event":"request_start","endpoint":"/api/pois-for-route","method":"POST","ip_address":"127.0.0.1","user_id":null}
{"timestamp":"2026-02-14 01:26:40.000000","request_id":"b79ba7ab-71f3-41db-8fca-3c8dd352c0a1","event":"debug","phase":"VALIDATION","message":"Polyline received","latency_ms":0,"data":{"point_count":11}}
{"timestamp":"2026-02-14 01:26:40.000000","request_id":"b79ba7ab-71f3-41db-8fca-3c8dd352c0a1","event":"debug","phase":"VALIDATION","message":"Input validated","latency_ms":1,"data":{"polyline_points":11,"categories":["temple","restaurant"],"radius_km":20}}
{"timestamp":"2026-02-14 01:26:40.000000","request_id":"b79ba7ab-71f3-41db-8fca-3c8dd352c0a1","event":"debug","phase":"BBOX_QUERY","message":"Executing spatial query","latency_ms":2,"data":{"min_lat":18.87481881981982,"max_lat":28.79407518018018,"min_lng":72.68902381981981,"max_lng":77.38918618018019,"categories":["temple","restaurant"]}}
{"timestamp":"2026-02-14 01:26:40.000000","request_id":"b79ba7ab-71f3-41db-8fca-3c8dd352c0a1","event":"debug","phase":"BBOX_RESULT","message":"Bounding box query completed","latency_ms":59,"data":{"pois_in_bbox":3592}}
{"timestamp":"2026-02-14 01:26:40.000000","request_id":"b79ba7ab-71f3-41db-8fca-3c8dd352c0a1","event":"debug","phase":"DISTANCE_FILTER","message":"Starting distance-to-route filtering","latency_ms":60,"data":{"all_pois_count":3592,"buffer_meters":20000}}
{"timestamp":"2026-02-14 01:26:40.000000","request_id":"b79ba7ab-71f3-41db-8fca-3c8dd352c0a1","event":"debug","phase":"DISTANCE_FILTER","message":"Filtering complete","latency_ms":78,"data":{"filtered_pois_count":111}}
{"timestamp":"2026-02-14 01:26:40.000000","request_id":"b79ba7ab-71f3-41db-8fca-3c8dd352c0a1","event":"response_success","endpoint":"/api/pois-for-route","http_code":200,"latency_ms":78,"cache_hit":false,"cache_miss":false,"data_count":100}
{"timestamp":"2026-02-14 01:26:40.000000","request_id":"b79ba7ab-71f3-41db-8fca-3c8dd352c0a1","event":"debug","phase":"RESPONSE","message":"Final POI count","latency_ms":79,"data":{"total_in_route":111,"returned":100,"by_category":{"restaurant":77,"temple":34}}}
{"timestamp":"2026-02-14 01:26:40.000000","request_id":"9248e9b0-d6fa-4603-a12a-a3c41faa0589","event":"request_start","endpoint":"/api/pois-for-route","method":"POST","ip_address":"127.0.0.1","user_id":null}
{"timestamp":"2026-02-14 01:26:40.000000","request_id":"9248e9b0-d6fa-4603-a12a-a3c41faa0589","event":"debug","phase":"VALIDATION","message":"Polyline received","latency_ms":0,"data":{"point_count":11}}
{"timestamp":"2026-02-14 01:26:40.000000","request_id":"9248e9b0-d6fa-4603-a12a-a3c41faa0589","event":"debug","phase":"VALIDATION","message":"Input validated","latency_ms":0,"data":{"polyline_points":11,"categories":["temple","restaurant"],"radius_km":20}}
{"timestamp":"2026-02-14 01:26:40.000000","request_id":"9248e9b0-d6fa-4603-a12a-a3c41faa0589","event":"debug","phase":"BBOX_QUERY","message":"Executing spatial query","latency_ms":1,"data":{"min_lat":18.87481881981982,"max_lat":28.79407518018018,"min_lng":72.68902381981981,"max_lng":77.38918618018019,"categories":["temple","restaurant"]}}
{"timestamp":"2026-02-14 01:26:40.000000","request_id":"9248e9b0-d6fa-4603-a12a-a3c41faa0589","event":"debug","phase":"BBOX_RESULT","message":"Bounding box query completed","latency_ms":70,"data":{"pois_in_bbox":3592}}
{"timestamp":"2026-02-14 01:26:40.000000","request_id":"9248e9b0-d6fa-4603-a12a-a3c41faa0589","event":"debug","phase":"DISTANCE_FILTER","message":"Starting distance-to-route filtering","latency_ms":70,"data":{"all_pois_count":3592,"buffer_meters":20000}}
{"timestamp":"2026-02-14 01:26:40.000000","request_id":"9248e9b0-d6fa-4603-a12a-a3c41faa0589","event":"debug","phase":"DISTANCE_FILTER","message":"Filtering complete","latency_ms":93,"data":{"filtered_pois_count":111}}
{"timestamp":"2026-02-14 01:26:40.000000","request_id":"9248e9b0-d6fa-4603-a12a-a3c41faa0589","event":"response_success","endpoint":"/api/pois-for-route","http_code":200,"latency_ms":93,"cache_hit":false,"cache_miss":false,"data_count":100}
{"timestamp":"2026-02-14 01:26:40.000000","request_id":"9248e9b0-d6fa-4603-a12a-a3c41faa0589","event":"debug","phase":"RESPONSE","message":"Final POI count","latency_ms":93,"data":{"total_in_route":111,"returned":100,"by_category":{"restaurant":77,"temple":34}}}
{"timestamp":"2026-02-14 01:26:40.000000","request_id":"f22f6426-7f30-4704-a204-b3f9215f9ffa","event":"request_start","endpoint":"/api/pois-for-route","method":"POST","ip_address":"127.0.0.1","user_id":null}
{"timestamp":"2026-02-14 01:26:40.000000","request_id":"f22f6426-7f30-4704-a204-b3f9215f9ffa","event":"debug","phase":"VALIDATION","message":"Polyline received","latency_ms":0,"data":{"point_count":11}}
{"timestamp":"2026-02-14 01:26:40.000000","request_id":"f22f6426-7f30-4704-a204-b3f9215f9ffa","event":"debug","phase":"VALIDATION","message":"Input validated","latency_ms":0,"data":{"polyline_points":11,"categories":["temple","restaurant"],"radius_km":20}}
{"timestamp":"2026-02-14 01:26:40.000000","request_id":"f22f6426-7f30-4704-a204-b3f9215f9ffa","event":"debug","phase":"BBOX_QUERY","message":"Executing spatial query","latency_ms":0,"data":{"min_lat":18.87481881981982,"max_lat":28.79407518018018,"min_lng":72.68902381981981,"max_lng":77.38918618018019,"categories":["temple","restaurant"]}}
{"timestamp":"2026-02-14 01:26:40.000000","request_id":"f22f6426-7f30-4704-a204-b3f9215f9ffa","event":"debug","phase":"BBOX_RESULT","message":"Bounding box query completed","latency_ms":52,"data":{"pois_in_bbox":3592}}
{"timestamp":"2026-02-14 01:26:40.000000","request_id":"f22f6426-7f30-4704-a204-b3f9215f9ffa","event":"debug","phase":"DISTANCE_FILTER","message":"Starting distance-to-route filtering","latency_ms":53,"data":{"all_pois_count":3592,"buffer_meters":20000}}
{"timestamp":"2026-02-14 01:26:41.000000","request_id":"f22f6426-7f30-4704-a204-b3f9215f9ffa","event":"debug","phase":"DISTANCE_FILTER","message":"Filtering complete","latency_ms":66,"data":{"filtered_pois_count":111}}
{"timestamp":"2026-02-14 01:26:41.000000","request_id":"f22f6426-7f30-4704-a204-b3f9215f9ffa","event":"response_success","endpoint":"/api/pois-for-route","http_code":200,"latency_ms":66,"cache_hit":false,"cache_miss":false,"data_count":100}
{"timestamp":"2026-02-14 01:26:41.000000","request_id":"f22f6426-7f30-4704-a204-b3f9215f9ffa","event":"debug","phase":"RESPONSE","message":"Final POI count","latency_ms":66,"data":{"total_in_route":111,"returned":100,"by_category":{"restaurant":77,"temple":34}}}
{"timestamp":"2026-02-14 01:26:41.000000","request_id":"82718339-cd07-4537-8128-5b3449753550","event":"request_start","endpoint":"/api/pois-for-route","method":"POST","ip_address":"127.0.0.1","user_id":null}
{"timestamp":"2026-02-14 01:26:41.000000","request_id":"82718339-cd07-4537-8128-5b3449753550","event":"debug","phase":"VALIDATION","message":"Polyline received","latency_ms":0,"data":{"point_count":11}}
{"timestamp":"2026-02-14 01:26:41.000000","request_id":"82718339-cd07-4537-8128-5b3449753550","event":"debug","phase":"VALIDATION","message":"Input validated","latency_ms":1,"data":{"polyline_points":11,"categories":["temple","restaurant"],"radius_km":20}}
{"timestamp":"2026-02-14 01:26:41.000000","request_id":"82718339-cd07-4537-8128-5b3449753550","event":"debug","phase":"BBOX_QUERY","message":"Executing spatial query","latency_ms":1,"data":{"min_lat":18.87481881981982,"max_lat":28.79407518018018,"min_lng":72.68902381981981,"max_lng":77.38918618018019,"categories":["temple","restaurant"]}}
{"timestamp":"2026-02-14 01:26:41.000000","request_id":"82718339-cd07-4537-8128-5b3449753550","event":"debug","phase":"BBOX_RESULT","message":"Bounding box query completed","latency_ms":44,"data":{"pois_in_bbox":3592}}
{"timestamp":"2026-02-14 01:26:41.000000","request_id":"82718339-cd07-4537-8128-5b3449753550","event":"debug","phase":"DISTANCE_FILTER","message":"Starting distance-to-route filtering","latency_ms":44,"data":{"all_pois_count":3592,"buffer_meters":20000}}
{"timestamp":"2026-02-14 01:26:41.000000","request_id":"82718339-cd07-4537-8128-5b3449753550","event":"debug","phase":"DISTANCE_FILTER","message":"Filtering complete","latency_ms":60,"data":{"filtered_pois_count":111}}
{"timestamp":"2026-02-14 01:26:41.000000","request_id":"82718339-cd07-4537-8128-5b3449753550","event":"response_success","endpoint":"/api/pois-for-route","http_code":200,"latency_ms":60,"cache_hit":false,"cache_miss":false,"data_count":100}
{"timestamp":"2026-02-14 01:26:41.000000","request_id":"82718339-cd07-4537-8128-5b3449753550","event":"debug","phase":"RESPONSE","message":"Final POI count","latency_ms":61,"data":{"total_in_route":111,"returned":100,"by_category":{"restaurant":77,"temple":34}}}
{"timestamp":"2026-02-14 01:26:41.000000","request_id":"8f582dd8-9fb6-47e7-972c-dd386ae140c7","event":"request_start","endpoint":"/api/pois-for-route","method":"POST","ip_address":"127.0.0.1","user_id":null}
{"timestamp":"2026-02-14 01:26:41.000000","request_id":"8f582dd8-9fb6-47e7-972c-dd386ae140c7","event":"debug","phase":"VALIDATION","message":"Polyline received","latency_ms":0,"data":{"point_count":11}}
{"timestamp":"2026-02-14 01:26:41.000000","request_id":"8f582dd8-9fb6-47e7-972c-dd386ae140c7","event":"debug","phase":"VALIDATION","message":"Input validated","latency_ms":0,"data":{"polyline_points":11,"categories":["temple","restaurant"],"radius_km":20}}
{"timestamp":"2026-02-14 01:26:41.000000","request_id":"8f582dd8-9fb6-47e7-972c-dd386ae140c7","event":"debug","phase":"BBOX_QUERY","message":"Executing spatial query","latency_ms":0,"data":{"min_lat":18.87481881981982,"max_lat":28.79407518018018,"min_lng":72.68902381981981,"max_lng":77.38918618018019,"categories":["temple","restaurant"]}}
{"timestamp":"2026-02-14 01:26:41.000000","request_id":"8f582dd8-9fb6-47e7-972c-dd386ae140c7","event":"debug","phase":"BBOX_RESULT","message":"Bounding box query completed","latency_ms":62,"data":{"pois_in_bbox":3592}}
{"timestamp":"2026-02-14 01:26:41.000000","request_id":"8f582dd8-9fb6-47e7-972c-dd386ae140c7","event":"debug","phase":"DISTANCE_FILTER","message":"Starting distance-to-route filtering","latency_ms":63,"data":{"all_pois_count":3592,"buffer_meters":20000}}
{"timestamp":"2026-02-14 01:26:41.000000","request_id":"8f582dd8-9fb6-47e7-972c-dd386ae140c7","event":"debug","phase":"DISTANCE_FILTER","message":"Filtering complete","latency_ms":90,"data":{"filtered_pois_count":111}}
{"timestamp":"2026-02-14 01:26:41.000000","request_id":"8f582dd8-9fb6-47e7-972c-dd386ae140c7","event":"response_success","endpoint":"/api/pois-for-route","http_code":200,"latency_ms":91,"cache_hit":false,"cache_miss":false,"data_count":100}
{"timestamp":"2026-02-14 01:26:41.000000","request_id":"8f582dd8-9fb6-47e7-972c-dd386ae140c7","event":"debug","phase":"RESPONSE","message":"Final POI count","latency_ms":91,"data":{"total_in_route":111,"returned":100,"by_category":{"restaurant":77,"temple":34}}}
{"timestamp":"2026-02-14 01:26:41.000000","request_id":"c6ff7c67-7691-441c-a0e6-f4f490a405a5","event":"request_start","endpoint":"/api/pois-for-route","method":"POST","ip_address":"127.0.0.1","user_id":null}
{"timestamp":"2026-02-14 01:26:41.000000","request_id":"c6ff7c67-7691-441c-a0e6-f4f490a405a5","event":"debug","phase":"VALIDATION","message":"Polyline received","latency_ms":0,"data":{"point_count":11}}
{"timestamp":"2026-02-14 01:26:41.000000","request_id":"c6ff7c67-7691-441c-a0e6-f4f490a405a5","event":"debug","phase":"VALIDATION","message":"Input validated","latency_ms":1,"data":{"polyline_points":11,"categories":["temple","restaurant"],"radius_km":20}}
{"timestamp":"2026-02-14 01:26:41.000000","request_id":"c6ff7c67-7691-441c-a0e6-f4f490a405a5","event":"debug","phase":"BBOX_QUERY","message":"Executing spatial query","latency_ms":1,"data":{"min_lat":18.87481881981982,"max_lat":28.79407518018018,"min_lng":72.68902381981981,"max_lng":77.38918618018019,"categories":["temple","restaurant"]}}
{"timestamp":"2026-02-14 01:26:41.000000","request_id":"c6ff7c67-7691-441c-a0e6-f4f490a405a5","event":"debug","phase":"BBOX_RESULT","message":"Bounding box query completed","latency_ms":55,"data":{"pois_in_bbox":3592}}
{"timestamp":"2026-02-14 01:26:41.000000","request_id":"c6ff7c67-7691-441c-a0e6-f4f490a405a5","event":"debug","phase":"DISTANCE_FILTER","message":"Starting distance-to-route filtering","latency_ms":56,"data":{"all_pois_count":3592,"buffer_meters":20000}}
{"timestamp":"2026-02-14 01:26:41.000000","request_id":"c6ff7c67-7691-441c-a0e6-f4f490a405a5","event":"debug","phase":"DISTANCE_FILTER","message":"Filtering complete","latency_ms":77,"data":{"filtered_pois_count":111}}
{"timestamp":"2026-02-14 01:26:41.000000","request_id":"c6ff7c67-7691-441c-a0e6-f4f490a405a5","event":"response_success","endpoint":"/api/pois-for-route","http_code":200,"latency_ms":77,"cache_hit":false,"cache_miss":false,"data_count":100}
{"timestamp":"2026-02-14 01:26:41.000000","request_id":"c6ff7c67-7691-441c-a0e6-f4f490a405a5","event":"debug","phase":"RESPONSE","message":"Final POI count","latency_ms":78,"data":{"total_in_route":111,"returned":100,"by_category":{"restaurant":77,"temple":34}}}
{"timestamp":"2026-02-14 01:26:41.000000","request_id":"e6c429c9-a5ac-48de-969c-938cd22d4361","event":"request_start","endpoint":"/api/pois-for-route","method":"POST","ip_address":"127.0.0.1","user_id":null}
{"timestamp":"2026-02-14 01:26:41.000000","request_id":"e6c429c9-a5ac-48de-969c-938cd22d4361","event":"debug","phase":"VALIDATION","message":"Polyline received","latency_ms":0,"data":{"point_count":11}}
{"timestamp":"2026-02-14 01:26:41.000000","request_id":"e6c429c9-a5ac-48de-969c-938cd22d4361","event":"debug","phase":"VALIDATION","message":"Input validated","latency_ms":0,"data":{"polyline_points":11,"categories":["temple","restaurant"],"radius_km":20}}
{"timestamp":"2026-02-14 01:26:41.000000","request_id":"e6c429c9-a5ac-48de-969c-938cd22d4361","event":"debug","phase":"BBOX_QUERY","message":"Executing spatial query","latency_ms":1,"data":{"min_lat":18.87481881981982,"max_lat":28.79407518018018,"min_lng":72.68902381981981,"max_lng":77.38918618018019,"categories":["temple","restaurant"]}}
{"timestamp":"2026-02-14 01:26:41.000000","request_id":"e6c429c9-a5ac-48de-969c-938cd22d4361","event":"debug","phase":"BBOX_RESULT","message":"Bounding box query completed","latency_ms":49,"data":{"pois_in_bbox":3592}}
{"timestamp":"2026-02-14 01:26:41.000000","request_id":"e6c429c9-a5ac-48de-969c-938cd22d4361","event":"debug","phase":"DISTANCE_FILTER","message":"Starting distance-to-route filtering","latency_ms":49,"data":{"all_pois_count":3592,"buffer_meters":20000}}
{"timestamp":"2026-02-14 01:26:41.000000","request_id":"e6c429c9-a5ac-48de-969c-938cd22d4361","event":"debug","phase":"DISTANCE_FILTER","message":"Filtering complete","latency_ms":75,"data":{"filtered_pois_count":111}}
{"timestamp":"2026-02-14 01:26:41.000000","request_id":"e6c429c9-a5ac-48de-969c-938cd22d4361","event":"response_success","endpoint":"/api/pois-for-route","http_code":200,"latency_ms":76,"cache_hit":false,"cache_miss":false,"data_count":100}
{"timestamp":"2026-02-14 01:26:41.000000","request_id":"e6c429c9-a5ac-48de-969c-938cd22d4361","event":"debug","phase":"RESPONSE","message":"Final POI count","latency_ms":76,"data":{"total_in_route":111,"returned":100,"by_category":{"restaurant":77,"temple":34}}}
{"timestamp":"2026-02-14 01:26:41.000000","request_id":"7cafba82-fd67-428c-b519-c41c3857d183","event":"request_start","endpoint":"/api/pois-for-route","method":"POST","ip_address":"127.0.0.1","user_id":null}
{"timestamp":"2026-02-14 01:26:41.000000","request_id":"7cafba82-fd67-428c-b519-c41c3857d183","event":"debug","phase":"VALIDATION","message":"Polyline received","latency_ms":0,"data":{"point_count":11}}
{"timestamp":"2026-02-14 01:26:41.000000","request_id":"7cafba82-fd67-428c-b519-c41c3857d183","event":"debug","phase":"VALIDATION","message":"Input validated","latency_ms":0,"data":{"polyline_points":11,"categories":["temple","restaurant"],"radius_km":20}}
{"timestamp":"2026-02-14 01:26:41.000000","request_id":"7cafba82-fd67-428c-b519-c41c3857d183","event":"debug","phase":"BBOX_QUERY","message":"Executing spatial query","latency_ms":1,"data":{"min_lat":18.87481881981982,"max_lat":28.79407518018018,"min_lng":72.68902381981981,"max_lng":77.38918618018019,"categories":["temple","restaurant"]}}
{"timestamp":"2026-02-14 01:26:41.000000","request_id":"7cafba82-fd67-428c-b519-c41c3857d183","event":"debug","phase":"BBOX_RESULT","message":"Bounding box query completed","latency_ms":35,"data":{"pois_in_bbox":3592}}
{"timestamp":"2026-02-14 01:26:41.000000","request_id":"7cafba82-fd67-428c-b519-c41c3857d183","event":"debug","phase":"DISTANCE_FILTER","message":"Starting distance-to-route filtering","latency_ms":36,"data":{"all_pois_count":3592,"buffer_meters":20000}}
{"timestamp":"2026-02-14 01:26:41.000000","request_id":"7cafba82-fd67-428c-b519-c41c3857d183","event":"debug","phase":"DISTANCE_FILTER","message":"Filtering complete","latency_ms":60,"data":{"filtered_pois_count":111}}
{"timestamp":"2026-02-14 01:26:41.000000","request_id":"7cafba82-fd67-428c-b519-c41c3857d183","event":"response_success","endpoint":"/api/pois-for-route","http_code":200,"latency_ms":60,"cache_hit":false,"cache_miss":false,"data_count":100}
{"timestamp":"2026-02-14 01:26:41.000000","request_id":"7cafba82-fd67-428c-b519-c41c3857d183","event":"debug","phase":"RESPONSE","message":"Final POI count","latency_ms":60,"data":{"total_in_route":111,"returned":100,"by_category":{"restaurant":77,"temple":34}}}
{"timestamp":"2026-02-14 01:26:41.000000","request_id":"0ca42d29-03b3-40bd-812b-537f2546d57c","event":"request_start","endpoint":"/api/pois-for-route","method":"POST","ip_address":"127.0.0.1","user_id":null}
{"timestamp":"2026-02-14 01:26:41.000000","request_id":"0ca42d29-03b3-40bd-812b-537f2546d57c","event":"debug","phase":"VALIDATION","message":"Polyline received","latency_ms":0,"data":{"point_count":11}}
{"timestamp":"2026-02-14 01:26:41.000000","request_id":"0ca42d29-03b3-40bd-812b-537f2546d57c","event":"debug","phase":"VALIDATION","message":"Input validated","latency_ms":1,"data":{"polyline_points":11,"categories":["temple","restaurant"],"radius_km":20}}
{"timestamp":"2026-02-14 01:26:41.000000","request_id":"0ca42d29-03b3-40bd-812b-537f2546d57c","event":"debug","phase":"BBOX_QUERY","message":"Executing spatial query","latency_ms":1,"data":{"min_lat":18.87481881981982,"max_lat":28.79407518018018,"min_lng":72.68902381981981,"max_lng":77.38918618018019,"categories":["temple","restaurant"]}}
{"timestamp":"2026-02-14 01:26:41.000000","request_id":"0ca42d29-03b3-40bd-812b-537f2546d57c","event":"debug","phase":"BBOX_RESULT","message":"Bounding box query completed","latency_ms":56,"data":{"pois_in_bbox":3592}}
{"timestamp":"2026-02-14 01:26:41.000000","request_id":"0ca42d29-03b3-40bd-812b-537f2546d57c","event":"debug","phase":"DISTANCE_FILTER","message":"Starting distance-to-route filtering","latency_ms":57,"data":{"all_pois_count":3592,"buffer_meters":20000}}
{"timestamp":"2026-02-14 01:26:41.000000","request_id":"0ca42d29-03b3-40bd-812b-537f2546d57c","event":"debug","phase":"DISTANCE_FILTER","message":"Filtering complete","latency_ms":77,"data":{"filtered_pois_count":111}}
{"timestamp":"2026-02-14 01:26:41.000000","request_id":"0ca42d29-03b3-40bd-812b-537f2546d57c","event":"response_success","endpoint":"/api/pois-for-route","http_code":200,"latency_ms":78,"cache_hit":false,"cache_miss":false,"data_count":100}
{"timestamp":"2026-02-14 01:26:41.000000","request_id":"0ca42d29-03b3-40bd-812b-537f2546d57c","event":"debug","phase":"RESPONSE","message":"Final POI count","latency_ms":78,"data":{"total_in_route":111,"returned":100,"by_category":{"restaurant":77,"temple":34}}}
{"timestamp":"2026-02-14 01:26:41.000000","request_id":"11fb12dc-3928-4d89-9c73-ba2e31d88579","event":"request_start","endpoint":"/api/pois-for-route","method":"POST","ip_address":"127.0.0.1","user_id":null}
{"timestamp":"2026-02-14 01:26:41.000000","request_id":"11fb12dc-3928-4d89-9c73-ba2e31d88579","event":"debug","phase":"VALIDATION","message":"Polyline received","latency_ms":0,"data":{"point_count":11}}
{"timestamp":"2026-02-14 01:26:41.000000","request_id":"11fb12dc-3928-4d89-9c73-ba2e31d88579","event":"debug","phase":"VALIDATION","message":"Input validated","latency_ms":0,"data":{"polyline_points":11,"categories":["temple","restaurant"],"radius_km":20}}
{"timestamp":"2026-02-14 01:26:41.000000","request_id":"11fb12dc-3928-4d89-9c73-ba2e31d88579","event":"debug","phase":"BBOX_QUERY","message":"Executing spatial query","latency_ms":1,"data":{"min_lat":18.87481881981982,"max_lat":28.79407518018018,"min_lng":72.68902381981981,"max_lng":77.38918618018019,"categories":["temple","restaurant"]}}
{"timestamp":"2026-02-14 01:26:41.000000","request_id":"11fb12dc-3928-4d89-9c73-ba2e31d88579","event":"debug","phase":"BBOX_RESULT","message":"Bounding box query completed","latency_ms":49,"data":{"pois_in_bbox":3592}}
{"timestamp":"2026-02-14 01:26:41.000000","request_id":"11fb12dc-3928-4d89-9c73-ba2e31d88579","event":"debug","phase":"DISTANCE_FILTER","message":"Starting distance-to-route filtering","latency_ms":50,"data":{"all_pois_count":3592,"buffer_meters":20000}}
{"timestamp":"2026-02-14 01:26:41.000000","request_id":"11fb12dc-3928-4d89-9c73-ba2e31d88579","event":"debug","phase":"DISTANCE_FILTER","message":"Filtering complete","latency_ms":67,"data":{"filtered_pois_count":111}}
{"timestamp":"2026-02-14 01:26:41.000000","request_id":"11fb12dc-3928-4d89-9c73-ba2e31d88579","event":"response_success","endpoint":"/api/pois-for-route","http_code":200,"latency_ms":68,"cache_hit":false,"cache_miss":false,"data_count":100}
{"timestamp":"2026-02-14 01:26:41.000000","request_id":"11fb12dc-3928-4d89-9c73-ba2e31d88579","event":"debug","phase":"RESPONSE","message":"Final POI count","latency_ms":68,"data":{"total_in_route":111,"returned":100,"by_category":{"restaurant":77,"temple":34}}}
{"timestamp":"2026-02-14 01:26:41.000000","request_id":"cb000db0-963b-4b53-8007-acfcfeba0089","event":"request_start","endpoint":"/api/pois-for-route","method":"POST","ip_address":"127.0.0.1","user_id":null}
{"timestamp":"2026-02-14 01:26:41.000000","request_id":"cb000db0-963b-4b53-8007-acfcfeba0089","event":"debug","phase":"VALIDATION","message":"Polyline received","latency_ms":0,"data":{"point_count":11}}
{"timestamp":"2026-02-14 01:26:41.000000","request_id":"cb000db0-963b-4b53-8007-acfcfeba0089","event":"debug","phase":"VALIDATION","message":"Input validated","latency_ms":0,"data":{"polyline_points":11,"categories":["temple","restaurant"],"radius_km":20}}
{"timestamp":"2026-02-14 01:26:41.000000","request_id":"cb000db0-963b-4b53-8007-acfcfeba0089","event":"debug","phase":"BBOX_QUERY","message":"Executing spatial query","latency_ms":1,"data":{"min_lat":18.87481881981982,"max_lat":28.79407518018018,"min_lng":72.68902381981981,"max_lng":77.38918618018019,"categories":["temple","restaurant"]}}
{"timestamp":"2026-02-14 01:26:41.000000","request_id":"cb000db0-963b-4b53-8007-acfcfeba0089","event":"debug","phase":"BBOX_RESULT","message":"Bounding box query completed","latency_ms":56,"data":{"pois_in_bbox":3592}}
{"timestamp":"2026-02-14 01:26:41.000000","request_id":"cb000db0-963b-4b53-8007-acfcfeba0089","event":"debug","phase":"DISTANCE_FILTER","message":"Starting distance-to-route filtering","latency_ms":57,"data":{"all_pois_count":3592,"buffer_meters":20000}}
{"timestamp":"2026-02-14 01:26:41.000000","request_id":"cb000db0-963b-4b53-8007-acfcfeba0089","event":"debug","phase":"DISTANCE_FILTER","message":"Filtering complete","latency_ms":82,"data":{"filtered_pois_count":111}}
{"timestamp":"2026-02-14 01:26:41.000000","request_id":"cb000db0-963b-4b53-8007-acfcfeba0089","event":"response_success","endpoint":"/api/pois-for-route","http_code":200,"latency_ms":82,"cache_hit":false,"cache_miss":false,"data_count":100}
{"timestamp":"2026-02-14 01:26:41.000000","request_id":"cb000db0-963b-4b53-8007-acfcfeba0089","event":"debug","phase":"RESPONSE","message":"Final POI count","latency_ms":83,"data":{"total_in_route":111,"returned":100,"by_category":{"restaurant":77,"temple":34}}}
{"timestamp":"2026-02-14 01:26:41.000000","request_id":"e258de83-faee-4bc7-b7bd-41616b6370d2","event":"request_start","endpoint":"/api/pois-for-route","method":"POST","ip_address":"127.0.0.1","user_id":null}
{"timestamp":"2026-02-14 01:26:41.000000","request_id":"e258de83-faee-4bc7-b7bd-41616b6370d2","event":"debug","phase":"VALIDATION","message":"Polyline received","latency_ms":0,"data":{"point_count":11}}
{"timestamp":"2026-02-14 01:26:41.000000","request_id":"e258de83-faee-4bc7-b7bd-41616b6370d2","event":"debug","phase":"VALIDATION","message":"Input validated","latency_ms":0,"data":{"polyline_points":11,"categories":["temple","restaurant"],"radius_km":20}}
{"timestamp":"2026-02-14 01:26:41.000000","request_id":"e258de83-faee-4bc7-b7bd-41616b6370d2","event":"debug","phase":"BBOX_QUERY","message":"Executing spatial query","latency_ms":1,"data":{"min_lat":18.87481881981982,"max_lat":28.79407518018018,"min_lng":72.68902381981981,"max_lng":77.38918618018019,"categories":["temple","restaurant"]}}
{"timestamp":"2026-02-14 01:26:41.000000","request_id":"e258de83-faee-4bc7-b7bd-41616b6370d2","event":"debug","phase":"BBOX_RESULT","message":"Bounding box query completed","latency_ms":57,"data":{"pois_in_bbox":3592}}
{"timestamp":"2026-02-14 01:26:41.000000","request_id":"e258de83-faee-4bc7-b7bd-41616b6370d2","event":"debug","phase":"DISTANCE_FILTER","message":"Starting distance-to-route filtering","latency_ms":58,"data":{"all_pois_count":3592,"buffer_meters":20000}}
{"timestamp":"2026-02-14 01:26:41.000000","request_id":"e258de83-faee-4bc7-b7bd-41616b6370d2","event":"debug","phase":"DISTANCE_FILTER","message":"Filtering complete","latency_ms":87,"data":{"filtered_pois_count":111}}
{"timestamp":"2026-02-14 01:26:41.000000","request_id":"e258de83-faee-4bc7-b7bd-41616b6370d2","event":"response_success","endpoint":"/api/pois-for-route","http_code":200,"latency_ms":87,"cache_hit":false,"cache_miss":false,"data_count":100}
{"timestamp":"2026-02-14 01:26:41.000000","request_id":"e258de83-faee-4bc7-b7bd-41616b6370d2","event":"debug","phase":"RESPONSE","message":"Final POI count","latency_ms":88,"data":{"total_in_route":111,"returned":100,"by_category":{"restaurant":77,"temple":34}}}
{"timestamp":"2026-02-14 01:26:41.000000","request_id":"f3c18200-e9da-4eec-8fc6-d242090b6b4a","event":"request_start","endpoint":"/api/pois-for-route","method":"POST","ip_address":"127.0.0.1","user_id":null}
{"timestamp":"2026-02-14 01:26:41.000000","request_id":"f3c18200-e9da-4eec-8fc6-d242090b6b4a","event":"debug","phase":"VALIDATION","message":"Polyline received","latency_ms":0,"data":{"point_count":11}}
{"timestamp":"2026-02-14 01:26:41.000000","request_id":"f3c18200-e9da-4eec-8fc6-d242090b6b4a","event":"debug","phase":"VALIDATION","message":"Input validated","latency_ms":0,"data":{"polyline_points":11,"categories":["temple","restaurant"],"radius_km":20}}
{"timestamp":"2026-02-14 01:26:41.000000","request_id":"f3c18200-e9da-4eec-8fc6-d242090b6b4a","event":"debug","phase":"BBOX_QUERY","message":"Executing spatial query","latency_ms":0,"data":{"min_lat":18.87481881981982,"max_lat":28.79407518018018,"min_lng":72.68902381981981,"max_lng":77.38918618018019,"categories":["temple","restaurant"]}}
{"timestamp":"2026-02-14 01:26:41.000000","request_id":"f3c18200-e9da-4eec-8fc6-d242090b6b4a","event":"debug","phase":"BBOX_RESULT","message":"Bounding box query completed","latency_ms":54,"data":{"pois_in_bbox":3592}}
{"timestamp":"2026-02-14 01:26:41.000000","request_id":"f3c18200-e9da-4eec-8fc6-d242090b6b4a","event":"debug","phase":"DISTANCE_FILTER","message":"Starting distance-to-route filtering","latency_ms":55,"data":{"all_pois_count":3592,"buffer_meters":20000}}
{"timestamp":"2026-02-14 01:26:41.000000","request_id":"f3c18200-e9da-4eec-8fc6-d242090b6b4a","event":"debug","phase":"DISTANCE_FILTER","message":"Filtering complete","latency_ms":79,"data":{"filtered_pois_count":111}}
{"timestamp":"2026-02-14 01:26:41.000000","request_id":"f3c18200-e9da-4eec-8fc6-d242090b6b4a","event":"response_success","endpoint":"/api/pois-for-route","http_code":200,"latency_ms":80,"cache_hit":false,"cache_miss":false,"data_count":100}
{"timestamp":"2026-02-14 01:26:41.000000","request_id":"f3c18200-e9da-4eec-8fc6-d242090b6b4a","event":"debug","phase":"RESPONSE","message":"Final POI count","latency_ms":80,"data":{"total_in_route":111,"returned":100,"by_category":{"restaurant":77,"temple":34}}}
{"timestamp":"2026-02-14 01:26:41.000000","request_id":"35a5ad4d-02e7-4d25-a4bf-6681a7ebeef1","event":"request_start","endpoint":"/api/pois-for-route","method":"POST","ip_address":"127.0.0.1","user_id":null}
{"timestamp":"2026-02-14 01:26:41.000000","request_id":"35a5ad4d-02e7-4d25-a4bf-6681a7ebeef1","event":"debug","phase":"VALIDATION","message":"Polyline received","latency_ms":0,"data":{"point_count":11}}
{"timestamp":"2026-02-14 01:26:41.000000","request_id":"35a5ad4d-02e7-4d25-a4bf-6681a7ebeef1","event":"debug","phase":"VALIDATION","message":"Input validated","latency_ms":0,"data":{"polyline_points":11,"categories":["temple","restaurant"],"radius_km":20}}
{"timestamp":"2026-02-14 01:26:41.000000","request_id":"35a5ad4d-02e7-4d25-a4bf-6681a7ebeef1","event":"debug","phase":"BBOX_QUERY","message":"Executing spatial query","latency_ms":1,"data":{"min_lat":18.87481881981982,"max_lat":28.79407518018018,"min_lng":72.68902381981981,"max_lng":77.38918618018019,"categories":["temple","restaurant"]}}
{"timestamp":"2026-02-14 01:26:41.000000","request_id":"35a5ad4d-02e7-4d25-a4bf-6681a7ebeef1","event":"debug","phase":"BBOX_RESULT","message":"Bounding box query completed","latency_ms":58,"data":{"pois_in_bbox":3592}}
{"timestamp":"2026-02-14 01:26:41.000000","request_id":"35a5ad4d-02e7-4d25-a4bf-6681a7ebeef1","event":"debug","phase":"DISTANCE_FILTER","message":"Starting distance-to-route filtering","latency_ms":59,"data":{"all_pois_count":3592,"buffer_meters":20000}}
{"timestamp":"2026-02-14 01:26:42.000000","request_id":"35a5ad4d-02e7-4d25-a4bf-6681a7ebeef1","event":"debug","phase":"DISTANCE_FILTER","message":"Filtering complete","latency_ms":76,"data":{"filtered_pois_count":111}}
{"timestamp":"2026-02-14 01:26:42.000000","request_id":"35a5ad4d-02e7-4d25-a4bf-6681a7ebeef1","event":"response_success","endpoint":"/api/pois-for-route","http_code":200,"latency_ms":76,"cache_hit":false,"cache_miss":false,"data_count":100}
{"timestamp":"2026-02-14 01:26:42.000000","request_id":"35a5ad4d-02e7-4d25-a4bf-6681a7ebeef1","event":"debug","phase":"RESPONSE","message":"Final POI count","latency_ms":76,"data":{"total_in_route":111,"returned":100,"by_category":{"restaurant":77,"temple":34}}}
{"timestamp":"2026-02-14 01:26:42.000000","request_id":"c867e41d-4c25-415e-9cd8-241ddac2cacd","event":"request_start","endpoint":"/api/pois-for-route","method":"POST","ip_address":"127.0.0.1","user_id":null}
{"timestamp":"2026-02-14 01:26:42.000000","request_id":"c867e41d-4c25-415e-9cd8-241ddac2cacd","event":"debug","phase":"VALIDATION","message":"Polyline received","latency_ms":0,"data":{"point_count":11}}
{"timestamp":"2026-02-14 01:26:42.000000","request_id":"c867e41d-4c25-415e-9cd8-241ddac2cacd","event":"debug","phase":"VALIDATION","message":"Input validated","latency_ms":1,"data":{"polyline_points":11,"categories":["temple","restaurant"],"radius_km":20}}
{"timestamp":"2026-02-14 01:26:42.000000","request_id":"c867e41d-4c25-415e-9cd8-241ddac2cacd","event":"debug","phase":"BBOX_QUERY","message":"Executing spatial query","latency_ms":2,"data":{"min_lat":18.87481881981982,"max_lat":28.79407518018018,"min_lng":72.68902381981981,"max_lng":77.38918618018019,"categories":["temple","restaurant"]}}
{"timestamp":"2026-02-14 01:26:42.000000","request_id":"c867e41d-4c25-415e-9cd8-241ddac2cacd","event":"debug","phase":"BBOX_RESULT","message":"Bounding box query completed","latency_ms":75,"data":{"pois_in_bbox":3592}}
{"timestamp":"2026-02-14 01:26:42.000000","request_id":"c867e41d-4c25-415e-9cd8-241ddac2cacd","event":"debug","phase":"DISTANCE_FILTER","message":"Starting distance-to-route filtering","latency_ms":76,"data":{"all_pois_count":3592,"buffer_meters":20000}}
{"timestamp":"2026-02-14 01:26:42.000000","request_id":"c867e41d-4c25-415e-9cd8-241ddac2cacd","event":"debug","phase":"DISTANCE_FILTER","message":"Filtering complete","latency_ms":92,"data":{"filtered_pois_count":111}}
{"timestamp":"2026-02-14 01:26:42.000000","request_id":"c867e41d-4c25-415e-9cd8-241ddac2cacd","event":"response_success","endpoint":"/api/pois-for-route","http_code":200,"latency_ms":93,"cache_hit":false,"cache_miss":false,"data_count":100}
{"timestamp":"2026-02-14 01:26:42.000000","request_id":"c867e41d-4c25-415e-9cd8-241ddac2cacd","event":"debug","phase":"RESPONSE","message":"Final POI count","latency_ms":93,"data":{"total_in_route":111,"returned":100,"by_category":{"restaurant":77,"temple":34}}}
{"timestamp":"2026-02-14 01:26:42.000000","request_id":"f0349f59-f1d9-4d8f-8fcb-89972a474aa9","event":"request_start","endpoint":"/api/pois-for-route","method":"POST","ip_address":"127.0.0.1","user_id":null}
{"timestamp":"2026-02-14 01:26:42.000000","request_id":"f0349f59-f1d9-4d8f-8fcb-89972a474aa9","event":"debug","phase":"VALIDATION","message":"Polyline received","latency_ms":0,"data":{"point_count":11}}
{"timestamp":"2026-02-14 01:26:42.000000","request_id":"f0349f59-f1d9-4d8f-8fcb-89972a474aa9","event":"debug","phase":"VALIDATION","message":"Input validated","latency_ms":1,"data":{"polyline_points":11,"categories":["temple","restaurant"],"radius_km":20}}
{"timestamp":"2026-02-14 01:26:42.000000","request_id":"f0349f59-f1d9-4d8f-8fcb-89972a474aa9","event":"debug","phase":"BBOX_QUERY","message":"Executing spatial query","latency_ms":1,"data":{"min_lat":18.87481881981982,"max_lat":28.79407518018018,"min_lng":72.68902381981981,"max_lng":77.38918618018019,"categories":["temple","restaurant"]}}
{"timestamp":"2026-02-14 01:26:42.000000","request_id":"f0349f59-f1d9-4d8f-8fcb-89972a474aa9","event":"debug","phase":"BBOX_RESULT","message":"Bounding box query completed","latency_ms":62,"data":{"pois_in_bbox":3592}}
{"timestamp":"2026-02-14 01:26:42.000000","request_id":"f0349f59-f1d9-4d8f-8fcb-89972a474aa9","event":"debug","phase":"DISTANCE_FILTER","message":"Starting distance-to-route filtering","latency_ms":63,"data":{"all_pois_count":3592,"buffer_meters":20000}}
{"timestamp":"2026-02-14 01:26:42.000000","request_id":"f0349f59-f1d9-4d8f-8fcb-89972a474aa9","event":"debug","phase":"DISTANCE_FILTER","message":"Filtering complete","latency_ms":89,"data":{"filtered_pois_count":111}}
{"timestamp":"2026-02-14 01:26:42.000000","request_id":"f0349f59-f1d9-4d8f-8fcb-89972a474aa9","event":"response_success","endpoint":"/api/pois-for-route","http_code":200,"latency_ms":89,"cache_hit":false,"cache_miss":false,"data_count":100}
{"timestamp":"2026-02-14 01:26:42.000000","request_id":"f0349f59-f1d9-4d8f-8fcb-89972a474aa9","event":"debug","phase":"RESPONSE","message":"Final POI count","latency_ms":89,"data":{"total_in_route":111,"returned":100,"by_category":{"restaurant":77,"temple":34}}}
{"timestamp":"2026-02-14 01:26:42.000000","request_id":"a1163ba9-3a94-46da-9d1a-b46322d398f3","event":"request_start","endpoint":"/api/pois-for-route","method":"POST","ip_address":"127.0.0.1","user_id":null}
{"timestamp":"2026-02-14 01:26:42.000000","request_id":"a1163ba9-3a94-46da-9d1a-b46322d398f3","event":"debug","phase":"VALIDATION","message":"Polyline received","latency_ms":0,"data":{"point_count":11}}
{"timestamp":"2026-02-14 01:26:42.000000","request_id":"a1163ba9-3a94-46da-9d1a-b46322d398f3","event":"debug","phase":"VALIDATION","message":"Input validated","latency_ms":1,"data":{"polyline_points":11,"categories":["temple","restaurant"],"radius_km":20}}
{"timestamp":"2026-02-14 01:26:42.000000","request_id":"a1163ba9-3a94-46da-9d1a-b46322d398f3","event":"debug","phase":"BBOX_QUERY","message":"Executing spatial query","latency_ms":1,"data":{"min_lat":18.87481881981982,"max_lat":28.79407518018018,"min_lng":72.68902381981981,"max_lng":77.38918618018019,"categories":["temple","restaurant"]}}
{"timestamp":"2026-02-14 01:26:42.000000","request_id":"a1163ba9-3a94-46da-9d1a-b46322d398f3","event":"debug","phase":"BBOX_RESULT","message":"Bounding box query completed","latency_ms":55,"data":{"pois_in_bbox":3592}}
{"timestamp":"2026-02-14 01:26:42.000000","request_id":"a1163ba9-3a94-46da-9d1a-b46322d398f3","event":"debug","phase":"DISTANCE_FILTER","message":"Starting distance-to-route filtering","latency_ms":55,"data":{"all_pois_count":3592,"buffer_meters":20000}}
{"timestamp":"2026-02-14 01:26:42.000000","request_id":"a1163ba9-3a94-46da-9d1a-b46322d398f3","event":"debug","phase":"DISTANCE_FILTER","message":"Filtering complete","latency_ms":81,"data":{"filtered_pois_count":111}}
{"timestamp":"2026-02-14 01:26:42.000000","request_id":"a1163ba9-3a94-46da-9d1a-b46322d398f3","event":"response_success","endpoint":"/api/pois-for-route","http_code":200,"latency_ms":81,"cache_hit":false,"cache_miss":false,"data_count":100}
{"timestamp":"2026-02-14 01:26:42.000000","request_id":"a1163ba9-3a94-46da-9d1a-b46322d398f3","event":"debug","phase":"RESPONSE","message":"Final POI count","latency_ms":81,"data":{"total_in_route":111,"returned":100,"by_category":{"restaurant":77,"temple":34}}}
{"timestamp":"2026-02-14 01:26:42.000000","request_id":"a9dfa539-05db-4fab-9667-77fcb5970f59","event":"request_start","endpoint":"/api/pois-for-route","method":"POST","ip_address":"127.0.0.1","user_id":null}
{"timestamp":"2026-02-14 01:26:42.000000","request_id":"a9dfa539-05db-4fab-9667-77fcb5970f59","event":"debug","phase":"VALIDATION","message":"Polyline received","latency_ms":0,"data":{"point_count":11}}
{"timestamp":"2026-02-14 01:26:42.000000","request_id":"a9dfa539-05db-4fab-9667-77fcb5970f59","event":"debug","phase":"VALIDATION","message":"Input validated","latency_ms":0,"data":{"polyline_points":11,"categories":["temple","restaurant"],"radius_km":20}}
{"timestamp":"2026-02-14 01:26:42.000000","request_id":"a9dfa539-05db-4fab-9667-77fcb5970f59","event":"debug","phase":"BBOX_QUERY","message":"Executing spatial query","latency_ms":1,"data":{"min_lat":18.87481881981982,"max_lat":28.79407518018018,"min_lng":72.68902381981981,"max_lng":77.38918618018019,"categories":["temple","restaurant"]}}
{"timestamp":"2026-02-14 01:26:42.000000","request_id":"a9dfa539-05db-4fab-9667-77fcb5970f59","event":"debug","phase":"BBOX_RESULT","message":"Bounding box query completed","latency_ms":55,"data":{"pois_in_bbox":3592}}
{"timestamp":"2026-02-14 01:26:42.000000","request_id":"a9dfa539-05db-4fab-9667-77fcb5970f59","event":"debug","phase":"DISTANCE_FILTER","message":"Starting distance-to-route filtering","latency_ms":55,"data":{"all_pois_count":3592,"buffer_meters":20000}}
{"timestamp":"2026-02-14 01:26:42.000000","request_id":"a9dfa539-05db-4fab-9667-77fcb5970f59","event":"debug","phase":"DISTANCE_FILTER","message":"Filtering complete","latency_ms":79,"data":{"filtered_pois_count":111}}
{"timestamp":"2026-02-14 01:26:42.000000","request_id":"a9dfa539-05db-4fab-9667-77fcb5970f59","event":"response_success","endpoint":"/api/pois-for-route","http_code":200,"latency_ms":80,"cache_hit":false,"cache_miss":false,"data_count":100}
{"timestamp":"2026-02-14 01:26:42.000000","request_id":"a9dfa539-05db-4fab-9667-77fcb5970f59","event":"debug","phase":"RESPONSE","message":"Final POI count","latency_ms":80,"data":{"total_in_route":111,"returned":100,"by_category":{"restaurant":77,"temple":34}}}
{"timestamp":"2026-02-14 01:26:42.000000","request_id":"dae69290-7548-4869-9666-7cac7a78e2db","event":"request_start","endpoint":"/api/pois-for-route","method":"POST","ip_address":"127.0.0.1","user_id":null}
{"timestamp":"2026-02-14 01:26:42.000000","request_id":"dae69290-7548-4869-9666-7cac7a78e2db","event":"debug","phase":"VALIDATION","message":"Polyline received","latency_ms":0,"data":{"point_count":11}}
{"timestamp":"2026-02-14 01:26:42.000000","request_id":"dae69290-7548-4869-9666-7cac7a78e2db","event":"debug","phase":"VALIDATION","message":"Input validated","latency_ms":1,"data":{"polyline_points":11,"categories":["temple","restaurant"],"radius_km":20}}
{"timestamp":"2026-02-14 01:26:42.000000","request_id":"dae69290-7548-4869-9666-7cac7a78e2db","event":"debug","phase":"BBOX_QUERY","message":"Executing spatial query","latency_ms":1,"data":{"min_lat":18.87481881981982,"max_lat":28.79407518018018,"min_lng":72.68902381981981,"max_lng":77.38918618018019,"categories":["temple","restaurant"]}}
{"timestamp":"2026-02-14 01:26:42.000000","request_id":"dae69290-7548-4869-9666-7cac7a78e2db","event":"debug","phase":"BBOX_RESULT","message":"Bounding box query completed","latency_ms":58,"data":{"pois_in_bbox":3592}}
{"timestamp":"2026-02-14 01:26:42.000000","request_id":"dae69290-7548-4869-9666-7cac7a78e2db","event":"debug","phase":"DISTANCE_FILTER","message":"Starting distance-to-route filtering","latency_ms":59,"data":{"all_pois_count":3592,"buffer_meters":20000}}
{"timestamp":"2026-02-14 01:26:42.000000","request_id":"dae69290-7548-4869-9666-7cac7a78e2db","event":"debug","phase":"DISTANCE_FILTER","message":"Filtering complete","latency_ms":73,"data":{"filtered_pois_count":111}}
{"timestamp":"2026-02-14 01:26:42.000000","request_id":"dae69290-7548-4869-9666-7cac7a78e2db","event":"response_success","endpoint":"/api/pois-for-route","http_code":200,"latency_ms":73,"cache_hit":false,"cache_miss":false,"data_count":100}
{"timestamp":"2026-02-14 01:26:42.000000","request_id":"dae69290-7548-4869-9666-7cac7a78e2db","event":"debug","phase":"RESPONSE","message":"Final POI count","latency_ms":74,"data":{"total_in_route":111,"returned":100,"by_category":{"restaurant":77,"temple":34}}}
{"timestamp":"2026-02-14 01:26:42.000000","request_id":"b39b08d6-03e6-47f4-9542-b1b073a7b797","event":"request_start","endpoint":"/api/pois-for-route","method":"POST","ip_address":"127.0.0.1","user_id":null}
{"timestamp":"2026-02-14 01:26:42.000000","request_id":"b39b08d6-03e6-47f4-9542-b1b073a7b797","event":"debug","phase":"VALIDATION","message":"Polyline received","latency_ms":0,"data":{"point_count":11}}
{"timestamp":"2026-02-14 01:26:42.000000","request_id":"b39b08d6-03e6-47f4-9542-b1b073a7b797","event":"debug","phase":"VALIDATION","message":"Input validated","latency_ms":0,"data":{"polyline_points":11,"categories":["temple","restaurant"],"radius_km":20}}
{"timestamp":"2026-02-14 01:26:42.000000","request_id":"b39b08d6-03e6-47f4-9542-b1b073a7b797","event":"debug","phase":"BBOX_QUERY","message":"Executing spatial query","latency_ms":1,"data":{"min_lat":18.87481881981982,"max_lat":28.79407518018018,"min_lng":72.68902381981981,"max_lng":77.38918618018019,"categories":["temple","restaurant"]}}
{"timestamp":"2026-02-14 01:26:42.000000","request_id":"b39b08d6-03e6-47f4-9542-b1b073a7b797","event":"debug","phase":"BBOX_RESULT","message":"Bounding box query completed","latency_ms":57,"data":{"pois_in_bbox":3592}}
{"timestamp":"2026-02-14 01:26:42.000000","request_id":"b39b08d6-03e6-47f4-9542-b1b073a7b797","event":"debug","phase":"DISTANCE_FILTER","message":"Starting distance-to-route filtering","latency_ms":57,"data":{"all_pois_count":3592,"buffer_meters":20000}}
{"timestamp":"2026-02-14 01:26:42.000000","request_id":"b39b08d6-03e6-47f4-9542-b1b073a7b797","event":"debug","phase":"DISTANCE_FILTER","message":"Filtering complete","latency_ms":81,"data":{"filtered_pois_count":111}}
{"timestamp":"2026-02-14 01:26:42.000000","request_id":"b39b08d6-03e6-47f4-9542-b1b073a7b797","event":"response_success","endpoint":"/api/pois-for-route","http_code":200,"latency_ms":82,"cache_hit":false,"cache_miss":false,"data_count":100}
{"timestamp":"2026-02-14 01:26:42.000000","request_id":"b39b08d6-03e6-47f4-9542-b1b073a7b797","event":"debug","phase":"RESPONSE","message":"Final POI count","latency_ms":82,"data":{"total_in_route":111,"returned":100,"by_category":{"restaurant":77,"temple":34}}}
{"timestamp":"2026-02-14 01:26:42.000000","request_id":"9cc14352-f876-4bd1-9cb2-4e873b14edf6","event":"request_start","endpoint":"/api/pois-for-route","method":"POST","ip_address":"127.0.0.1","user_id":null}
{"timestamp":"2026-02-14 01:26:42.000000","request_id":"9cc14352-f876-4bd1-9cb2-4e873b14edf6","event":"debug","phase":"VALIDATION","message":"Polyline received","latency_ms":0,"data":{"point_count":11}}
{"timestamp":"2026-02-14 01:26:42.000000","request_id":"9cc14352-f876-4bd1-9cb2-4e873b14edf6","event":"debug","phase":"VALIDATION","message":"Input validated","latency_ms":1,"data":{"polyline_points":11,"categories":["temple","restaurant"],"radius_km":20}}
{"timestamp":"2026-02-14 01:26:42.000000","request_id":"9cc14352-f876-4bd1-9cb2-4e873b14edf6","event":"debug","phase":"BBOX_QUERY","message":"Executing spatial query","latency_ms":1,"data":{"min_lat":18.87481881981982,"max_lat":28.79407518018018,"min_lng":72.68902381981981,"max_lng":77.38918618018019,"categories":["temple","restaurant"]}}
{"timestamp":"2026-02-14 01:26:42.000000","request_id":"9cc14352-f876-4bd1-9cb2-4e873b14edf6","event":"debug","phase":"BBOX_RESULT","message":"Bounding box query completed","latency_ms":55,"data":{"pois_in_bbox":3592}}
{"timestamp":"2026-02-14 01:26:42.000000","request_id":"9cc14352-f876-4bd1-9cb2-4e873b14edf6","event":"debug","phase":"DISTANCE_FILTER","message":"Starting distance-to-route filtering","latency_ms":55,"data":{"all_pois_count":3592,"buffer_meters":20000}}
{"timestamp":"2026-02-14 01:26:42.000000","request_id":"9cc14352-f876-4bd1-9cb2-4e873b14edf6","event":"debug","phase":"DISTANCE_FILTER","message":"Filtering complete","latency_ms":73,"data":{"filtered_pois_count":111}}
{"timestamp":"2026-02-14 01:26:42.000000","request_id":"9cc14352-f876-4bd1-9cb2-4e873b14edf6","event":"response_success","endpoint":"/api/pois-for-route","http_code":200,"latency_ms":73,"cache_hit":false,"cache_miss":false,"data_count":100}
{"timestamp":"2026-02-14 01:26:42.000000","request_id":"9cc14352-f876-4bd1-9cb2-4e873b14edf6","event":"debug","phase":"RESPONSE","message":"Final POI count","latency_ms":74,"data":{"total_in_route":111,"returned":100,"by_category":{"restaurant":77,"temple":34}}}
{"timestamp":"2026-02-14 01:26:42.000000","request_id":"85dd9493-3e62-4a79-aa60-ed7f3dfebf07","event":"request_start","endpoint":"/api/pois-for-route","method":"POST","ip_address":"127.0.0.1","user_id":null}
{"timestamp":"2026-02-14 01:26:42.000000","request_id":"85dd9493-3e62-4a79-aa60-ed7f3dfebf07","event":"debug","phase":"VALIDATION","message":"Polyline received","latency_ms":0,"data":{"point_count":11}}
{"timestamp":"2026-02-14 01:26:42.000000","request_id":"85dd9493-3e62-4a79-aa60-ed7f3dfebf07","event":"debug","phase":"VALIDATION","message":"Input validated","latency_ms":0,"data":{"polyline_points":11,"categories":["temple","restaurant"],"radius_km":20}}
{"timestamp":"2026-02-14 01:26:42.000000","request_id":"85dd9493-3e62-4a79-aa60-ed7f3dfebf07","event":"debug","phase":"BBOX_QUERY","message":"Executing spatial query","latency_ms":0,"data":{"min_lat":18.87481881981982,"max_lat":28.79407518018018,"min_lng":72.68902381981981,"max_lng":77.38918618018019,"categories":["temple","restaurant"]}}
{"timestamp":"2026-02-14 01:26:42.000000","request_id":"85dd9493-3e62-4a79-aa60-ed7f3dfebf07","event":"debug","phase":"BBOX_RESULT","message":"Bounding box query completed","latency_ms":59,"data":{"pois_in_bbox":3592}}
{"timestamp":"2026-02-14 01:26:42.000000","request_id":"85dd9493-3e62-4a79-aa60-ed7f3dfebf07","event":"debug","phase":"DISTANCE_FILTER","message":"Starting distance-to-route filtering","latency_ms":59,"data":{"all_pois_count":3592,"buffer_meters":20000}}
{"timestamp":"2026-02-14 01:26:42.000000","request_id":"85dd9493-3e62-4a79-aa60-ed7f3dfebf07","event":"debug","phase":"DISTANCE_FILTER","message":"Filtering complete","latency_ms":84,"data":{"filtered_pois_count":111}}
{"timestamp":"2026-02-14 01:26:42.000000","request_id":"85dd9493-3e62-4a79-aa60-ed7f3dfebf07","event":"response_success","endpoint":"/api/pois-for-route","http_code":200,"latency_ms":84,"cache_hit":false,"cache_miss":false,"data_count":100}
{"timestamp":"2026-02-14 01:26:42.000000","request_id":"85dd9493-3e62-4a79-aa60-ed7f3dfebf07","event":"debug","phase":"RESPONSE","message":"Final POI count","latency_ms":85,"data":{"total_in_route":111,"returned":100,"by_category":{"restaurant":77,"temple":34}}}
{"timestamp":"2026-02-14 01:26:42.000000","request_id":"2a805774-3957-431b-8673-849511a86995","event":"request_start","endpoint":"/api/pois-for-route","method":"POST","ip_address":"127.0.0.1","user_id":null}
{"timestamp":"2026-02-14 01:26:42.000000","request_id":"2a805774-3957-431b-8673-849511a86995","event":"debug","phase":"VALIDATION","message":"Polyline received","latency_ms":0,"data":{"point_count":11}}
{"timestamp":"2026-02-14 01:26:42.000000","request_id":"2a805774-3957-431b-8673-849511a86995","event":"debug","phase":"VALIDATION","message":"Input validated","latency_ms":0,"data":{"polyline_points":11,"categories":["temple","restaurant"],"radius_km":20}}
{"timestamp":"2026-02-14 01:26:42.000000","request_id":"2a805774-3957-431b-8673-849511a86995","event":"debug","phase":"BBOX_QUERY","message":"Executing spatial query","latency_ms":0,"data":{"min_lat":18.87481881981982,"max_lat":28.79407518018018,"min_lng":72.68902381981981,"max_lng":77.38918618018019,"categories":["temple","restaurant"]}}
{"timestamp":"2026-02-14 01:26:42.000000","request_id":"2a805774-3957-431b-8673-849511a86995","event":"debug","phase":"BBOX_RESULT","message":"Bounding box query completed","latency_ms":55,"data":{"pois_in_bbox":3592}}
{"timestamp":"2026-02-14 01:26:42.000000","request_id":"2a805774-3957-431b-8673-849511a86995","event":"debug","phase":"DISTANCE_FILTER","message":"Starting distance-to-route filtering","latency_ms":55,"data":{"all_pois_count":3592,"buffer_meters":20000}}
{"timestamp":"2026-02-14 01:26:42.000000","request_id":"2a805774-3957-431b-8673-849511a86995","event":"debug","phase":"DISTANCE_FILTER","message":"Filtering complete","latency_ms":84,"data":{"filtered_pois_count":111}}
{"timestamp":"2026-02-14 01:26:42.000000","request_id":"2a805774-3957-431b-8673-849511a86995","event":"response_success","endpoint":"/api/pois-for-route","http_code":200,"latency_ms":84,"cache_hit":false,"cache_miss":false,"data_count":100}
{"timestamp":"2026-02-14 01:26:42.000000","request_id":"2a805774-3957-431b-8673-849511a86995","event":"debug","phase":"RESPONSE","message":"Final POI count","latency_ms":85,"data":{"total_in_route":111,"returned":100,"by_category":{"restaurant":77,"temple":34}}}
{"timestamp":"2026-02-14 01:26:42.000000","request_id":"91dca950-5646-482c-bcb7-324e85f09d49","event":"request_start","endpoint":"/api/pois-for-route","method":"POST","ip_address":"127.0.0.1","user_id":null}
{"timestamp":"2026-02-14 01:26:42.000000","request_id":"91dca950-5646-482c-bcb7-324e85f09d49","event":"debug","phase":"VALIDATION","message":"Polyline received","latency_ms":0,"data":{"point_count":11}}
{"timestamp":"2026-02-14 01:26:42.000000","request_id":"91dca950-5646-482c-bcb7-324e85f09d49","event":"debug","phase":"VALIDATION","message":"Input validated","latency_ms":0,"data":{"polyline_points":11,"categories":["temple","restaurant"],"radius_km":20}}
{"timestamp":"2026-02-14 01:26:42.000000","request_id":"91dca950-5646-482c-bcb7-324e85f09d49","event":"debug","phase":"BBOX_QUERY","message":"Executing spatial query","latency_ms":1,"data":{"min_lat":18.87481881981982,"max_lat":28.79407518018018,"min_lng":72.68902381981981,"max_lng":77.38918618018019,"categories":["temple","restaurant"]}}
{"timestamp":"2026-02-14 01:26:42.000000","request_id":"91dca950-5646-482c-bcb7-324e85f09d49","event":"debug","phase":"BBOX_RESULT","message":"Bounding box query completed","latency_ms":55,"data":{"pois_in_bbox":3592}}
{"timestamp":"2026-02-14 01:26:42.000000","request_id":"91dca950-5646-482c-bcb7-324e85f09d49","event":"debug","phase":"DISTANCE_FILTER","message":"Starting distance-to-route filtering","latency_ms":55,"data":{"all_pois_count":3592,"buffer_meters":20000}}
{"timestamp":"2026-02-14 01:26:42.000000","request_id":"91dca950-5646-482c-bcb7-324e85f09d49","event":"debug","phase":"DISTANCE_FILTER","message":"Filtering complete","latency_ms":72,"data":{"filtered_pois_count":111}}
{"timestamp":"2026-02-14 01:26:42.000000","request_id":"91dca950-5646-482c-bcb7-324e85f09d49","event":"response_success","endpoint":"/api/pois-for-route","http_code":200,"latency_ms":73,"cache_hit":false,"cache_miss":false,"data_count":100}
{"timestamp":"2026-02-14 01:26:42.000000","request_id":"91dca950-5646-482c-bcb7-324e85f09d49","event":"debug","phase":"RESPONSE","message":"Final POI count","latency_ms":73,"data":{"total_in_route":111,"returned":100,"by_category":{"restaurant":77,"temple":34}}}
{"timestamp":"2026-02-14 01:26:42.000000","request_id":"9929fca3-1d21-4aac-9744-97a583caba86","event":"request_start","endpoint":"/api/pois-for-route","method":"POST","ip_address":"127.0.0.1","user_id":null}
{"timestamp":"2026-02-14 01:26:42.000000","request_id":"9929fca3-1d21-4aac-9744-97a583caba86","event":"debug","phase":"VALIDATION","message":"Polyline received","latency_ms":0,"data":{"point_count":11}}
{"timestamp":"2026-02-14 01:26:42.000000","request_id":"9929fca3-1d21-4aac-9744-97a583caba86","event":"debug","phase":"VALIDATION","message":"Input validated","latency_ms":0,"data":{"polyline_points":11,"categories":["temple","restaurant"],"radius_km":20}}
{"timestamp":"2026-02-14 01:26:42.000000","request_id":"9929fca3-1d21-4aac-9744-97a583caba86","event":"debug","phase":"BBOX_QUERY","message":"Executing spatial query","latency_ms":1,"data":{"min_lat":18.87481881981982,"max_lat":28.79407518018018,"min_lng":72.68902381981981,"max_lng":77.38918618018019,"categories":["temple","restaurant"]}}
{"timestamp":"2026-02-14 01:26:43.000000","request_id":"9929fca3-1d21-4aac-9744-97a583caba86","event":"debug","phase":"BBOX_RESULT","message":"Bounding box query completed","latency_ms":55,"data":{"pois_in_bbox":3592}}
{"timestamp":"2026-02-14 01:26:43.000000","request_id":"9929fca3-1d21-4aac-9744-97a583caba86","event":"debug","phase":"DISTANCE_FILTER","message":"Starting distance-to-route filtering","latency_ms":55,"data":{"all_pois_count":3592,"buffer_meters":20000}}
{"timestamp":"2026-02-14 01:26:43.000000","request_id":"9929fca3-1d21-4aac-9744-97a583caba86","event":"debug","phase":"DISTANCE_FILTER","message":"Filtering complete","latency_ms":80,"data":{"filtered_pois_count":111}}
{"timestamp":"2026-02-14 01:26:43.000000","request_id":"9929fca3-1d21-4aac-9744-97a583caba86","event":"response_success","endpoint":"/api/pois-for-route","http_code":200,"latency_ms":80,"cache_hit":false,"cache_miss":false,"data_count":100}
{"timestamp":"2026-02-14 01:26:43.000000","request_id":"9929fca3-1d21-4aac-9744-97a583caba86","event":"debug","phase":"RESPONSE","message":"Final POI count","latency_ms":81,"data":{"total_in_route":111,"returned":100,"by_category":{"restaurant":77,"temple":34}}}
{"timestamp":"2026-02-14 01:26:43.000000","request_id":"4c86d4bb-ffcf-426b-a9fe-c06d1f11ffde","event":"request_start","endpoint":"/api/pois-for-route","method":"POST","ip_address":"127.0.0.1","user_id":null}
{"timestamp":"2026-02-14 01:26:43.000000","request_id":"4c86d4bb-ffcf-426b-a9fe-c06d1f11ffde","event":"debug","phase":"VALIDATION","message":"Polyline received","latency_ms":0,"data":{"point_count":11}}
{"timestamp":"2026-02-14 01:26:43.000000","request_id":"4c86d4bb-ffcf-426b-a9fe-c06d1f11ffde","event":"debug","phase":"VALIDATION","message":"Input validated","latency_ms":1,"data":{"polyline_points":11,"categories":["temple","restaurant"],"radius_km":20}}
{"timestamp":"2026-02-14 01:26:43.000000","request_id":"4c86d4bb-ffcf-426b-a9fe-c06d1f11ffde","event":"debug","phase":"BBOX_QUERY","message":"Executing spatial query","latency_ms":2,"data":{"min_lat":18.87481881981982,"max_lat":28.79407518018018,"min_lng":72.68902381981981,"max_lng":77.38918618018019,"categories":["temple","restaurant"]}}
{"timestamp":"2026-02-14 01:26:43.000000","request_id":"4c86d4bb-ffcf-426b-a9fe-c06d1f11ffde","event":"debug","phase":"BBOX_RESULT","message":"Bounding box query completed","latency_ms":59,"data":{"pois_in_bbox":3592}}
{"timestamp":"2026-02-14 01:26:43.000000","request_id":"4c86d4bb-ffcf-426b-a9fe-c06d1f11ffde","event":"debug","phase":"DISTANCE_FILTER","message":"Starting distance-to-route filtering","latency_ms":59,"data":{"all_pois_count":3592,"buffer_meters":20000}}
{"timestamp":"2026-02-14 01:26:43.000000","request_id":"4c86d4bb-ffcf-426b-a9fe-c06d1f11ffde","event":"debug","phase":"DISTANCE_FILTER","message":"Filtering complete","latency_ms":83,"data":{"filtered_pois_count":111}}
{"timestamp":"2026-02-14 01:26:43.000000","request_id":"4c86d4bb-ffcf-426b-a9fe-c06d1f11ffde","event":"response_success","endpoint":"/api/pois-for-route","http_code":200,"latency_ms":84,"cache_hit":false,"cache_miss":false,"data_count":100}
{"timestamp":"2026-02-14 01:26:43.000000","request_id":"4c86d4bb-ffcf-426b-a9fe-c06d1f11ffde","event":"debug","phase":"RESPONSE","message":"Final POI count","latency_ms":84,"data":{"total_in_route":111,"returned":100,"by_category":{"restaurant":77,"temple":34}}}
{"timestamp":"2026-02-14 01:26:47.000000","request_id":"eacde87e-5679-4331-98dd-ac85b6d2b8fa","event":"request_start","endpoint":"/api/pois-for-route","method":"POST","ip_address":"127.0.0.1","user_id":null}
{"timestamp":"2026-02-14 01:26:47.000000","request_id":"eacde87e-5679-4331-98dd-ac85b6d2b8fa","event":"debug","phase":"VALIDATION","message":"Polyline received","latency_ms":0,"data":{"point_count":11}}
{"timestamp":"2026-02-14 01:26:47.000000","request_id":"eacde87e-5679-4331-98dd-ac85b6d2b8fa","event":"debug","phase":"VALIDATION","message":"Input validated","latency_ms":1,"data":{"polyline_points":11,"categories":["temple"],"radius_km":20}}
{"timestamp":"2026-02-14 01:26:47.000000","request_id":"eacde87e-5679-4331-98dd-ac85b6d2b8fa","event":"debug","phase":"BBOX_QUERY","message":"Executing spatial query","latency_ms":1,"data":{"min_lat":18.87481881981982,"max_lat":28.79407518018018,"min_lng":72.68902381981981,"max_lng":77.38918618018019,"categories":["temple"]}}
{"timestamp":"2026-02-14 01:26:47.000000","request_id":"eacde87e-5679-4331-98dd-ac85b6d2b8fa","event":"debug","phase":"BBOX_RESULT","message":"Bounding box query completed","latency_ms":10,"data":{"pois_in_bbox":684}}
{"timestamp":"2026-02-14 01:26:47.000000","request_id":"eacde87e-5679-4331-98dd-ac85b6d2b8fa","event":"debug","phase":"DISTANCE_FILTER","message":"Starting distance-to-route filtering","latency_ms":11,"data":{"all_pois_count":684,"buffer_meters":20000}}
{"timestamp":"2026-02-14 01:26:47.000000","request_id":"eacde87e-5679-4331-98dd-ac85b6d2b8fa","event":"debug","phase":"DISTANCE_FILTER","message":"Filtering complete","latency_ms":18,"data":{"filtered_pois_count":34}}
{"timestamp":"2026-02-14 01:26:47.000000","request_id":"eacde87e-5679-4331-98dd-ac85b6d2b8fa","event":"response_success","endpoint":"/api/pois-for-route","http_code":200,"latency_ms":18,"cache_hit":false,"cache_miss":false,"data_count":34}
{"timestamp":"2026-02-14 01:26:47.000000","request_id":"eacde87e-5679-4331-98dd-ac85b6d2b8fa","event":"debug","phase":"RESPONSE","message":"Final POI count","latency_ms":19,"data":{"total_in_route":34,"returned":34,"by_category":{"temple":34}}}
{"timestamp":"2026-02-14 01:26:55.000000","request_id":"63b8e43a-0f90-4944-a73d-e7cbc21b8b84","event":"request_start","endpoint":"/api/pois-for-route","method":"POST","ip_address":"127.0.0.1","user_id":null}
{"timestamp":"2026-02-14 01:26:55.000000","request_id":"63b8e43a-0f90-4944-a73d-e7cbc21b8b84","event":"debug","phase":"VALIDATION","message":"Polyline received","latency_ms":0,"data":{"point_count":11}}
{"timestamp":"2026-02-14 01:26:55.000000","request_id":"63b8e43a-0f90-4944-a73d-e7cbc21b8b84","event":"debug","phase":"VALIDATION","message":"Input validated","latency_ms":1,"data":{"polyline_points":11,"categories":["restaurant"],"radius_km":20}}
{"timestamp":"2026-02-14 01:26:55.000000","request_id":"63b8e43a-0f90-4944-a73d-e7cbc21b8b84","event":"debug","phase":"BBOX_QUERY","message":"Executing spatial query","latency_ms":1,"data":{"min_lat":18.87481881981982,"max_lat":28.79407518018018,"min_lng":72.68902381981981,"max_lng":77.38918618018019,"categories":["restaurant"]}}
{"timestamp":"2026-02-14 01:26:55.000000","request_id":"63b8e43a-0f90-4944-a73d-e7cbc21b8b84","event":"debug","phase":"BBOX_RESULT","message":"Bounding box query completed","latency_ms":90,"data":{"pois_in_bbox":2908}}
{"timestamp":"2026-02-14 01:26:55.000000","request_id":"63b8e43a-0f90-4944-a73d-e7cbc21b8b84","event":"debug","phase":"DISTANCE_FILTER","message":"Starting distance-to-route filtering","latency_ms":91,"data":{"all_pois_count":2908,"buffer_meters":20000}}
{"timestamp":"2026-02-14 01:26:55.000000","request_id":"63b8e43a-0f90-4944-a73d-e7cbc21b8b84","event":"debug","phase":"DISTANCE_FILTER","message":"Filtering complete","latency_ms":120,"data":{"filtered_pois_count":77}}
{"timestamp":"2026-02-14 01:26:55.000000","request_id":"63b8e43a-0f90-4944-a73d-e7cbc21b8b84","event":"response_success","endpoint":"/api/pois-for-route","http_code":200,"latency_ms":121,"cache_hit":false,"cache_miss":false,"data_count":77}
{"timestamp":"2026-02-14 01:26:55.000000","request_id":"63b8e43a-0f90-4944-a73d-e7cbc21b8b84","event":"debug","phase":"RESPONSE","message":"Final POI count","latency_ms":121,"data":{"total_in_route":77,"returned":77,"by_category":{"restaurant":77}}}
{"timestamp":"2026-02-14 01:27:04.000000","request_id":"55723f51-4e96-4952-a441-2d05dc73e0b8","event":"request_start","endpoint":"/api/trips","method":"POST","ip_address":"127.0.0.1","user_id":null}
{"timestamp":"2026-02-14 01:27:04.000000","request_id":"55723f51-4e96-4952-a441-2d05dc73e0b8","event":"debug","phase":"TRIPS","message":"Using direct trip data format","latency_ms":0,"data":[]}
{"timestamp":"2026-02-14 01:27:04.000000","request_id":"55723f51-4e96-4952-a441-2d05dc73e0b8","event":"debug","phase":"TRIP_SAVE","message":"Prepared trip data","latency_ms":5,"data":{"source":"Delhi","destination":"Mumbai","mode":"bus","distance_km":1438.24,"stops_count":4}}
{"timestamp":"2026-02-14 01:27:06.000000","request_id":"0c3f1a10-c767-43ee-ae1f-bb2e8354cf01","event":"request_start","endpoint":"/api/trips","method":"GET","ip_address":"127.0.0.1","user_id":null}
{"timestamp":"2026-02-14 01:27:06.000000","request_id":"0c3f1a10-c767-43ee-ae1f-bb2e8354cf01","event":"response_success","endpoint":"/api/trips","http_code":200,"latency_ms":9,"cache_hit":false,"cache_miss":false,"data_count":20}
{"timestamp":"2026-02-14 01:27:06.000000","request_id":"b43a2dca-e95e-4d2e-8ba6-38ec625a39b0","event":"request_start","endpoint":"/api/trips","method":"GET","ip_address":"127.0.0.1","user_id":null}
{"timestamp":"2026-02-14 01:27:06.000000","request_id":"b43a2dca-e95e-4d2e-8ba6-38ec625a39b0","event":"response_success","endpoint":"/api/trips","http_code":200,"latency_ms":1,"cache_hit":false,"cache_miss":false,"data_count":20}
{"timestamp":"2026-02-14 01:30:13.000000","request_id":"aa6e5ddf-3e3c-4620-a0f4-d516f3befd4f","event":"request_start","endpoint":"/api/pois-for-route","method":"POST","ip_address":"127.0.0.1","user_id":null}
{"timestamp":"2026-02-14 01:30:13.000000","request_id":"aa6e5ddf-3e3c-4620-a0f4-d516f3befd4f","event":"debug","phase":"VALIDATION","message":"Polyline received","latency_ms":1,"data":{"point_count":10}}
{"timestamp":"2026-02-14 01:30:13.000000","request_id":"aa6e5ddf-3e3c-4620-a0f4-d516f3befd4f","event":"debug","phase":"VALIDATION","message":"Input validated","latency_ms":1,"data":{"polyline_points":10,"categories":["temple","restaurant"],"radius_km":5}}
{"timestamp":"2026-02-14 01:30:13.000000","request_id":"aa6e5ddf-3e3c-4620-a0f4-d516f3befd4f","event":"debug","phase":"BBOX_QUERY","message":"Executing spatial query","latency_ms":1,"data":{"min_lat":10.745454954954955,"max_lat":17.43004504504505,"min_lng":78.42935495495496,"max_lng":78.74974504504505,"categories":["temple","restaurant"]}}
{"timestamp":"2026-02-14 01:30:13.000000","request_id":"aa6e5ddf-3e3c-4620-a0f4-d516f3befd4f","event":"debug","phase":"BBOX_RESULT","message":"Bounding box query completed","latency_ms":27,"data":{"pois_in_bbox":156}}
{"timestamp":"2026-02-14 01:30:13.000000","request_id":"aa6e5ddf-3e3c-4620-a0f4-d516f3befd4f","event":"debug","phase":"DISTANCE_FILTER","message":"Starting distance-to-route filtering","latency_ms":28,"data":{"all_pois_count":156,"buffer_meters":5000}}
{"timestamp":"2026-02-14 01:30:13.000000","request_id":"aa6e5ddf-3e3c-4620-a0f4-d516f3befd4f","event":"debug","phase":"DISTANCE_FILTER","message":"Filtering complete","latency_ms":28,"data":{"filtered_pois_count":1}}
{"timestamp":"2026-02-14 01:30:13.000000","request_id":"aa6e5ddf-3e3c-4620-a0f4-d516f3befd4f","event":"response_success","endpoint":"/api/pois-for-route","http_code":200,"latency_ms":29,"cache_hit":false,"cache_miss":false,"data_count":1}
{"timestamp":"2026-02-14 01:30:13.000000","request_id":"aa6e5ddf-3e3c-4620-a0f4-d516f3befd4f","event":"debug","phase":"RESPONSE","message":"Final POI count","latency_ms":29,"data":{"total_in_route":1,"returned":1,"by_category":{"restaurant":1}}}
{"timestamp":"2026-02-14 01:30:13.000000","request_id":"c884a407-66b7-41c7-b6d9-3b3345f9133a","event":"request_start","endpoint":"/api/pois-for-route","method":"POST","ip_address":"127.0.0.1","user_id":null}
{"timestamp":"2026-02-14 01:30:13.000000","request_id":"c884a407-66b7-41c7-b6d9-3b3345f9133a","event":"debug","phase":"VALIDATION","message":"Polyline received","latency_ms":0,"data":{"point_count":10}}
{"timestamp":"2026-02-14 01:30:13.000000","request_id":"c884a407-66b7-41c7-b6d9-3b3345f9133a","event":"debug","phase":"VALIDATION","message":"Input validated","latency_ms":0,"data":{"polyline_points":10,"categories":["temple","restaurant"],"radius_km":5}}
{"timestamp":"2026-02-14 01:30:13.000000","request_id":"c884a407-66b7-41c7-b6d9-3b3345f9133a","event":"debug","phase":"BBOX_QUERY","message":"Executing spatial query","latency_ms":0,"data":{"min_lat":10.745454954954955,"max_lat":17.43004504504505,"min_lng":78.42935495495496,"max_lng":78.74974504504505,"categories":["temple","restaurant"]}}
{"timestamp":"2026-02-14 01:30:13.000000","request_id":"c884a407-66b7-41c7-b6d9-3b3345f9133a","event":"debug","phase":"BBOX_RESULT","message":"Bounding box query completed","latency_ms":26,"data":{"pois_in_bbox":156}}
{"timestamp":"2026-02-14 01:30:13.000000","request_id":"c884a407-66b7-41c7-b6d9-3b3345f9133a","event":"debug","phase":"DISTANCE_FILTER","message":"Starting distance-to-route filtering","latency_ms":27,"data":{"all_pois_count":156,"buffer_meters":5000}}
{"timestamp":"2026-02-14 01:30:13.000000","request_id":"c884a407-66b7-41c7-b6d9-3b3345f9133a","event":"debug","phase":"DISTANCE_FILTER","message":"Filtering complete","latency_ms":27,"data":{"filtered_pois_count":1}}
{"timestamp":"2026-02-14 01:30:13.000000","request_id":"c884a407-66b7-41c7-b6d9-3b3345f9133a","event":"response_success","endpoint":"/api/pois-for-route","http_code":200,"latency_ms":27,"cache_hit":false,"cache_miss":false,"data_count":1}
{"timestamp":"2026-02-14 01:30:13.000000","request_id":"c884a407-66b7-41c7-b6d9-3b3345f9133a","event":"debug","phase":"RESPONSE","message":"Final POI count","latency_ms":28,"data":{"total_in_route":1,"returned":1,"by_category":{"restaurant":1}}}
{"timestamp":"2026-02-14 01:32:29.000000","request_id":"790ce090-4f54-4f58-b4a5-5db3f6739313","event":"request_start","endpoint":"/api/pois-for-route","method":"POST","ip_address":"127.0.0.1","user_id":null}
{"timestamp":"2026-02-14 01:32:29.000000","request_id":"790ce090-4f54-4f58-b4a5-5db3f6739313","event":"debug","phase":"VALIDATION","message":"Polyline received","latency_ms":0,"data":{"point_count":10}}
{"timestamp":"2026-02-14 01:32:29.000000","request_id":"790ce090-4f54-4f58-b4a5-5db3f6739313","event":"debug","phase":"VALIDATION","message":"Input validated","latency_ms":1,"data":{"polyline_points":10,"categories":["temple","restaurant"],"radius_km":5}}
{"timestamp":"2026-02-14 01:32:29.000000","request_id":"790ce090-4f54-4f58-b4a5-5db3f6739313","event":"debug","phase":"BBOX_QUERY","message":"Executing spatial query","latency_ms":1,"data":{"min_lat":10.745454954954955,"max_lat":17.43004504504505,"min_lng":78.42935495495496,"max_lng":78.74974504504505,"categories":["temple","restaurant"]}}
{"timestamp":"2026-02-14 01:32:29.000000","request_id":"790ce090-4f54-4f58-b4a5-5db3f6739313","event":"debug","phase":"BBOX_RESULT","message":"Bounding box query completed","latency_ms":99,"data":{"pois_in_bbox":156}}
{"timestamp":"2026-02-14 01:32:29.000000","request_id":"790ce090-4f54-4f58-b4a5-5db3f6739313","event":"debug","phase":"DISTANCE_FILTER","message":"Starting distance-to-route filtering","latency_ms":100,"data":{"all_pois_count":156,"buffer_meters":5000}}
{"timestamp":"2026-02-14 01:32:29.000000","request_id":"790ce090-4f54-4f58-b4a5-5db3f6739313","event":"debug","phase":"DISTANCE_FILTER","message":"Filtering complete","latency_ms":101,"data":{"filtered_pois_count":1}}
{"timestamp":"2026-02-14 01:32:29.000000","request_id":"790ce090-4f54-4f58-b4a5-5db3f6739313","event":"response_success","endpoint":"/api/pois-for-route","http_code":200,"latency_ms":102,"cache_hit":false,"cache_miss":false,"data_count":1}
{"timestamp":"2026-02-14 01:32:29.000000","request_id":"790ce090-4f54-4f58-b4a5-5db3f6739313","event":"debug","phase":"RESPONSE","message":"Final POI count","latency_ms":102,"data":{"total_in_route":1,"returned":1,"by_category":{"restaurant":1}}}
{"timestamp":"2026-02-14 01:32:29.000000","request_id":"fb430b10-c95c-423d-8dee-f64db16bbf55","event":"request_start","endpoint":"/api/pois-for-route","method":"POST","ip_address":"127.0.0.1","user_id":null}
{"timestamp":"2026-02-14 01:32:29.000000","request_id":"fb430b10-c95c-423d-8dee-f64db16bbf55","event":"debug","phase":"VALIDATION","message":"Polyline received","latency_ms":0,"data":{"point_count":10}}
{"timestamp":"2026-02-14 01:32:29.000000","request_id":"fb430b10-c95c-423d-8dee-f64db16bbf55","event":"debug","phase":"VALIDATION","message":"Input validated","latency_ms":0,"data":{"polyline_points":10,"categories":["temple","restaurant"],"radius_km":5}}
{"timestamp":"2026-02-14 01:32:29.000000","request_id":"fb430b10-c95c-423d-8dee-f64db16bbf55","event":"debug","phase":"BBOX_QUERY","message":"Executing spatial query","latency_ms":1,"data":{"min_lat":10.745454954954955,"max_lat":17.43004504504505,"min_lng":78.42935495495496,"max_lng":78.74974504504505,"categories":["temple","restaurant"]}}
{"timestamp":"2026-02-14 01:32:29.000000","request_id":"fb430b10-c95c-423d-8dee-f64db16bbf55","event":"debug","phase":"BBOX_RESULT","message":"Bounding box query completed","latency_ms":34,"data":{"pois_in_bbox":156}}
{"timestamp":"2026-02-14 01:32:29.000000","request_id":"fb430b10-c95c-423d-8dee-f64db16bbf55","event":"debug","phase":"DISTANCE_FILTER","message":"Starting distance-to-route filtering","latency_ms":35,"data":{"all_pois_count":156,"buffer_meters":5000}}
{"timestamp":"2026-02-14 01:32:29.000000","request_id":"fb430b10-c95c-423d-8dee-f64db16bbf55","event":"debug","phase":"DISTANCE_FILTER","message":"Filtering complete","latency_ms":36,"data":{"filtered_pois_count":1}}
{"timestamp":"2026-02-14 01:32:29.000000","request_id":"fb430b10-c95c-423d-8dee-f64db16bbf55","event":"response_success","endpoint":"/api/pois-for-route","http_code":200,"latency_ms":37,"cache_hit":false,"cache_miss":false,"data_count":1}
{"timestamp":"2026-02-14 01:32:29.000000","request_id":"fb430b10-c95c-423d-8dee-f64db16bbf55","event":"debug","phase":"RESPONSE","message":"Final POI count","latency_ms":37,"data":{"total_in_route":1,"returned":1,"by_category":{"restaurant":1}}}
{"timestamp":"2026-02-14 01:34:25.000000","request_id":"5a3adc32-4cd0-4fed-96bb-91c7515a9be9","event":"request_start","endpoint":"/api/pois-for-route","method":"POST","ip_address":"127.0.0.1","user_id":null}
{"timestamp":"2026-02-14 01:34:25.000000","request_id":"5a3adc32-4cd0-4fed-96bb-91c7515a9be9","event":"debug","phase":"VALIDATION","message":"Polyline received","latency_ms":0,"data":{"point_count":10}}
{"timestamp":"2026-02-14 01:34:25.000000","request_id":"5a3adc32-4cd0-4fed-96bb-91c7515a9be9","event":"debug","phase":"VALIDATION","message":"Input validated","latency_ms":0,"data":{"polyline_points":10,"categories":["temple","restaurant"],"radius_km":1}}
{"timestamp":"2026-02-14 01:34:25.000000","request_id":"5a3adc32-4cd0-4fed-96bb-91c7515a9be9","event":"debug","phase":"BBOX_QUERY","message":"Executing spatial query","latency_ms":0,"data":{"min_lat":10.78149099099099,"max_lat":17.39400900900901,"min_lng":78.465390990991,"max_lng":78.71370900900901,"categories":["temple","restaurant"]}}
{"timestamp":"2026-02-14 01:34:25.000000","request_id":"5a3adc32-4cd0-4fed-96bb-91c7515a9be9","event":"debug","phase":"BBOX_RESULT","message":"Bounding box query completed","latency_ms":22,"data":{"pois_in_bbox":123}}
{"timestamp":"2026-02-14 01:34:25.000000","request_id":"5a3adc32-4cd0-4fed-96bb-91c7515a9be9","event":"debug","phase":"DISTANCE_FILTER","message":"Starting distance-to-route filtering","latency_ms":23,"data":{"all_pois_count":123,"buffer_meters":1000}}
{"timestamp":"2026-02-14 01:34:25.000000","request_id":"5a3adc32-4cd0-4fed-96bb-91c7515a9be9","event":"debug","phase":"DISTANCE_FILTER","message":"Filtering complete","latency_ms":23,"data":{"filtered_pois_count":0}}
{"timestamp":"2026-02-14 01:34:25.000000","request_id":"5a3adc32-4cd0-4fed-96bb-91c7515a9be9","event":"response_error","endpoint":"/api/pois-for-route","http_code":200,"error_code":"POI_ZERO_RESULTS","message":"No POIs found within criteria","latency_ms":24,"user_id":null,"details":null}
{"timestamp":"2026-02-14 01:34:25.000000","request_id":"5a3adc32-4cd0-4fed-96bb-91c7515a9be9","event":"debug","phase":"RESPONSE","message":"Final POI count","latency_ms":24,"data":{"total_in_route":0,"returned":0,"by_category":[]}}
{"timestamp":"2026-02-14 01:34:26.000000","request_id":"da95b99e-bcf7-440d-b7a5-dae09cb77efa","event":"request_start","endpoint":"/api/pois-for-route","method":"POST","ip_address":"127.0.0.1","user_id":null}
{"timestamp":"2026-02-14 01:34:26.000000","request_id":"da95b99e-bcf7-440d-b7a5-dae09cb77efa","event":"debug","phase":"VALIDATION","message":"Polyline received","latency_ms":0,"data":{"point_count":10}}
{"timestamp":"2026-02-14 01:34:26.000000","request_id":"da95b99e-bcf7-440d-b7a5-dae09cb77efa","event":"debug","phase":"VALIDATION","message":"Input validated","latency_ms":0,"data":{"polyline_points":10,"categories":["temple","restaurant"],"radius_km":10}}
{"timestamp":"2026-02-14 01:34:26.000000","request_id":"da95b99e-bcf7-440d-b7a5-dae09cb77efa","event":"debug","phase":"BBOX_QUERY","message":"Executing spatial query","latency_ms":0,"data":{"min_lat":10.70040990990991,"max_lat":17.47509009009009,"min_lng":78.38430990990992,"max_lng":78.79479009009009,"categories":["temple","restaurant"]}}
{"timestamp":"2026-02-14 01:34:26.000000","request_id":"da95b99e-bcf7-440d-b7a5-dae09cb77efa","event":"debug","phase":"BBOX_RESULT","message":"Bounding box query completed","latency_ms":29,"data":{"pois_in_bbox":210}}
{"timestamp":"2026-02-14 01:34:26.000000","request_id":"da95b99e-bcf7-440d-b7a5-dae09cb77efa","event":"debug","phase":"DISTANCE_FILTER","message":"Starting distance-to-route filtering","latency_ms":30,"data":{"all_pois_count":210,"buffer_meters":10000}}
{"timestamp":"2026-02-14 01:34:26.000000","request_id":"da95b99e-bcf7-440d-b7a5-dae09cb77efa","event":"debug","phase":"DISTANCE_FILTER","message":"Filtering complete","latency_ms":30,"data":{"filtered_pois_count":13}}
{"timestamp":"2026-02-14 01:34:26.000000","request_id":"da95b99e-bcf7-440d-b7a5-dae09cb77efa","event":"response_success","endpoint":"/api/pois-for-route","http_code":200,"latency_ms":30,"cache_hit":false,"cache_miss":false,"data_count":13}
{"timestamp":"2026-02-14 01:34:26.000000","request_id":"da95b99e-bcf7-440d-b7a5-dae09cb77efa","event":"debug","phase":"RESPONSE","message":"Final POI count","latency_ms":31,"data":{"total_in_route":13,"returned":13,"by_category":{"restaurant":10,"temple":3}}}
{"timestamp":"2026-02-14 01:34:26.000000","request_id":"97f285a3-3576-4d53-aec0-5990a37e63d3","event":"request_start","endpoint":"/api/pois-for-route","method":"POST","ip_address":"127.0.0.1","user_id":null}
{"timestamp":"2026-02-14 01:34:26.000000","request_id":"97f285a3-3576-4d53-aec0-5990a37e63d3","event":"debug","phase":"VALIDATION","message":"Polyline received","latency_ms":0,"data":{"point_count":10}}
{"timestamp":"2026-02-14 01:34:26.000000","request_id":"97f285a3-3576-4d53-aec0-5990a37e63d3","event":"debug","phase":"VALIDATION","message":"Input validated","latency_ms":0,"data":{"polyline_points":10,"categories":["temple","restaurant"],"radius_km":20}}
{"timestamp":"2026-02-14 01:34:26.000000","request_id":"97f285a3-3576-4d53-aec0-5990a37e63d3","event":"debug","phase":"BBOX_QUERY","message":"Executing spatial query","latency_ms":0,"data":{"min_lat":10.61031981981982,"max_lat":17.56518018018018,"min_lng":78.29421981981982,"max_lng":78.88488018018019,"categories":["temple","restaurant"]}}
{"timestamp":"2026-02-14 01:34:26.000000","request_id":"97f285a3-3576-4d53-aec0-5990a37e63d3","event":"debug","phase":"BBOX_RESULT","message":"Bounding box query completed","latency_ms":34,"data":{"pois_in_bbox":349}}
{"timestamp":"2026-02-14 01:34:26.000000","request_id":"97f285a3-3576-4d53-aec0-5990a37e63d3","event":"debug","phase":"DISTANCE_FILTER","message":"Starting distance-to-route filtering","latency_ms":34,"data":{"all_pois_count":349,"buffer_meters":20000}}
{"timestamp":"2026-02-14 01:34:26.000000","request_id":"97f285a3-3576-4d53-aec0-5990a37e63d3","event":"debug","phase":"DISTANCE_FILTER","message":"Filtering complete","latency_ms":35,"data":{"filtered_pois_count":48}}
{"timestamp":"2026-02-14 01:34:26.000000","request_id":"97f285a3-3576-4d53-aec0-5990a37e63d3","event":"response_success","endpoint":"/api/pois-for-route","http_code":200,"latency_ms":36,"cache_hit":false,"cache_miss":false,"data_count":48}
{"timestamp":"2026-02-14 01:34:26.000000","request_id":"97f285a3-3576-4d53-aec0-5990a37e63d3","event":"debug","phase":"RESPONSE","message":"Final POI count","latency_ms":36,"data":{"total_in_route":48,"returned":48,"by_category":{"restaurant":34,"temple":14}}}
{"timestamp":"2026-02-14 01:34:28.000000","request_id":"7c21a023-3d42-42bd-8bb3-3b610e2c0216","event":"request_start","endpoint":"/api/pois-for-route","method":"POST","ip_address":"127.0.0.1","user_id":null}
{"timestamp":"2026-02-14 01:34:28.000000","request_id":"7c21a023-3d42-42bd-8bb3-3b610e2c0216","event":"debug","phase":"VALIDATION","message":"Polyline received","latency_ms":0,"data":{"point_count":10}}
{"timestamp":"2026-02-14 01:34:28.000000","request_id":"7c21a023-3d42-42bd-8bb3-3b610e2c0216","event":"debug","phase":"VALIDATION","message":"Input validated","latency_ms":0,"data":{"polyline_points":10,"categories":["temple","restaurant"],"radius_km":20}}
{"timestamp":"2026-02-14 01:34:28.000000","request_id":"7c21a023-3d42-42bd-8bb3-3b610e2c0216","event":"debug","phase":"BBOX_QUERY","message":"Executing spatial query","latency_ms":1,"data":{"min_lat":10.61031981981982,"max_lat":17.56518018018018,"min_lng":78.29421981981982,"max_lng":78.88488018018019,"categories":["temple","restaurant"]}}
{"timestamp":"2026-02-14 01:34:28.000000","request_id":"7c21a023-3d42-42bd-8bb3-3b610e2c0216","event":"debug","phase":"BBOX_RESULT","message":"Bounding box query completed","latency_ms":29,"data":{"pois_in_bbox":349}}
{"timestamp":"2026-02-14 01:34:28.000000","request_id":"7c21a023-3d42-42bd-8bb3-3b610e2c0216","event":"debug","phase":"DISTANCE_FILTER","message":"Starting distance-to-route filtering","latency_ms":29,"data":{"all_pois_count":349,"buffer_meters":20000}}
{"timestamp":"2026-02-14 01:34:28.000000","request_id":"7c21a023-3d42-42bd-8bb3-3b610e2c0216","event":"debug","phase":"DISTANCE_FILTER","message":"Filtering complete","latency_ms":30,"data":{"filtered_pois_count":48}}
{"timestamp":"2026-02-14 01:34:28.000000","request_id":"7c21a023-3d42-42bd-8bb3-3b610e2c0216","event":"response_success","endpoint":"/api/pois-for-route","http_code":200,"latency_ms":31,"cache_hit":false,"cache_miss":false,"data_count":48}
{"timestamp":"2026-02-14 01:34:28.000000","request_id":"7c21a023-3d42-42bd-8bb3-3b610e2c0216","event":"debug","phase":"RESPONSE","message":"Final POI count","latency_ms":31,"data":{"total_in_route":48,"returned":48,"by_category":{"restaurant":34,"temple":14}}}
{"timestamp":"2026-02-14 01:34:29.000000","request_id":"222c01c2-5027-486e-b47f-45943dc6079c","event":"request_start","endpoint":"/api/pois-for-route","method":"POST","ip_address":"127.0.0.1","user_id":null}
{"timestamp":"2026-02-14 01:34:29.000000","request_id":"222c01c2-5027-486e-b47f-45943dc6079c","event":"debug","phase":"VALIDATION","message":"Polyline received","latency_ms":0,"data":{"point_count":10}}
{"timestamp":"2026-02-14 01:34:29.000000","request_id":"222c01c2-5027-486e-b47f-45943dc6079c","event":"debug","phase":"VALIDATION","message":"Input validated","latency_ms":1,"data":{"polyline_points":10,"categories":["temple","restaurant"],"radius_km":20}}
{"timestamp":"2026-02-14 01:34:29.000000","request_id":"222c01c2-5027-486e-b47f-45943dc6079c","event":"debug","phase":"BBOX_QUERY","message":"Executing spatial query","latency_ms":1,"data":{"min_lat":10.61031981981982,"max_lat":17.56518018018018,"min_lng":78.29421981981982,"max_lng":78.88488018018019,"categories":["temple","restaurant"]}}
{"timestamp":"2026-02-14 01:34:29.000000","request_id":"222c01c2-5027-486e-b47f-45943dc6079c","event":"debug","phase":"BBOX_RESULT","message":"Bounding box query completed","latency_ms":33,"data":{"pois_in_bbox":349}}
{"timestamp":"2026-02-14 01:34:29.000000","request_id":"222c01c2-5027-486e-b47f-45943dc6079c","event":"debug","phase":"DISTANCE_FILTER","message":"Starting distance-to-route filtering","latency_ms":33,"data":{"all_pois_count":349,"buffer_meters":20000}}
{"timestamp":"2026-02-14 01:34:29.000000","request_id":"222c01c2-5027-486e-b47f-45943dc6079c","event":"debug","phase":"DISTANCE_FILTER","message":"Filtering complete","latency_ms":36,"data":{"filtered_pois_count":48}}
{"timestamp":"2026-02-14 01:34:29.000000","request_id":"222c01c2-5027-486e-b47f-45943dc6079c","event":"response_success","endpoint":"/api/pois-for-route","http_code":200,"latency_ms":37,"cache_hit":false,"cache_miss":false,"data_count":48}
{"timestamp":"2026-02-14 01:34:29.000000","request_id":"222c01c2-5027-486e-b47f-45943dc6079c","event":"debug","phase":"RESPONSE","message":"Final POI count","latency_ms":37,"data":{"total_in_route":48,"returned":48,"by_category":{"restaurant":34,"temple":14}}}
{"timestamp":"2026-02-14 01:34:29.000000","request_id":"32c049ab-e134-4705-8f8b-62f2f85664ab","event":"request_start","endpoint":"/api/pois-for-route","method":"POST","ip_address":"127.0.0.1","user_id":null}
{"timestamp":"2026-02-14 01:34:29.000000","request_id":"32c049ab-e134-4705-8f8b-62f2f85664ab","event":"debug","phase":"VALIDATION","message":"Polyline received","latency_ms":0,"data":{"point_count":10}}
{"timestamp":"2026-02-14 01:34:29.000000","request_id":"32c049ab-e134-4705-8f8b-62f2f85664ab","event":"debug","phase":"VALIDATION","message":"Input validated","latency_ms":0,"data":{"polyline_points":10,"categories":["temple","restaurant"],"radius_km":20}}
{"timestamp":"2026-02-14 01:34:29.000000","request_id":"32c049ab-e134-4705-8f8b-62f2f85664ab","event":"debug","phase":"BBOX_QUERY","message":"Executing spatial query","latency_ms":1,"data":{"min_lat":10.61031981981982,"max_lat":17.56518018018018,"min_lng":78.29421981981982,"max_lng":78.88488018018019,"categories":["temple","restaurant"]}}
{"timestamp":"2026-02-14 01:34:29.000000","request_id":"32c049ab-e134-4705-8f8b-62f2f85664ab","event":"debug","phase":"BBOX_RESULT","message":"Bounding box query completed","latency_ms":26,"data":{"pois_in_bbox":349}}
{"timestamp":"2026-02-14 01:34:29.000000","request_id":"32c049ab-e134-4705-8f8b-62f2f85664ab","event":"debug","phase":"DISTANCE_FILTER","message":"Starting distance-to-route filtering","latency_ms":26,"data":{"all_pois_count":349,"buffer_meters":20000}}
{"timestamp":"2026-02-14 01:34:29.000000","request_id":"32c049ab-e134-4705-8f8b-62f2f85664ab","event":"debug","phase":"DISTANCE_FILTER","message":"Filtering complete","latency_ms":28,"data":{"filtered_pois_count":48}}
{"timestamp":"2026-02-14 01:34:29.000000","request_id":"32c049ab-e134-4705-8f8b-62f2f85664ab","event":"response_success","endpoint":"/api/pois-for-route","http_code":200,"latency_ms":28,"cache_hit":false,"cache_miss":false,"data_count":48}
{"timestamp":"2026-02-14 01:34:29.000000","request_id":"32c049ab-e134-4705-8f8b-62f2f85664ab","event":"debug","phase":"RESPONSE","message":"Final POI count","latency_ms":28,"data":{"total_in_route":48,"returned":48,"by_category":{"restaurant":34,"temple":14}}}
{"timestamp":"2026-02-14 01:34:29.000000","request_id":"1f0c2fea-fccf-4c88-8422-ca07ef38a467","event":"request_start","endpoint":"/api/pois-for-route","method":"POST","ip_address":"127.0.0.1","user_id":null}
{"timestamp":"2026-02-14 01:34:29.000000","request_id":"1f0c2fea-fccf-4c88-8422-ca07ef38a467","event":"debug","phase":"VALIDATION","message":"Polyline received","latency_ms":0,"data":{"point_count":10}}
{"timestamp":"2026-02-14 01:34:29.000000","request_id":"1f0c2fea-fccf-4c88-8422-ca07ef38a467","event":"debug","phase":"VALIDATION","message":"Input validated","latency_ms":0,"data":{"polyline_points":10,"categories":["temple","restaurant"],"radius_km":20}}
{"timestamp":"2026-02-14 01:34:29.000000","request_id":"1f0c2fea-fccf-4c88-8422-ca07ef38a467","event":"debug","phase":"BBOX_QUERY","message":"Executing spatial query","latency_ms":1,"data":{"min_lat":10.61031981981982,"max_lat":17.56518018018018,"min_lng":78.29421981981982,"max_lng":78.88488018018019,"categories":["temple","restaurant"]}}
{"timestamp":"2026-02-14 01:34:29.000000","request_id":"1f0c2fea-fccf-4c88-8422-ca07ef38a467","event":"debug","phase":"BBOX_RESULT","message":"Bounding box query completed","latency_ms":25,"data":{"pois_in_bbox":349}}
{"timestamp":"2026-02-14 01:34:29.000000","request_id":"1f0c2fea-fccf-4c88-8422-ca07ef38a467","event":"debug","phase":"DISTANCE_FILTER","message":"Starting distance-to-route filtering","latency_ms":25,"data":{"all_pois_count":349,"buffer_meters":20000}}
{"timestamp":"2026-02-14 01:34:29.000000","request_id":"1f0c2fea-fccf-4c88-8422-ca07ef38a467","event":"debug","phase":"DISTANCE_FILTER","message":"Filtering complete","latency_ms":26,"data":{"filtered_pois_count":48}}
{"timestamp":"2026-02-14 01:34:29.000000","request_id":"1f0c2fea-fccf-4c88-8422-ca07ef38a467","event":"response_success","endpoint":"/api/pois-for-route","http_code":200,"latency_ms":26,"cache_hit":false,"cache_miss":false,"data_count":48}
{"timestamp":"2026-02-14 01:34:29.000000","request_id":"1f0c2fea-fccf-4c88-8422-ca07ef38a467","event":"debug","phase":"RESPONSE","message":"Final POI count","latency_ms":26,"data":{"total_in_route":48,"returned":48,"by_category":{"restaurant":34,"temple":14}}}
{"timestamp":"2026-02-14 01:34:30.000000","request_id":"4be82627-1f6c-46b3-95fa-60bc4eeba954","event":"request_start","endpoint":"/api/pois-for-route","method":"POST","ip_address":"127.0.0.1","user_id":null}
{"timestamp":"2026-02-14 01:34:30.000000","request_id":"4be82627-1f6c-46b3-95fa-60bc4eeba954","event":"debug","phase":"VALIDATION","message":"Polyline received","latency_ms":0,"data":{"point_count":10}}
{"timestamp":"2026-02-14 01:34:30.000000","request_id":"4be82627-1f6c-46b3-95fa-60bc4eeba954","event":"debug","phase":"VALIDATION","message":"Input validated","latency_ms":0,"data":{"polyline_points":10,"categories":["temple","restaurant"],"radius_km":20}}
{"timestamp":"2026-02-14 01:34:30.000000","request_id":"4be82627-1f6c-46b3-95fa-60bc4eeba954","event":"debug","phase":"BBOX_QUERY","message":"Executing spatial query","latency_ms":0,"data":{"min_lat":10.61031981981982,"max_lat":17.56518018018018,"min_lng":78.29421981981982,"max_lng":78.88488018018019,"categories":["temple","restaurant"]}}
{"timestamp":"2026-02-14 01:34:30.000000","request_id":"4be82627-1f6c-46b3-95fa-60bc4eeba954","event":"debug","phase":"BBOX_RESULT","message":"Bounding box query completed","latency_ms":28,"data":{"pois_in_bbox":349}}
{"timestamp":"2026-02-14 01:34:30.000000","request_id":"4be82627-1f6c-46b3-95fa-60bc4eeba954","event":"debug","phase":"DISTANCE_FILTER","message":"Starting distance-to-route filtering","latency_ms":29,"data":{"all_pois_count":349,"buffer_meters":20000}}
{"timestamp":"2026-02-14 01:34:30.000000","request_id":"4be82627-1f6c-46b3-95fa-60bc4eeba954","event":"debug","phase":"DISTANCE_FILTER","message":"Filtering complete","latency_ms":31,"data":{"filtered_pois_count":48}}
{"timestamp":"2026-02-14 01:34:30.000000","request_id":"4be82627-1f6c-46b3-95fa-60bc4eeba954","event":"response_success","endpoint":"/api/pois-for-route","http_code":200,"latency_ms":31,"cache_hit":false,"cache_miss":false,"data_count":48}
{"timestamp":"2026-02-14 01:34:30.000000","request_id":"4be82627-1f6c-46b3-95fa-60bc4eeba954","event":"debug","phase":"RESPONSE","message":"Final POI count","latency_ms":32,"data":{"total_in_route":48,"returned":48,"by_category":{"restaurant":34,"temple":14}}}
{"timestamp":"2026-02-14 01:36:15.000000","request_id":"3d09744d-03cf-45b2-8564-a9f12d77cf95","event":"request_start","endpoint":"/api/pois-for-route","method":"POST","ip_address":"127.0.0.1","user_id":null}
{"timestamp":"2026-02-14 01:36:15.000000","request_id":"3d09744d-03cf-45b2-8564-a9f12d77cf95","event":"debug","phase":"VALIDATION","message":"Polyline received","latency_ms":0,"data":{"point_count":10}}
{"timestamp":"2026-02-14 01:36:15.000000","request_id":"3d09744d-03cf-45b2-8564-a9f12d77cf95","event":"debug","phase":"VALIDATION","message":"Input validated","latency_ms":0,"data":{"polyline_points":10,"categories":["temple","restaurant"],"radius_km":5}}
{"timestamp":"2026-02-14 01:36:15.000000","request_id":"3d09744d-03cf-45b2-8564-a9f12d77cf95","event":"debug","phase":"BBOX_QUERY","message":"Executing spatial query","latency_ms":1,"data":{"min_lat":10.745454954954955,"max_lat":17.43004504504505,"min_lng":78.42935495495496,"max_lng":78.74974504504505,"categories":["temple","restaurant"]}}
{"timestamp":"2026-02-14 01:36:15.000000","request_id":"3d09744d-03cf-45b2-8564-a9f12d77cf95","event":"debug","phase":"BBOX_RESULT","message":"Bounding box query completed","latency_ms":25,"data":{"pois_in_bbox":156}}
{"timestamp":"2026-02-14 01:36:15.000000","request_id":"3d09744d-03cf-45b2-8564-a9f12d77cf95","event":"debug","phase":"DISTANCE_FILTER","message":"Starting distance-to-route filtering","latency_ms":26,"data":{"all_pois_count":156,"buffer_meters":5000}}
{"timestamp":"2026-02-14 01:36:15.000000","request_id":"3d09744d-03cf-45b2-8564-a9f12d77cf95","event":"debug","phase":"DISTANCE_FILTER","message":"Filtering complete","latency_ms":27,"data":{"filtered_pois_count":1}}
{"timestamp":"2026-02-14 01:36:15.000000","request_id":"3d09744d-03cf-45b2-8564-a9f12d77cf95","event":"response_success","endpoint":"/api/pois-for-route","http_code":200,"latency_ms":28,"cache_hit":false,"cache_miss":false,"data_count":1}
{"timestamp":"2026-02-14 01:36:15.000000","request_id":"3d09744d-03cf-45b2-8564-a9f12d77cf95","event":"debug","phase":"RESPONSE","message":"Final POI count","latency_ms":28,"data":{"total_in_route":1,"returned":1,"by_category":{"restaurant":1}}}
{"timestamp":"2026-02-14 01:36:15.000000","request_id":"693f3c32-4f47-4dde-afb0-2cd59c9d210d","event":"request_start","endpoint":"/api/pois-for-route","method":"POST","ip_address":"127.0.0.1","user_id":null}
{"timestamp":"2026-02-14 01:36:15.000000","request_id":"693f3c32-4f47-4dde-afb0-2cd59c9d210d","event":"debug","phase":"VALIDATION","message":"Polyline received","latency_ms":0,"data":{"point_count":10}}
{"timestamp":"2026-02-14 01:36:15.000000","request_id":"693f3c32-4f47-4dde-afb0-2cd59c9d210d","event":"debug","phase":"VALIDATION","message":"Input validated","latency_ms":0,"data":{"polyline_points":10,"categories":["temple","restaurant"],"radius_km":5}}
{"timestamp":"2026-02-14 01:36:15.000000","request_id":"693f3c32-4f47-4dde-afb0-2cd59c9d210d","event":"debug","phase":"BBOX_QUERY","message":"Executing spatial query","latency_ms":1,"data":{"min_lat":10.745454954954955,"max_lat":17.43004504504505,"min_lng":78.42935495495496,"max_lng":78.74974504504505,"categories":["temple","restaurant"]}}
{"timestamp":"2026-02-14 01:36:15.000000","request_id":"693f3c32-4f47-4dde-afb0-2cd59c9d210d","event":"debug","phase":"BBOX_RESULT","message":"Bounding box query completed","latency_ms":34,"data":{"pois_in_bbox":156}}
{"timestamp":"2026-02-14 01:36:15.000000","request_id":"693f3c32-4f47-4dde-afb0-2cd59c9d210d","event":"debug","phase":"DISTANCE_FILTER","message":"Starting distance-to-route filtering","latency_ms":35,"data":{"all_pois_count":156,"buffer_meters":5000}}
{"timestamp":"2026-02-14 01:36:15.000000","request_id":"693f3c32-4f47-4dde-afb0-2cd59c9d210d","event":"debug","phase":"DISTANCE_FILTER","message":"Filtering complete","latency_ms":36,"data":{"filtered_pois_count":1}}
{"timestamp":"2026-02-14 01:36:15.000000","request_id":"693f3c32-4f47-4dde-afb0-2cd59c9d210d","event":"response_success","endpoint":"/api/pois-for-route","http_code":200,"latency_ms":36,"cache_hit":false,"cache_miss":false,"data_count":1}
{"timestamp":"2026-02-14 01:36:15.000000","request_id":"693f3c32-4f47-4dde-afb0-2cd59c9d210d","event":"debug","phase":"RESPONSE","message":"Final POI count","latency_ms":37,"data":{"total_in_route":1,"returned":1,"by_category":{"restaurant":1}}}
{"timestamp":"2026-02-14 01:36:17.000000","request_id":"ee935c70-4c2d-4cbb-b396-5e8f748bfd1d","event":"request_start","endpoint":"/api/trips","method":"GET","ip_address":"127.0.0.1","user_id":null}
{"timestamp":"2026-02-14 01:36:17.000000","request_id":"ee935c70-4c2d-4cbb-b396-5e8f748bfd1d","event":"response_success","endpoint":"/api/trips","http_code":200,"latency_ms":1,"cache_hit":false,"cache_miss":false,"data_count":26}
{"timestamp":"2026-02-14 01:36:17.000000","request_id":"4940ebe5-7123-4275-b54a-22107b4cd031","event":"request_start","endpoint":"/api/trips","method":"GET","ip_address":"127.0.0.1","user_id":null}
{"timestamp":"2026-02-14 01:36:17.000000","request_id":"4940ebe5-7123-4275-b54a-22107b4cd031","event":"response_success","endpoint":"/api/trips","http_code":200,"latency_ms":1,"cache_hit":false,"cache_miss":false,"data_count":26}
{"timestamp":"2026-02-14 01:36:22.000000","request_id":"21d52804-543e-45d5-a2ec-956bdc04c2c4","event":"request_start","endpoint":"/api/pois-for-route","method":"POST","ip_address":"127.0.0.1","user_id":null}
{"timestamp":"2026-02-14 01:36:22.000000","request_id":"21d52804-543e-45d5-a2ec-956bdc04c2c4","event":"debug","phase":"VALIDATION","message":"Polyline received","latency_ms":0,"data":{"point_count":10}}
{"timestamp":"2026-02-14 01:36:22.000000","request_id":"21d52804-543e-45d5-a2ec-956bdc04c2c4","event":"debug","phase":"VALIDATION","message":"Input validated","latency_ms":0,"data":{"polyline_points":10,"categories":["temple","restaurant"],"radius_km":5}}
{"timestamp":"2026-02-14 01:36:22.000000","request_id":"21d52804-543e-45d5-a2ec-956bdc04c2c4","event":"debug","phase":"BBOX_QUERY","message":"Executing spatial query","latency_ms":0,"data":{"min_lat":10.745454954954955,"max_lat":17.43004504504505,"min_lng":78.42935495495496,"max_lng":78.74974504504505,"categories":["temple","restaurant"]}}
{"timestamp":"2026-02-14 01:36:22.000000","request_id":"21d52804-543e-45d5-a2ec-956bdc04c2c4","event":"debug","phase":"BBOX_RESULT","message":"Bounding box query completed","latency_ms":24,"data":{"pois_in_bbox":156}}
{"timestamp":"2026-02-14 01:36:22.000000","request_id":"21d52804-543e-45d5-a2ec-956bdc04c2c4","event":"debug","phase":"DISTANCE_FILTER","message":"Starting distance-to-route filtering","latency_ms":25,"data":{"all_pois_count":156,"buffer_meters":5000}}
{"timestamp":"2026-02-14 01:36:22.000000","request_id":"21d52804-543e-45d5-a2ec-956bdc04c2c4","event":"debug","phase":"DISTANCE_FILTER","message":"Filtering complete","latency_ms":26,"data":{"filtered_pois_count":1}}
{"timestamp":"2026-02-14 01:36:22.000000","request_id":"21d52804-543e-45d5-a2ec-956bdc04c2c4","event":"response_success","endpoint":"/api/pois-for-route","http_code":200,"latency_ms":27,"cache_hit":false,"cache_miss":false,"data_count":1}
{"timestamp":"2026-02-14 01:36:22.000000","request_id":"21d52804-543e-45d5-a2ec-956bdc04c2c4","event":"debug","phase":"RESPONSE","message":"Final POI count","latency_ms":27,"data":{"total_in_route":1,"returned":1,"by_category":{"restaurant":1}}}
{"timestamp":"2026-02-14 01:36:22.000000","request_id":"822f1428-2841-44f5-8f5a-676dade06a6b","event":"request_start","endpoint":"/api/pois-for-route","method":"POST","ip_address":"127.0.0.1","user_id":null}
{"timestamp":"2026-02-14 01:36:22.000000","request_id":"822f1428-2841-44f5-8f5a-676dade06a6b","event":"debug","phase":"VALIDATION","message":"Polyline received","latency_ms":0,"data":{"point_count":10}}
{"timestamp":"2026-02-14 01:36:22.000000","request_id":"822f1428-2841-44f5-8f5a-676dade06a6b","event":"debug","phase":"VALIDATION","message":"Input validated","latency_ms":0,"data":{"polyline_points":10,"categories":["temple","restaurant"],"radius_km":5}}
{"timestamp":"2026-02-14 01:36:22.000000","request_id":"822f1428-2841-44f5-8f5a-676dade06a6b","event":"debug","phase":"BBOX_QUERY","message":"Executing spatial query","latency_ms":1,"data":{"min_lat":10.745454954954955,"max_lat":17.43004504504505,"min_lng":78.42935495495496,"max_lng":78.74974504504505,"categories":["temple","restaurant"]}}
{"timestamp":"2026-02-14 01:36:22.000000","request_id":"822f1428-2841-44f5-8f5a-676dade06a6b","event":"debug","phase":"BBOX_RESULT","message":"Bounding box query completed","latency_ms":26,"data":{"pois_in_bbox":156}}
{"timestamp":"2026-02-14 01:36:22.000000","request_id":"822f1428-2841-44f5-8f5a-676dade06a6b","event":"debug","phase":"DISTANCE_FILTER","message":"Starting distance-to-route filtering","latency_ms":27,"data":{"all_pois_count":156,"buffer_meters":5000}}
{"timestamp":"2026-02-14 01:36:22.000000","request_id":"822f1428-2841-44f5-8f5a-676dade06a6b","event":"debug","phase":"DISTANCE_FILTER","message":"Filtering complete","latency_ms":28,"data":{"filtered_pois_count":1}}
{"timestamp":"2026-02-14 01:36:22.000000","request_id":"822f1428-2841-44f5-8f5a-676dade06a6b","event":"response_success","endpoint":"/api/pois-for-route","http_code":200,"latency_ms":29,"cache_hit":false,"cache_miss":false,"data_count":1}
{"timestamp":"2026-02-14 01:36:22.000000","request_id":"822f1428-2841-44f5-8f5a-676dade06a6b","event":"debug","phase":"RESPONSE","message":"Final POI count","latency_ms":29,"data":{"total_in_route":1,"returned":1,"by_category":{"restaurant":1}}}
{"timestamp":"2026-02-14 01:36:23.000000","request_id":"c95c1855-770b-40d2-a7c1-2e64540256e0","event":"request_start","endpoint":"/api/trips","method":"GET","ip_address":"127.0.0.1","user_id":null}
{"timestamp":"2026-02-14 01:36:23.000000","request_id":"c95c1855-770b-40d2-a7c1-2e64540256e0","event":"response_success","endpoint":"/api/trips","http_code":200,"latency_ms":0,"cache_hit":false,"cache_miss":false,"data_count":26}
{"timestamp":"2026-02-14 01:36:23.000000","request_id":"670c26fc-e970-471a-9e15-01b9550cedb6","event":"request_start","endpoint":"/api/trips","method":"GET","ip_address":"127.0.0.1","user_id":null}
{"timestamp":"2026-02-14 01:36:23.000000","request_id":"670c26fc-e970-471a-9e15-01b9550cedb6","event":"response_success","endpoint":"/api/trips","http_code":200,"latency_ms":1,"cache_hit":false,"cache_miss":false,"data_count":26}
{"timestamp":"2026-02-14 01:37:47.000000","request_id":"b797a9d1-8cb7-4acb-8b5f-fe3a2e1f3688","event":"request_start","endpoint":"/api/trips","method":"GET","ip_address":"127.0.0.1","user_id":null}
{"timestamp":"2026-02-14 01:37:47.000000","request_id":"b797a9d1-8cb7-4acb-8b5f-fe3a2e1f3688","event":"response_success","endpoint":"/api/trips","http_code":200,"latency_ms":3,"cache_hit":false,"cache_miss":false,"data_count":26}
{"timestamp":"2026-02-14 01:37:47.000000","request_id":"5a438b30-9e2c-4f83-818a-9b5cf0850d32","event":"request_start","endpoint":"/api/trips","method":"GET","ip_address":"127.0.0.1","user_id":null}
{"timestamp":"2026-02-14 01:37:47.000000","request_id":"5a438b30-9e2c-4f83-818a-9b5cf0850d32","event":"response_success","endpoint":"/api/trips","http_code":200,"latency_ms":1,"cache_hit":false,"cache_miss":false,"data_count":26}
{"timestamp":"2026-02-14 01:37:57.000000","request_id":"c6cb45c4-75b7-4f74-95e2-9036fde3f2fc","event":"request_start","endpoint":"/api/trips","method":"GET","ip_address":"127.0.0.1","user_id":null}
{"timestamp":"2026-02-14 01:37:57.000000","request_id":"c6cb45c4-75b7-4f74-95e2-9036fde3f2fc","event":"response_success","endpoint":"/api/trips","http_code":200,"latency_ms":1,"cache_hit":false,"cache_miss":false,"data_count":26}
{"timestamp":"2026-02-14 01:37:57.000000","request_id":"e16e772a-bbd4-43ea-b3bd-2799d6d27546","event":"request_start","endpoint":"/api/trips","method":"GET","ip_address":"127.0.0.1","user_id":null}
{"timestamp":"2026-02-14 01:37:57.000000","request_id":"e16e772a-bbd4-43ea-b3bd-2799d6d27546","event":"response_success","endpoint":"/api/trips","http_code":200,"latency_ms":2,"cache_hit":false,"cache_miss":false,"data_count":26}
{"timestamp":"2026-02-14 01:37:57.000000","request_id":"ba568aed-b93d-46c7-80ac-43b5a6c8d801","event":"request_start","endpoint":"/api/trips","method":"GET","ip_address":"127.0.0.1","user_id":null}
{"timestamp":"2026-02-14 01:37:57.000000","request_id":"ba568aed-b93d-46c7-80ac-43b5a6c8d801","event":"response_success","endpoint":"/api/trips","http_code":200,"latency_ms":2,"cache_hit":false,"cache_miss":false,"data_count":26}
{"timestamp":"2026-02-14 01:38:06.000000","request_id":"a16d5220-0197-4026-9e11-4c358a52ed70","event":"request_start","endpoint":"/api/trips","method":"GET","ip_address":"127.0.0.1","user_id":null}
{"timestamp":"2026-02-14 01:38:06.000000","request_id":"a16d5220-0197-4026-9e11-4c358a52ed70","event":"response_success","endpoint":"/api/trips","http_code":200,"latency_ms":2,"cache_hit":false,"cache_miss":false,"data_count":26}
{"timestamp":"2026-02-14 01:38:06.000000","request_id":"384a9ebc-7734-45e7-809b-571ed47d10b7","event":"request_start","endpoint":"/api/trips","method":"GET","ip_address":"127.0.0.1","user_id":null}
{"timestamp":"2026-02-14 01:38:06.000000","request_id":"384a9ebc-7734-45e7-809b-571ed47d10b7","event":"response_success","endpoint":"/api/trips","http_code":200,"latency_ms":2,"cache_hit":false,"cache_miss":false,"data_count":26}
{"timestamp":"2026-02-14 01:38:49.000000","request_id":"69a2b386-2afd-4014-8b32-cdd34b6feaf5","event":"request_start","endpoint":"/api/pois-for-route","method":"POST","ip_address":"127.0.0.1","user_id":null}
{"timestamp":"2026-02-14 01:38:49.000000","request_id":"69a2b386-2afd-4014-8b32-cdd34b6feaf5","event":"debug","phase":"VALIDATION","message":"Polyline received","latency_ms":0,"data":{"point_count":1041}}
{"timestamp":"2026-02-14 01:38:49.000000","request_id":"69a2b386-2afd-4014-8b32-cdd34b6feaf5","event":"debug","phase":"VALIDATION","message":"Input validated","latency_ms":0,"data":{"polyline_points":1041,"categories":["temple","fuel","charger","toll","restaurant","hospital"],"radius_km":3}}
{"timestamp":"2026-02-14 01:38:49.000000","request_id":"69a2b386-2afd-4014-8b32-cdd34b6feaf5","event":"debug","phase":"BBOX_QUERY","message":"Executing spatial query","latency_ms":1,"data":{"min_lat":19.03780797297297,"max_lat":28.640936027027028,"min_lng":72.84751697297297,"max_lng":77.37201402702703,"categories":["temple","fuel","charger","toll","restaurant","hospital"]}}
{"timestamp":"2026-02-14 01:38:49.000000","request_id":"69a2b386-2afd-4014-8b32-cdd34b6feaf5","event":"debug","phase":"BBOX_RESULT","message":"Bounding box query completed","latency_ms":155,"data":{"pois_in_bbox":5000}}
{"timestamp":"2026-02-14 01:38:49.000000","request_id":"69a2b386-2afd-4014-8b32-cdd34b6feaf5","event":"debug","phase":"DISTANCE_FILTER","message":"Starting distance-to-route filtering","latency_ms":156,"data":{"all_pois_count":5000,"buffer_meters":3000}}
{"timestamp":"2026-02-14 01:38:49.000000","request_id":"69a2b386-2afd-4014-8b32-cdd34b6feaf5","event":"debug","phase":"DISTANCE_FILTER","message":"Filtering complete","latency_ms":404,"data":{"filtered_pois_count":50}}
{"timestamp":"2026-02-14 01:38:49.000000","request_id":"69a2b386-2afd-4014-8b32-cdd34b6feaf5","event":"response_success","endpoint":"/api/pois-for-route","http_code":200,"latency_ms":404,"cache_hit":false,"cache_miss":false,"data_count":50}
{"timestamp":"2026-02-14 01:38:49.000000","request_id":"69a2b386-2afd-4014-8b32-cdd34b6feaf5","event":"debug","phase":"RESPONSE","message":"Final POI count","latency_ms":404,"data":{"total_in_route":50,"returned":50,"by_category":{"fuel":16,"restaurant":16,"hospital":8,"temple":10}}}
{"timestamp":"2026-02-14 01:39:09.000000","request_id":"0fe4bd2c-150f-488f-8ed3-c927145dafc3","event":"request_start","endpoint":"/api/pois-for-route","method":"POST","ip_address":"127.0.0.1","user_id":null}
{"timestamp":"2026-02-14 01:39:09.000000","request_id":"0fe4bd2c-150f-488f-8ed3-c927145dafc3","event":"debug","phase":"VALIDATION","message":"Polyline received","latency_ms":0,"data":{"point_count":472}}
{"timestamp":"2026-02-14 01:39:09.000000","request_id":"0fe4bd2c-150f-488f-8ed3-c927145dafc3","event":"debug","phase":"VALIDATION","message":"Input validated","latency_ms":1,"data":{"polyline_points":472,"categories":["temple","restaurant"],"radius_km":5}}
{"timestamp":"2026-02-14 01:39:09.000000","request_id":"0fe4bd2c-150f-488f-8ed3-c927145dafc3","event":"debug","phase":"BBOX_QUERY","message":"Executing spatial query","latency_ms":1,"data":{"min_lat":19.010069954954954,"max_lat":28.658954045045046,"min_lng":72.81897595495495,"max_lng":77.25737704504505,"categories":["temple","restaurant"]}}
{"timestamp":"2026-02-14 01:39:09.000000","request_id":"0fe4bd2c-150f-488f-8ed3-c927145dafc3","event":"debug","phase":"BBOX_RESULT","message":"Bounding box query completed","latency_ms":116,"data":{"pois_in_bbox":3294}}
{"timestamp":"2026-02-14 01:39:09.000000","request_id":"0fe4bd2c-150f-488f-8ed3-c927145dafc3","event":"debug","phase":"DISTANCE_FILTER","message":"Starting distance-to-route filtering","latency_ms":117,"data":{"all_pois_count":3294,"buffer_meters":5000}}
{"timestamp":"2026-02-14 01:39:10.000000","request_id":"0fe4bd2c-150f-488f-8ed3-c927145dafc3","event":"debug","phase":"DISTANCE_FILTER","message":"Filtering complete","latency_ms":482,"data":{"filtered_pois_count":8}}
{"timestamp":"2026-02-14 01:39:10.000000","request_id":"0fe4bd2c-150f-488f-8ed3-c927145dafc3","event":"response_success","endpoint":"/api/pois-for-route","http_code":200,"latency_ms":483,"cache_hit":false,"cache_miss":false,"data_count":8}
{"timestamp":"2026-02-14 01:39:10.000000","request_id":"0fe4bd2c-150f-488f-8ed3-c927145dafc3","event":"debug","phase":"RESPONSE","message":"Final POI count","latency_ms":483,"data":{"total_in_route":8,"returned":8,"by_category":{"restaurant":4,"temple":4}}}
{"timestamp":"2026-02-14 01:39:10.000000","request_id":"aca533a1-9465-4953-9525-657e1f152996","event":"request_start","endpoint":"/api/pois-for-route","method":"POST","ip_address":"127.0.0.1","user_id":null}
{"timestamp":"2026-02-14 01:39:10.000000","request_id":"aca533a1-9465-4953-9525-657e1f152996","event":"debug","phase":"VALIDATION","message":"Polyline received","latency_ms":0,"data":{"point_count":472}}
{"timestamp":"2026-02-14 01:39:10.000000","request_id":"aca533a1-9465-4953-9525-657e1f152996","event":"debug","phase":"VALIDATION","message":"Input validated","latency_ms":1,"data":{"polyline_points":472,"categories":["temple","restaurant"],"radius_km":5}}
{"timestamp":"2026-02-14 01:39:10.000000","request_id":"aca533a1-9465-4953-9525-657e1f152996","event":"debug","phase":"BBOX_QUERY","message":"Executing spatial query","latency_ms":1,"data":{"min_lat":19.010069954954954,"max_lat":28.658954045045046,"min_lng":72.81897595495495,"max_lng":77.25737704504505,"categories":["temple","restaurant"]}}
{"timestamp":"2026-02-14 01:39:10.000000","request_id":"aca533a1-9465-4953-9525-657e1f152996","event":"debug","phase":"BBOX_RESULT","message":"Bounding box query completed","latency_ms":59,"data":{"pois_in_bbox":3294}}
{"timestamp":"2026-02-14 01:39:10.000000","request_id":"aca533a1-9465-4953-9525-657e1f152996","event":"debug","phase":"DISTANCE_FILTER","message":"Starting distance-to-route filtering","latency_ms":59,"data":{"all_pois_count":3294,"buffer_meters":5000}}
{"timestamp":"2026-02-14 01:39:10.000000","request_id":"aca533a1-9465-4953-9525-657e1f152996","event":"debug","phase":"DISTANCE_FILTER","message":"Filtering complete","latency_ms":382,"data":{"filtered_pois_count":8}}
{"timestamp":"2026-02-14 01:39:10.000000","request_id":"aca533a1-9465-4953-9525-657e1f152996","event":"response_success","endpoint":"/api/pois-for-route","http_code":200,"latency_ms":383,"cache_hit":false,"cache_miss":false,"data_count":8}
{"timestamp":"2026-02-14 01:39:10.000000","request_id":"aca533a1-9465-4953-9525-657e1f152996","event":"debug","phase":"RESPONSE","message":"Final POI count","latency_ms":383,"data":{"total_in_route":8,"returned":8,"by_category":{"restaurant":4,"temple":4}}}
{"timestamp":"2026-02-14 01:39:14.000000","request_id":"ab3390fc-b012-4dba-8f96-ebf22c4574e2","event":"request_start","endpoint":"/api/pois-for-route","method":"POST","ip_address":"127.0.0.1","user_id":null}
{"timestamp":"2026-02-14 01:39:14.000000","request_id":"ab3390fc-b012-4dba-8f96-ebf22c4574e2","event":"debug","phase":"VALIDATION","message":"Polyline received","latency_ms":0,"data":{"point_count":472}}
{"timestamp":"2026-02-14 01:39:14.000000","request_id":"ab3390fc-b012-4dba-8f96-ebf22c4574e2","event":"debug","phase":"VALIDATION","message":"Input validated","latency_ms":0,"data":{"polyline_points":472,"categories":["restaurant"],"radius_km":5}}
{"timestamp":"2026-02-14 01:39:14.000000","request_id":"ab3390fc-b012-4dba-8f96-ebf22c4574e2","event":"debug","phase":"BBOX_QUERY","message":"Executing spatial query","latency_ms":0,"data":{"min_lat":19.010069954954954,"max_lat":28.658954045045046,"min_lng":72.81897595495495,"max_lng":77.25737704504505,"categories":["restaurant"]}}
{"timestamp":"2026-02-14 01:39:15.000000","request_id":"ab3390fc-b012-4dba-8f96-ebf22c4574e2","event":"debug","phase":"BBOX_RESULT","message":"Bounding box query completed","latency_ms":217,"data":{"pois_in_bbox":2684}}
{"timestamp":"2026-02-14 01:39:15.000000","request_id":"ab3390fc-b012-4dba-8f96-ebf22c4574e2","event":"debug","phase":"DISTANCE_FILTER","message":"Starting distance-to-route filtering","latency_ms":217,"data":{"all_pois_count":2684,"buffer_meters":5000}}
{"timestamp":"2026-02-14 01:39:15.000000","request_id":"ab3390fc-b012-4dba-8f96-ebf22c4574e2","event":"debug","phase":"DISTANCE_FILTER","message":"Filtering complete","latency_ms":485,"data":{"filtered_pois_count":4}}
{"timestamp":"2026-02-14 01:39:15.000000","request_id":"ab3390fc-b012-4dba-8f96-ebf22c4574e2","event":"response_success","endpoint":"/api/pois-for-route","http_code":200,"latency_ms":486,"cache_hit":false,"cache_miss":false,"data_count":4}
{"timestamp":"2026-02-14 01:39:15.000000","request_id":"ab3390fc-b012-4dba-8f96-ebf22c4574e2","event":"debug","phase":"RESPONSE","message":"Final POI count","latency_ms":486,"data":{"total_in_route":4,"returned":4,"by_category":{"restaurant":4}}}
{"timestamp":"2026-02-14 01:39:18.000000","request_id":"5fb512c8-77d2-47dd-82f8-6581b3ec5d4d","event":"request_start","endpoint":"/api/trips","method":"POST","ip_address":"127.0.0.1","user_id":null}
{"timestamp":"2026-02-14 01:39:18.000000","request_id":"5fb512c8-77d2-47dd-82f8-6581b3ec5d4d","event":"debug","phase":"TRIPS","message":"Using direct trip data format","latency_ms":0,"data":[]}
{"timestamp":"2026-02-14 01:39:18.000000","request_id":"5fb512c8-77d2-47dd-82f8-6581b3ec5d4d","event":"debug","phase":"TRIP_SAVE","message":"Prepared trip data","latency_ms":13,"data":{"source":"delhi","destination":"mumbai","mode":"flight","distance_km":1158.42,"stops_count":2}}
{"timestamp":"2026-02-14 01:39:20.000000","request_id":"614987a3-ea68-4d63-afbd-5164e1a49d15","event":"request_start","endpoint":"/api/trips","method":"GET","ip_address":"127.0.0.1","user_id":null}
{"timestamp":"2026-02-14 01:39:20.000000","request_id":"614987a3-ea68-4d63-afbd-5164e1a49d15","event":"response_success","endpoint":"/api/trips","http_code":200,"latency_ms":1,"cache_hit":false,"cache_miss":false,"data_count":26}
{"timestamp":"2026-02-14 01:39:20.000000","request_id":"f806a52c-247a-4f5f-a048-b562910d47cc","event":"request_start","endpoint":"/api/trips","method":"GET","ip_address":"127.0.0.1","user_id":null}
{"timestamp":"2026-02-14 01:39:20.000000","request_id":"f806a52c-247a-4f5f-a048-b562910d47cc","event":"response_success","endpoint":"/api/trips","http_code":200,"latency_ms":1,"cache_hit":false,"cache_miss":false,"data_count":26}
{"timestamp":"2026-02-14 01:39:27.000000","request_id":"568e23b3-caed-491f-97c9-da8f35643b3d","event":"request_start","endpoint":"/api/trips","method":"GET","ip_address":"127.0.0.1","user_id":null}
{"timestamp":"2026-02-14 01:39:27.000000","request_id":"568e23b3-caed-491f-97c9-da8f35643b3d","event":"response_success","endpoint":"/api/trips","http_code":200,"latency_ms":1,"cache_hit":false,"cache_miss":false,"data_count":26}
{"timestamp":"2026-02-14 01:39:27.000000","request_id":"6c2e9c63-e885-4710-8a1b-ebf27cc96b3e","event":"request_start","endpoint":"/api/trips","method":"GET","ip_address":"127.0.0.1","user_id":null}
{"timestamp":"2026-02-14 01:39:27.000000","request_id":"6c2e9c63-e885-4710-8a1b-ebf27cc96b3e","event":"response_success","endpoint":"/api/trips","http_code":200,"latency_ms":1,"cache_hit":false,"cache_miss":false,"data_count":26}
{"timestamp":"2026-02-14 01:40:31.000000","request_id":"57bbe070-d4ed-4c8c-b2ac-35cf22bfef49","event":"request_start","endpoint":"/api/trips","method":"GET","ip_address":"127.0.0.1","user_id":null}
{"timestamp":"2026-02-14 01:40:31.000000","request_id":"57bbe070-d4ed-4c8c-b2ac-35cf22bfef49","event":"response_success","endpoint":"/api/trips","http_code":200,"latency_ms":3,"cache_hit":false,"cache_miss":false,"data_count":null}
{"timestamp":"2026-02-14 01:40:31.000000","request_id":"d6058706-5c94-4abd-aab5-82d74566d210","event":"request_start","endpoint":"/api/trips","method":"GET","ip_address":"127.0.0.1","user_id":null}
{"timestamp":"2026-02-14 01:40:31.000000","request_id":"d6058706-5c94-4abd-aab5-82d74566d210","event":"response_success","endpoint":"/api/trips","http_code":200,"latency_ms":1,"cache_hit":false,"cache_miss":false,"data_count":null}
{"timestamp":"2026-02-14 01:40:38.000000","request_id":"b4ab2488-f602-429d-8635-4c2cfb038925","event":"request_start","endpoint":"/api/trips","method":"GET","ip_address":"127.0.0.1","user_id":null}
{"timestamp":"2026-02-14 01:40:38.000000","request_id":"b4ab2488-f602-429d-8635-4c2cfb038925","event":"response_success","endpoint":"/api/trips","http_code":200,"latency_ms":1,"cache_hit":false,"cache_miss":false,"data_count":26}
{"timestamp":"2026-02-14 01:40:38.000000","request_id":"134aba2a-ab65-49f5-94a7-1941fca173d0","event":"request_start","endpoint":"/api/trips","method":"GET","ip_address":"127.0.0.1","user_id":null}
{"timestamp":"2026-02-14 01:40:38.000000","request_id":"134aba2a-ab65-49f5-94a7-1941fca173d0","event":"response_success","endpoint":"/api/trips","http_code":200,"latency_ms":1,"cache_hit":false,"cache_miss":false,"data_count":26}
{"timestamp":"2026-02-14 01:40:51.000000","request_id":"e3996053-f486-4776-9042-dd3d9788ac33","event":"request_start","endpoint":"/api/trips","method":"GET","ip_address":"127.0.0.1","user_id":null}
{"timestamp":"2026-02-14 01:40:51.000000","request_id":"e3996053-f486-4776-9042-dd3d9788ac33","event":"response_success","endpoint":"/api/trips","http_code":200,"latency_ms":2,"cache_hit":false,"cache_miss":false,"data_count":null}
{"timestamp":"2026-02-14 01:40:51.000000","request_id":"e030ce97-ccb1-4402-86d5-00ec6a4a9bd9","event":"request_start","endpoint":"/api/trips","method":"GET","ip_address":"127.0.0.1","user_id":null}
{"timestamp":"2026-02-14 01:40:51.000000","request_id":"e030ce97-ccb1-4402-86d5-00ec6a4a9bd9","event":"response_success","endpoint":"/api/trips","http_code":200,"latency_ms":1,"cache_hit":false,"cache_miss":false,"data_count":null}
{"timestamp":"2026-02-14 01:41:31.000000","request_id":"95b50c07-fa61-4861-bc22-40a485e2211e","event":"request_start","endpoint":"/api/trips","method":"GET","ip_address":"127.0.0.1","user_id":null}
{"timestamp":"2026-02-14 01:41:31.000000","request_id":"95b50c07-fa61-4861-bc22-40a485e2211e","event":"response_success","endpoint":"/api/trips","http_code":200,"latency_ms":2,"cache_hit":false,"cache_miss":false,"data_count":26}
{"timestamp":"2026-02-14 01:41:31.000000","request_id":"3a629c84-5511-4193-9286-26214914231e","event":"request_start","endpoint":"/api/trips","method":"GET","ip_address":"127.0.0.1","user_id":null}
{"timestamp":"2026-02-14 01:41:31.000000","request_id":"3a629c84-5511-4193-9286-26214914231e","event":"response_success","endpoint":"/api/trips","http_code":200,"latency_ms":2,"cache_hit":false,"cache_miss":false,"data_count":26}
